ts,request_id,source_row,total_latency_ms,model_latency_ms,ollama_total_ms,service_overhead_ms,queue_residual_ms,load_ms,prompt_eval_ms,eval_ms,ollama_other_ms,prompt_eval_count,eval_count,prompt_eval_tps,eval_tps,num_ctx,ctx_ratio,ctx_truncation_suspect
2026-10-09T00:33:05.075Z,68cb5702-8435-420f-b205-53d5008e269a,10000,1077.2,878.3,870.540253,198.9000000000001,7.7597469999999475,1.041301,722.122,145.731,1.6459520000000794,244,3,337.8930430038137,20.585873973279536,4096,0.0595703125,False
2026-10-09T00:33:35.920Z,ab32cb82-f4c4-45d2-87f9-fcda5b1cedbb,10001,1372.3,1211.3,1203.007264,161.0,8.292735999999877,1.049111,968.11,224.204,9.64415299999996,289,4,298.519796304139,17.84089489928815,4096,0.070556640625,False
2026-10-09T00:33:38.704Z,bf3e7d91-64e6-4efe-adfa-0b775093832b,10002,2678.9,1680.9,1672.604092,998.0,8.295908000000054,1.061461,1360.472,296.369,14.701630999999907,366,5,269.0242798087723,16.870860312650784,4096,0.08935546875,False
2026-10-09T00:33:53.176Z,6a9640cd-3df3-4360-b69c-be0ed9f701b0,10003,1493.3,1328.5,1314.696749,164.79999999999995,13.803251000000046,1.027751,1154.656,146.657,12.355998,318,3,275.4067012166394,20.45589368390189,4096,0.07763671875,False
2026-10-09T00:33:57.595Z,fd6fa07e-f140-48af-9dc8-de71d92b7687,10004,1754.0,1562.9,1555.269482,191.0999999999999,7.630518000000166,1.460655,1252.128,291.065,10.615826999999854,345,5,275.5309361343249,17.17829350832288,4096,0.084228515625,False
2026-10-09T00:34:01.346Z,6dc396ed-0f44-493f-a1ce-33e31ba4b367,10005,2286.0,2120.8,2113.156941,165.19999999999982,7.643058999999994,1.01049,1805.981,294.036,12.129451000000245,448,5,248.06462526460686,17.00472051041369,4096,0.109375,False
2026-10-09T00:34:24.021Z,54fe430e-25f9-41e3-aaa3-7286657636c3,10006,725.8,543.4,536.292733,182.39999999999998,7.107266999999979,0.982291,368.869,146.432,20.009442000000035,176,3,477.1341587392814,20.487325174825173,4096,0.04296875,False
2026-10-09T00:34:27.948Z,0f296d25-a482-4f4e-bdec-4ab7aaacc7fa,10007,1184.6,987.8,980.820086,196.79999999999995,6.979914000000008,0.900649,689.461,288.811,1.6474369999998544,238,5,345.1971902689202,17.312359986288612,4096,0.05810546875,False
2026-10-09T00:34:32.391Z,5100cee0-b580-449c-99e2-f74e3bd0e3aa,10008,1041.9,693.9,686.934655,348.0000000000001,6.965344999999957,1.046531,530.763,147.94,7.185124000000087,210,3,395.6568185800442,20.27849128024875,4096,0.05126953125,False
2026-10-09T00:34:33.025Z,8e9ad365-ca66-4de2-9dc9-db2f1fcf63ca,10009,1155.7,961.4,929.49151,194.30000000000007,31.90849000000003,4.419466,492.4,292.301,140.37104399999998,199,5,404.14297319252637,17.105654787359608,4096,0.048583984375,False
2026-10-09T00:34:42.195Z,e5f4e119-cee7-414a-abe2-b8c6c3d4f0dc,10010,2013.6,1828.1,1820.553355,185.5,7.546644999999899,0.91367,1597.422,220.427,1.7906850000001668,391,4,244.76938467105126,18.146597286176373,4096,0.095458984375,False
2026-10-09T00:34:42.895Z,c7edad85-2567-480f-abee-3fb630399e33,10011,1895.5,1721.6,1708.717067,173.9000000000001,12.882932999999866,1.794329,400.6,293.115,1013.2077380000001,182,5,454.318522216675,17.05815123756887,4096,0.04443359375,False
2026-10-09T00:34:46.927Z,0153f51a-253b-4005-a750-613d1d898789,10012,2829.3,2367.2,2359.017528,462.10000000000036,8.182471999999962,1.026901,2206.218,149.425,2.3476269999996475,519,3,235.24420524173044,20.07696168646478,4096,0.126708984375,False
2026-10-09T00:34:47.313Z,ced34ed6-9c32-49d5-902b-dd19e60436b1,10013,2098.2,1929.0,1916.211763,169.19999999999982,12.788236999999981,1.484636,370.44,292.113,1252.174127,176,5,475.11067919231186,17.116663756833827,4096,0.04296875,False
2026-10-09T00:34:49.581Z,7a4e5dfe-fa26-4550-85e2-9010f420524b,10014,1491.9,1319.1,1311.615229,172.80000000000018,7.48477099999991,1.061051,1162.611,146.148,1.795178000000078,325,3,279.54320060622166,20.52713687494868,4096,0.079345703125,False
2026-10-09T00:34:52.407Z,5df30287-c675-41a7-ba85-552f5425565d,10015,3444.7,3268.1,3247.423486,176.5999999999999,20.67651399999977,1.526126,2509.622,297.511,438.7643600000001,574,5,228.71970360476598,16.806101287011234,4096,0.14013671875,False
2026-10-09T00:34:53.174Z,bf79c65e-555e-4fed-8bfc-e5505c3d5a92,10016,2451.5,2272.9,2260.456887,178.5999999999999,12.443113000000267,1.476245,600.15,146.471,1512.359642,220,3,366.57502291093897,20.48187013128879,4096,0.0537109375,False
2026-10-09T00:34:59.568Z,faf3b4bf-2900-42d5-90ed-add644d16c53,10017,974.6,823.0,815.89163,151.60000000000002,7.108370000000036,1.025871,521.640999,291.617,1.6077599999999848,205,5,392.9905823986047,17.145776823710552,4096,0.050048828125,False
2026-10-09T00:35:01.369Z,cc7aad8d-6eb6-46f7-8871-8251a76ff85c,10018,835.4,630.6,623.40372,204.79999999999995,7.196280000000002,0.98335,404.091,216.661,1.6683700000000954,183,4,452.8682895684388,18.462021314403607,4096,0.044677734375,False
2026-10-09T00:35:02.077Z,16b61b1d-4a3a-4bf4-beda-af4c9e269e76,10019,956.2,780.3,753.498118,175.9000000000001,26.801881999999978,4.737189,591.491,144.99,12.279929000000038,218,3,368.56013024712126,20.69108214359611,4096,0.05322265625,False
2026-10-09T00:35:11.731Z,2e827193-ef3e-4065-ad0e-cd03dfc5c7c0,10020,2429.8,2206.1,2198.272993,223.70000000000027,7.827006999999867,1.693007,1973.867,220.619,2.093985999999859,478,4,242.16423902927602,18.130804690439174,4096,0.11669921875,False
2026-10-09T00:35:13.740Z,1e568814-9448-4ee0-8aeb-94b64e3ba553,10021,3445.0,3268.2,3255.421451,176.80000000000018,12.778548999999657,1.418595,1735.56,299.804,1218.638856,434,5,250.0633801193851,16.67756267428053,4096,0.10595703125,False
2026-10-09T00:35:17.475Z,24dd8a61-3329-4622-8c0e-a90489e0b4d9,10022,934.9,754.3,746.539215,180.60000000000002,7.760784999999942,1.039591,441.137,289.629,14.733623999999963,188,5,426.1714614734198,17.263464639245377,4096,0.0458984375,False
2026-10-09T00:35:19.351Z,679049d4-a624-491d-9068-18992004b73f,10023,1018.0,843.3,827.930494,174.70000000000005,15.369506000000001,1.753078,676.904,147.67,1.6034160000000384,238,3,351.6008178412301,20.315568497325117,4096,0.05810546875,False
2026-10-09T00:35:20.193Z,aa2bb4a1-7030-47b7-865c-2f7e9b0b26c8,10024,1690.1,1535.3,1523.005781,154.79999999999995,12.294218999999885,1.420195,567.449,289.363,664.773586,215,5,378.8886754580588,17.279334261809563,4096,0.052490234375,False
2026-10-09T00:35:20.743Z,3ab49cc0-66b9-4bad-ad7f-31e754720f05,10025,2145.0,1952.3,1940.098166,192.70000000000005,12.201833999999963,1.438775,366.142,144.531,1427.986391,177,3,483.41900137105273,20.756792660398116,4096,0.043212890625,False
2026-10-09T00:35:21.510Z,52b51200-19d7-44ec-a854-667259dfaede,10026,1415.0,1250.8,1238.866434,164.20000000000005,11.933565999999928,1.594637,506.436,287.091,443.74479700000006,202,5,398.8657994297404,17.416080615553955,4096,0.04931640625,False
2026-10-09T00:35:25.506Z,0b32db4b-a116-4b9d-bd91-ddb53eb1faf2,10027,1382.9,1183.7,1176.141159,199.20000000000005,7.5588410000000295,1.065701,882.004,290.812,2.259457999999995,275,5,311.7899692064889,17.19323824326369,4096,0.067138671875,False
2026-10-09T00:35:27.612Z,3753b6a1-191d-4ed5-90d6-25e44476a3ce,10028,1016.7,864.0,856.409091,152.70000000000005,7.590909000000011,1.01963,626.477,218.32,10.592460999999957,229,4,365.53616493502557,18.32172957127153,4096,0.055908203125,False
2026-10-09T00:35:28.829Z,d0fdcbe7-86ba-497a-ae4f-9826aa756d08,10029,2098.3,1746.1,1734.289956,352.2000000000003,11.810043999999834,1.421715,783.785,225.114,723.9692410000001,254,4,324.06846265238556,17.768774931812324,4096,0.06201171875,False
2026-10-09T00:35:29.980Z,db33cc47-2e89-4062-918b-c01a3aec03ad,10030,1582.1,1390.1,1364.436515,192.0,25.66348499999981,4.507378,1011.911,289.53,58.48813700000005,291,5,287.5746977748043,17.26936759575864,4096,0.071044921875,False
2026-10-09T00:35:32.122Z,485479c5-3bd1-45d3-88a6-348cc0bac6e7,10031,1512.9,1339.8,1331.770252,173.10000000000014,8.029747999999927,1.03003,1170.486,150.458,9.796221999999943,329,3,281.0798249615972,19.939119222640205,4096,0.080322265625,False
2026-10-09T00:35:34.431Z,923dff51-1546-4ef0-a4f1-26e24898af3a,10032,2575.1,2251.7,2189.81659,323.4000000000001,61.88340999999991,7.170755,1992.334,151.515,38.796834999999646,476,3,238.91576412388685,19.800019800019797,4096,0.1162109375,False
2026-10-09T00:35:40.792Z,aa0e0fd0-2bb0-4960-ad08-1e214813c8ec,10033,2524.7,2061.9,2054.146382,462.7999999999997,7.753618000000188,1.00594,1740.083,297.928,15.129441999999926,421,5,241.94248205401695,16.782578341075695,4096,0.102783203125,False
2026-10-09T00:35:42.943Z,2cfc8505-ee9d-41d8-bc0f-7c85ab1c3c0a,10034,1841.3,1680.5,1672.464618,160.79999999999995,8.035382000000027,0.9985,1511.747,145.559,14.160118000000011,388,3,256.65670247733254,20.610199300627237,4096,0.0947265625,False
2026-10-09T00:35:43.410Z,daf49804-9642-4722-b73f-354af36c205c,10035,1904.7,1772.5,1760.717379,132.20000000000005,11.782621000000063,1.349164,337.895,144.103,1277.370215,168,3,497.1958744580417,20.818442364142314,4096,0.041015625,False
2026-10-09T00:35:54.389Z,fa1badde-d286-4cc1-b09d-5501b74b6ac2,10036,2339.3,2055.9,2047.893184,283.4000000000001,8.006816000000072,1.084131,1820.293,224.285,2.2310529999999744,445,4,244.46613814369445,17.834451702075484,4096,0.108642578125,False
2026-10-09T00:35:55.723Z,f328c634-749a-41ba-b6f5-2dca4621353f,10037,3540.5,3363.8,3344.838131,176.69999999999982,18.961869000000206,1.454215,1201.652,217.938,1923.793916,329,4,273.7897494449308,18.353843753728125,4096,0.080322265625,False
2026-10-09T00:35:56.740Z,148c2b93-2706-4895-a7a7-d44c67fa708c,10038,3251.8,3093.0,3079.664693,158.80000000000018,13.33530699999983,1.444155,876.297,147.043,2054.8805380000003,274,3,312.6793769692239,20.40219527621172,4096,0.06689453125,False
2026-10-09T00:35:58.341Z,4e279d4d-c73e-4c4e-bdd4-c82a774d4ded,10039,3849.4,3665.0,3652.289429,184.4000000000001,12.710571000000073,1.428405,1272.184,291.884,2086.7930239999996,347,5,272.7592863925344,17.13009277658248,4096,0.084716796875,False
2026-10-09T00:35:59.799Z,2be84e47-6231-45ca-99ed-c676535ed161,10040,1883.6,1674.1,1643.304271,209.5,30.795728999999938,5.7927,1270.746,146.416,220.34957099999997,347,3,273.0679459152341,20.48956398207846,4096,0.084716796875,False
2026-10-09T00:36:01.750Z,a680e0ec-8980-4d64-974e-bdc5a2e61564,10041,1035.5,859.5,852.382376,176.0,7.117623999999978,0.984031,695.278,144.127,11.99334500000009,237,3,340.87084590624187,20.81497568117008,4096,0.057861328125,False
2026-10-09T00:36:07.686Z,0cd2c885-d77e-495a-a7f9-fb5db08130ef,10042,1159.5,961.4,954.048956,198.10000000000002,7.351044000000002,1.232823,656.135,290.037,6.644132999999897,229,5,349.01354142059176,17.23917982878047,4096,0.055908203125,False
2026-10-09T00:36:11.562Z,f89a1b00-4b24-4ebe-b2d5-ea75154d44b7,10043,2040.4,1857.7,1850.138897,182.70000000000005,7.561103000000003,1.00819,1547.171,290.294,11.665706999999884,401,5,259.18272770107507,17.22391782124329,4096,0.097900390625,False
2026-10-09T00:36:14.071Z,0b14d560-ebae-48d0-a256-0f41172d49d6,10044,1053.2,702.4,695.053043,350.80000000000007,7.346956999999975,1.087461,536.155999,144.479,13.330583000000047,204,3,380.4862770919029,20.764263318544565,4096,0.0498046875,False
2026-10-09T00:36:15.647Z,0101e748-fe1f-410c-b69a-fb126dd405eb,10045,1556.7,1415.3,1407.808621,141.4000000000001,7.491379000000052,1.039571,1185.996,218.723,2.0500499999998283,314,4,264.7563735459479,18.287971543916278,4096,0.07666015625,False
2026-10-09T00:36:16.856Z,2fb91efc-35d5-4e8a-a8fe-a37f380f17f6,10046,2689.9,2508.3,2482.93608,181.5999999999999,25.363920000000235,1.614687,1007.204,147.033,1327.084393,297,3,294.8757153466428,20.403582869151823,4096,0.072509765625,False
2026-10-09T00:36:17.548Z,47fd29f7-74f9-4356-a157-c47a7b049da9,10047,869.4,682.4,674.784021,187.0,7.615978999999925,0.94524,520.197,142.845,10.79678100000001,201,3,386.3920783856885,21.0017851517379,4096,0.049072265625,False
2026-10-09T00:36:21.191Z,83dceca9-126c-4460-80ae-b465701943b6,10048,2205.9,2030.4,2022.508375,175.5,7.891625000000204,0.9758,1728.652,290.68,2.2005749999998443,434,5,251.06267773964916,17.201045823586075,4096,0.10595703125,False
2026-10-09T00:36:22.300Z,287eae2a-db07-4108-8b96-359dd8a5a982,10049,1758.6,1593.0,1580.777865,165.5999999999999,12.22213499999998,1.444935,814.477,289.52,475.3359300000002,259,5,317.9954743964532,17.269964078474718,4096,0.063232421875,False
2026-10-09T00:36:27.151Z,3be1e2be-fc9c-4a86-90dd-7f789f10f678,10050,1564.6,1351.6,1343.872292,213.0,7.727707999999893,1.679697,1111.841,221.296,9.05559500000004,319,4,286.91152781737674,18.075338008820765,4096,0.077880859375,False
2026-10-09T00:36:29.019Z,38f95007-b99e-429e-af41-abe47a59b3a3,10051,1415.1,1225.8,1218.546984,189.29999999999995,7.253015999999889,1.179622,987.082,218.532,11.753362000000152,293,4,296.83450817662566,18.30395548478026,4096,0.071533203125,False
2026-10-09T00:36:31.970Z,4007758f-3c8f-4a9b-9197-f75c047e1fd7,10052,1809.8,1639.1,1631.637965,170.70000000000005,7.462035000000014,1.065492,1401.206,218.4,10.96647299999995,371,4,264.77191790500467,18.315018315018314,4096,0.090576171875,False
2026-10-09T00:36:35.130Z,2382e3f4-38d4-482c-8364-9b8dbde2ddeb,10053,995.8,803.0,795.386118,192.79999999999995,7.61388199999999,1.097231,483.447,298.876,11.965886999999952,195,5,403.35341826508386,16.72934594949076,4096,0.047607421875,False
2026-10-09T00:36:41.348Z,a293e2ce-4582-45b8-bedc-036bda478e77,10054,1300.1,1141.9,1134.529136,158.19999999999982,7.370863999999983,1.034271,841.422,290.532,1.5408650000001671,266,5,316.1315011967835,17.209808213897265,4096,0.06494140625,False
2026-10-09T00:36:43.825Z,0e3069a6-79ce-4809-99b0-a29712c1d88d,10055,1952.2,1782.1,1773.638194,170.10000000000014,8.461805999999797,1.007051,1538.426,223.483,10.722143000000187,394,4,256.10591604666064,17.89845312618857,4096,0.09619140625,False
2026-10-09T00:36:45.150Z,177a009e-179a-4113-bc87-dd7d10de50ab,10056,1285.9,1087.7,1073.442799,198.20000000000005,14.257201000000123,0.95914,763.343,290.841,18.299658999999792,245,5,320.95663417362834,17.19152389106075,4096,0.059814453125,False
2026-10-09T00:36:47.017Z,7185ef86-a6cd-440d-9b82-68d1ef189b6f,10057,1177.8,1000.4,993.027989,177.39999999999998,7.3720109999999295,1.043181,691.661,291.506,8.817808000000127,240,5,346.99079462337767,17.15230561292049,4096,0.05859375,False
2026-10-09T00:36:55.730Z,da585f0a-b3e3-47fd-ab31-ecf137f6fbaf,10058,1220.6,1018.9,1011.35809,201.69999999999993,7.54191000000003,1.061821,710.116,291.005,9.175268999999957,242,5,340.7893921556478,17.181835363653544,4096,0.05908203125,False
2026-10-09T00:36:57.221Z,b065b5af-d367-4b1e-93ae-a941c15b1074,10059,2256.5,2089.1,2077.218629,167.4000000000001,11.881370999999945,2.376884,1369.584,146.22,559.0377449999999,367,3,267.9645790254559,20.51702913418137,4096,0.089599609375,False
2026-10-09T00:37:04.291Z,d4d404df-4bd4-4891-aba6-a110707ada2f,10060,2352.0,2150.9,2143.023544,201.0999999999999,7.876455999999962,1.007571,1904.219,225.35,12.446973000000071,466,4,244.7197512470992,17.750166407810074,4096,0.11376953125,False
2026-10-09T00:37:05.382Z,f866e5ad-4932-49f3-8d20-5dfab3b7e0eb,10061,1738.4,1562.9,1549.396882,175.5,13.503118000000086,1.457275,956.566,144.645,446.728607,285,3,297.9407589230644,20.74043347505963,4096,0.069580078125,False
2026-10-09T00:37:10.318Z,078e8901-f13f-455f-a58e-e3431bc4a933,10062,1604.7,1425.6,1417.93615,179.10000000000014,7.663849999999911,1.080161,1106.451,300.541,9.863988999999947,316,5,285.5978258413612,16.636665213731238,4096,0.0771484375,False
2026-10-09T00:37:11.735Z,be692d4e-3ed7-43ab-8659-c00658a61cb1,10063,1774.3,1588.5,1535.296814,185.79999999999995,53.20318599999996,4.179223,1180.588,218.788,131.74159099999997,334,4,282.90987202986986,18.282538347624183,4096,0.08154296875,False
2026-10-09T00:37:13.029Z,f4fbeb2d-16b5-43d2-a025-7f07fe2a7467,10064,1327.7,1109.3,1101.570289,218.4000000000001,7.729710999999952,1.512725,941.759,146.204,12.094563999999991,281,3,298.3778227763154,20.519274438455856,4096,0.068603515625,False
2026-10-09T00:37:17.354Z,b6b3239e-4db0-4b63-b14a-dfefb1b57ec9,10065,1782.8,1603.1,1595.884575,179.70000000000005,7.215424999999868,1.100571,1288.965,291.955,13.86400400000025,354,5,274.6389545100139,17.12592694079567,4096,0.08642578125,False
2026-10-09T00:37:19.254Z,3638d417-416d-4888-987f-54606da3ac0f,10066,1814.1,1635.0,1627.372844,179.0999999999999,7.627156000000014,1.175343,1467.285,146.818,12.09450099999981,382,3,260.344786459345,20.433461837104442,4096,0.09326171875,False
2026-10-09T00:37:23.189Z,c2756cdb-3f8c-48cb-ac69-4a0977a7cf68,10067,1546.0,1379.7,1371.933179,166.29999999999995,7.766820999999936,1.062191,1204.781,147.399,18.69098800000029,331,3,274.7387284494028,20.352919626320396,4096,0.080810546875,False
2026-10-09T00:37:24.181Z,c852434a-f352-4008-bf36-8c6c792e5afe,10068,2036.3,1861.7,1849.478149,174.5999999999999,12.221851000000015,1.811469,821.814,146.404,879.4486800000001,266,3,323.67421338648404,20.491243408650035,4096,0.06494140625,False
2026-10-09T00:37:29.408Z,4dd07f2a-35c5-4a2c-a76f-ccd22181527b,10069,772.6,602.5,595.129047,170.10000000000002,7.370952999999986,0.96187,367.033,217.92,9.214177000000063,176,4,479.5209150130915,18.355359765051396,4096,0.04296875,False
2026-10-09T00:37:35.102Z,d93703ce-5e21-4947-9230-a605ac2a5743,10070,2451.8,2262.7,2255.035867,189.10000000000036,7.664132999999765,1.103232,1940.183,312.008,1.741635000000315,466,5,240.18352907947343,16.025230122304556,4096,0.11376953125,False
2026-10-09T00:37:39.345Z,15099acd-d419-4c57-8c70-2ac7ae6b7297,10071,1651.9,1473.4,1466.131939,178.5,7.268060999999989,1.026261,1296.162,148.137,20.806678000000147,355,3,273.8855173967452,20.251523927175523,4096,0.086669921875,False
2026-10-09T00:37:40.656Z,b5f5da32-e50c-47f3-b083-82a1ef9ae2f8,10072,2426.2,2101.7,2089.742672,324.5,11.957327999999961,1.407895,1012.934,148.705,926.6957769999999,297,3,293.20765222610754,20.17417033724488,4096,0.072509765625,False
2026-10-09T00:37:43.897Z,e671529d-f886-45d3-8453-780ab63e3b0e,10073,1204.9,1028.2,1021.008667,176.70000000000005,7.1913330000001,1.090991,862.633,145.979,11.305675999999835,268,3,310.67673042881506,20.550901157015737,4096,0.0654296875,False
2026-10-09T00:37:45.564Z,74ca4ec7-341b-4a6f-b4cf-b1062b3d8da2,10074,849.9,683.6,676.810068,166.29999999999995,6.789932000000022,1.014941,378.466,287.961,9.368126999999959,175,5,462.39292301025716,17.363462413312913,4096,0.042724609375,False
2026-10-09T00:37:48.241Z,d17a45c0-c1fd-4f10-9c5e-b8a39173f464,10075,2544.7,2117.1,2109.370686,427.5999999999999,7.729313999999704,1.048591,1960.311,146.011,2.0000950000003286,473,3,241.2882445693566,20.546397189252865,4096,0.115478515625,False
2026-10-09T00:37:49.199Z,403146ec-c118-4265-94f1-63418ff2abf8,10076,1126.3,941.8,934.374273,184.5,7.425726999999938,1.604867,616.988,297.45,18.3314059999999,227,5,367.9163938358607,16.80954782316356,4096,0.055419921875,False
2026-10-09T00:37:50.116Z,35f7dc11-2db5-43cd-9127-21d5351fc828,10077,1389.9,1207.6,1156.61292,182.30000000000018,50.98707999999988,4.80768,694.492,218.385,238.92824000000007,237,4,341.25663074592654,18.316276301028,4096,0.057861328125,False
2026-10-09T00:37:51.067Z,227de460-34e8-4d25-a692-eb136cd72e55,10078,1389.3,1223.9,1211.545833,165.39999999999986,12.354167000000189,1.481165,670.632,290.147,249.285668,238,5,354.8891195171122,17.23264414245193,4096,0.05810546875,False
2026-10-09T00:37:52.217Z,0f30bf8e-bf44-478d-8db0-e0eb6c00e4cb,10079,1403.1,1053.4,1025.21353,349.6999999999998,28.1864700000001,3.987242,665.242,289.139,66.84528799999998,233,5,350.24848100390534,17.292720802105563,4096,0.056884765625,False
2026-10-09T00:37:54.351Z,60a12efc-85d5-48e5-843f-a78cc5f4640f,10080,1139.8,809.2,801.078713,330.5999999999999,8.121287000000052,1.080151,646.863,146.759,6.376561999999922,236,3,364.8376858778443,20.44167649002787,4096,0.0576171875,False
2026-10-09T00:37:55.451Z,c3535a2a-897d-4305-8069-0bc2ad65ef2b,10081,2196.1,2021.0,2009.376502,175.0999999999999,11.623497999999927,2.166552,1026.891,220.915,759.4039500000001,300,4,292.14395685618047,18.106511554217686,4096,0.0732421875,False
2026-10-09T00:38:01.020Z,0d897eb0-8d3f-4257-8a6d-fdef779ac62b,10082,1101.9,922.0,914.483605,179.9000000000001,7.516394999999989,1.056111,679.551,218.176,15.700494000000049,236,4,347.28813584263725,18.333822235259607,4096,0.0576171875,False
2026-10-09T00:38:03.321Z,502cea83-cf05-4d1d-9f9d-a59488ccdf8f,10083,1209.6,1022.1,1014.638329,187.4999999999999,7.461671000000024,1.088111,859.37,146.067,8.11321799999996,267,3,310.6927167576248,20.538519994249214,4096,0.065185546875,False
2026-10-09T00:38:04.105Z,646b2c5f-30eb-4864-b302-0f2eb5b0c11e,10084,1071.0,754.5,724.421383,316.5,30.07861700000001,3.87865,352.599,288.184,79.75973299999998,170,5,482.1340956724211,17.350026372040087,4096,0.04150390625,False
2026-10-09T00:38:06.456Z,e7515eaa-ba6c-40b9-a579-795539119afd,10085,1840.9,1674.4,1666.502255,166.5,7.897744999999986,0.9918,1517.855,145.845,1.8104550000000472,387,3,254.96506583303412,20.569782988789466,4096,0.094482421875,False
2026-10-09T00:38:07.998Z,59248121-8437-4606-be9f-3cda25ef8654,10086,2451.0,2250.0,2226.900968,201.0,23.09903200000008,1.666427,1196.983,292.655,735.5965409999999,335,5,279.87030726418004,17.084963523602877,4096,0.081787109375,False
2026-10-09T00:38:09.190Z,c6c403a6-d1a7-43bc-ac04-af269cef020f,10087,851.8,668.8,660.970381,183.0,7.82961899999998,1.094471,501.177,147.531,11.167910000000006,201,3,401.05591437755527,20.334709315330336,4096,0.049072265625,False
2026-10-09T00:38:09.774Z,011998ec-cdee-4401-9411-22b731a4fbf9,10088,1196.4,1023.4,1011.443046,173.0000000000001,11.956953999999996,1.514626,354.261,237.627,418.0404199999999,166,4,468.58107440559365,16.833103982291576,4096,0.04052734375,False
2026-10-09T00:38:10.599Z,ec311bc4-2890-4a65-9b37-27b466c25fad,10089,1488.3,1319.6,1307.429561,168.70000000000005,12.170438999999988,1.734118,681.796,145.411,478.48844299999996,238,3,349.0780233383593,20.63117645845225,4096,0.05810546875,False
2026-10-09T00:38:11.649Z,0d6f0a17-e734-4a58-844a-b7ef2ef7d18e,10090,2274.5,2102.1,2066.568706,172.4000000000001,35.53129399999989,4.711059,891.019,146.437,1024.4016470000001,275,3,308.6353938580434,20.486625647889536,4096,0.067138671875,False
2026-10-09T00:38:13.950Z,513761d2-f1d8-47a8-b99a-fa82a775ef6b,10091,1416.2,1237.3,1229.286436,178.9000000000001,8.01356399999986,1.060171,1067.540999,146.834,13.851265999999896,307,3,287.57677718005846,20.431235272484574,4096,0.074951171875,False
2026-10-09T00:38:16.943Z,a8b6694b-132a-4a1f-af69-d5ca8411e85c,10092,1781.8,1609.5,1601.734709,172.29999999999995,7.765290999999934,1.049811,1447.445,145.12,8.119898000000148,376,3,259.7680740891709,20.67254685777288,4096,0.091796875,False
2026-10-09T00:38:19.327Z,61e4f761-6d64-43c5-8ba8-54a18a98b251,10093,3479.6,2807.8,2795.401684,671.7999999999997,12.39831600000025,1.388165,1720.069,151.584,922.3605189999998,425,3,247.08311120077158,19.791006966434452,4096,0.103759765625,False
2026-10-09T00:38:21.145Z,6d40239f-5d2f-466f-879d-121d54d1820a,10094,4295.8,4151.4,4131.433302,144.40000000000055,19.96669799999927,1.399475,2028.986,294.49,1806.5578270000005,489,5,241.00708432685093,16.978505212401103,4096,0.119384765625,False
2026-10-09T00:38:23.087Z,8c3fb77c-0261-4259-b6b0-997751cf0496,10095,5863.3,5718.7,5706.230359,144.60000000000036,12.469640999999683,1.555826,1627.545,293.084,3784.045533,415,5,254.98526922450685,17.059955507636037,4096,0.101318359375,False
2026-10-09T00:38:24.429Z,71e58080-dcb2-410d-8feb-2fc9ff6e5e31,10096,1308.4,1133.7,1125.992658,174.70000000000005,7.707342000000153,1.072551,962.187,148.605,14.128107,284,3,295.160919862771,20.18774603815484,4096,0.0693359375,False
2026-10-09T00:38:27.205Z,88829db3-6c0d-4cc7-8a62-25cc25abede3,10097,3815.6,3666.1,3652.983061,149.5,13.116939000000002,1.432035,2640.417,149.11,862.024026,596,3,225.7219219539944,20.119374958084638,4096,0.1455078125,False
2026-10-09T00:38:28.606Z,bbc304de-cf24-4dce-be4d-98fabc84bf8d,10098,2799.6,2645.2,2633.126579,154.4000000000001,12.073420999999598,1.288993,1226.071,145.86,1259.9065860000005,334,3,272.4148927753776,20.567667626491158,4096,0.08154296875,False
2026-10-09T00:38:30.031Z,2d15b5da-bab2-45d5-a898-5176d27deee3,10099,4024.0,3825.2,3809.426312,198.80000000000018,15.773687999999765,1.563136,1219.727,146.706,2441.430176,344,3,282.0303231788753,20.449061388082285,4096,0.083984375,False
2026-10-09T00:38:30.698Z,12731e94-70a7-4aae-953f-ae17adde14fb,10100,2618.2,2446.9,2435.003935,171.29999999999973,11.896064999999908,2.365315,535.625,146.452,1750.5616200000002,203,3,378.9964994165694,20.484527353672192,4096,0.049560546875,False
2026-10-09T00:38:31.640Z,9cb18e2c-ca3f-4c14-9193-d7352e84e9eb,10101,1690.9,1516.3,1504.556234,174.60000000000014,11.74376600000005,1.605107,642.322,294.44,566.1891269999999,230,5,358.0758560348237,16.98138839831545,4096,0.05615234375,False
2026-10-09T00:38:35.208Z,5d4647d5-12c2-48ed-9346-bc68ff7a4751,10102,1528.9,1366.7,1359.237419,162.20000000000005,7.462581,1.036531,1061.099999,291.253,5.847889000000123,306,5,288.3799833082461,17.16720514466804,4096,0.07470703125,False
2026-10-09T00:38:35.875Z,3ee6bdc4-84b7-496c-8dbf-aca08472ae6e,10103,892.4,720.6,695.207327,171.79999999999995,25.39267300000006,4.382436,356.36,286.67,47.79489099999989,172,5,482.6579863059827,17.441657655143548,4096,0.0419921875,False
2026-10-09T00:38:36.876Z,a62449f3-f0b5-4dba-bc73-7d66d92c3c6d,10104,851.2,678.4,671.018475,172.80000000000007,7.3815250000000106,0.99604,524.724,143.775,1.5234349999999495,203,3,386.87004977855025,20.865936358894107,4096,0.049560546875,False
2026-10-09T00:38:38.184Z,e853c9cb-8fc9-4a81-8134-6ee3416a4ff7,10105,2035.5,1868.9,1856.873416,166.5999999999999,12.026584000000184,1.497116,1019.906,293.419,542.0513000000001,297,5,291.2033069714268,17.04047795132558,4096,0.072509765625,False
2026-10-09T00:38:40.660Z,1260b94d-f16b-418d-b934-b351afceed11,10106,2686.0,2501.5,2474.863667,184.5,26.636332999999922,3.92279,2148.548,298.4,23.992877000000135,507,5,235.9733177941568,16.75603217158177,4096,0.123779296875,False
2026-10-09T00:38:43.837Z,e2596fd7-a987-490e-952e-1101d1a96704,10107,2048.3,1882.1,1873.589999,166.20000000000027,8.510000999999875,1.068611,1707.11,145.758,19.653388000000177,426,3,249.54455190350944,20.582060675914875,4096,0.10400390625,False
2026-10-09T00:38:45.037Z,32177e25-2f15-432c-96f8-a3545f753fdc,10108,2983.3,2813.9,2788.82996,169.4000000000001,25.070040000000063,1.606997,897.309,290.151,1599.7629630000001,274,5,305.3574632595906,17.232406574507756,4096,0.06689453125,False
2026-10-09T00:38:46.371Z,18c1f8e0-3d14-4fa5-85ff-8a7c170ccc58,10109,3987.1,3809.3,3796.779206,177.79999999999973,12.520794000000024,1.432385,1021.228,292.978,2481.140821,294,5,287.88869870391335,17.066127832123914,4096,0.07177734375,False
2026-10-09T00:38:48.147Z,fb9124ac-bb32-4cad-99fd-f6c530813ee9,10110,5191.8,5036.4,5024.524113,155.40000000000055,11.875886999999238,1.456535,1635.657,146.946,3240.4645780000005,412,3,251.8865507866258,20.415662896574254,4096,0.1005859375,False
2026-10-09T00:38:49.680Z,483ba19a-e8e4-4160-a2bd-080236125eb2,10111,6269.6,5720.1,5707.573133,549.5,12.526867000000493,2.364275,833.477,292.413,4579.318858,261,5,313.1460136272507,17.099102981057616,4096,0.063720703125,False
2026-10-09T00:38:51.406Z,8175d798-9b3c-4b32-b528-64aba149a4dd,10112,5051.5,4871.7,4859.826505,179.80000000000018,11.87349499999982,1.516456,1869.372,218.607,2770.331049,455,4,243.39724784580062,18.297675737739414,4096,0.111083984375,False
2026-10-09T00:38:53.032Z,65013ab5-88d8-4ee4-aa4d-5a0b37a9163f,10113,5651.9,5486.1,5472.920915,165.79999999999927,13.179085000000669,1.459035,1399.066,219.707,3852.6888799999997,373,4,266.6064360080225,18.206065350671576,4096,0.091064453125,False
2026-10-09T00:38:55.066Z,7e9aa0cf-ff0e-49ec-a595-6fc61c514271,10114,6941.4,6773.7,6760.796948,167.69999999999982,12.903051999999661,1.411874,1862.152,151.983,4745.2500740000005,453,3,243.26692987468263,19.73904976214445,4096,0.110595703125,False
2026-10-09T00:38:56.333Z,5020c96b-7436-4179-9940-19ded48eb939,10115,3579.2,3437.6,3407.565356,141.5999999999999,30.034643999999844,5.81208,1131.024,145.488,2125.241276,321,3,283.8136060773246,20.620257340811612,4096,0.078369140625,False
2026-10-09T00:38:58.251Z,17dcd87e-d2eb-4d8f-b326-090451286ecd,10116,5411.1,5213.9,5186.991593,197.20000000000073,26.908406999999897,1.148752,1623.469,221.732,3340.6418409999997,411,4,253.16159409264975,18.03979578951166,4096,0.100341796875,False
2026-10-09T00:38:59.167Z,6cfb1e28-80b4-4311-b17a-e6ca415c9c4a,10117,3184.6,3010.4,2997.579873,174.19999999999982,12.820126999999957,1.385495,622.874,294.868,2078.452378,228,5,366.0451391453167,16.956739965001287,4096,0.0556640625,False
2026-10-09T00:39:00.301Z,97548edf-83c0-4992-9459-839318364adf,10118,2421.8,2239.7,2208.132915,182.10000000000036,31.56708499999968,6.132834,900.509,220.212,1081.2790810000001,275,4,305.38284459122565,18.16431438795343,4096,0.067138671875,False
2026-10-09T00:39:02.118Z,2266d11f-c36b-4687-ac7e-f8fec06e1149,10119,3679.8,3505.5,3491.530661,174.30000000000018,13.969339000000218,1.525716,1521.798,292.478,1675.7289449999996,391,5,256.9329175094198,17.095302894576687,4096,0.095458984375,False
2026-10-09T00:39:02.970Z,d5581150-e54f-4249-861f-38ee6c5bc1cb,10120,1191.4,786.0,755.964469,405.4000000000001,30.03553099999999,4.007372,459.344,143.794,148.81909700000006,195,3,424.51844369361527,20.863179270345075,4096,0.047607421875,False
2026-10-09T00:39:03.335Z,b5a503ab-1142-4133-bdc4-cfeed9b5af6a,10121,793.8,636.7,611.100269,157.0999999999999,25.59973100000002,1.085162,392.442,216.054,1.5191069999999627,178,4,453.5702091009627,18.513890046007017,4096,0.04345703125,False
2026-10-09T00:39:06.153Z,d74fee4c-eec3-42e5-8271-a2258c73c2d7,10122,2184.4,1965.4,1956.788233,219.0,8.6117670000001,1.085291,1807.63,146.003,2.0699419999998554,448,3,247.83832974668488,20.54752299610282,4096,0.109375,False
2026-10-09T00:39:08.112Z,d4d4a731-1d49-4722-afe3-a25762256559,10123,1021.3,853.5,845.633544,167.79999999999995,7.866455999999971,1.658887,534.721,294.112,15.141656999999896,199,5,372.15669479971797,17.000326406267,4096,0.048583984375,False
2026-10-09T00:39:08.604Z,9b8a0e6a-7ecd-4cd7-a469-e4dbdac6be47,10124,883.0,721.8,620.014212,161.20000000000005,101.78578799999991,4.82537,281.657,215.572,117.95984200000004,158,4,560.9659976496235,18.555285473067002,4096,0.03857421875,False
2026-10-09T00:39:09.796Z,37fcaf13-1977-43a9-a76b-2f0a39a7afd7,10125,961.2,779.0,771.48567,182.20000000000005,7.514329999999973,1.00958,617.902,150.933,1.6410899999999629,223,3,360.89865383183746,19.876368984913835,4096,0.054443359375,False
2026-10-09T00:39:12.072Z,20e99f85-7f0b-49d2-8e70-8cb220147eaa,10126,1442.0,1255.4,1248.107288,186.5999999999999,7.292712000000165,0.92442,1095.746,145.242,6.194867999999815,310,3,282.9122807657979,20.65518238526046,4096,0.07568359375,False
2026-10-09T00:39:14.473Z,33f2a53d-5ba1-485b-8a8a-3ed21ba5057c,10127,3601.8,3398.2,3385.149039,203.60000000000036,13.050960999999916,1.465526,2074.733,293.725,1015.2255129999999,491,5,236.65695778685736,17.022725338326666,4096,0.119873046875,False
2026-10-09T00:39:16.049Z,5c089c89-9fb8-41c4-8495-d119d367ff46,10128,4034.6,3812.9,3796.91415,221.69999999999982,15.985850000000028,2.046821,1243.118,294.847,2256.9023290000005,336,5,270.2880981531922,16.957947681339814,4096,0.08203125,False
2026-10-09T00:39:17.949Z,ec740f99-64db-4bc5-a444-5bc6025dc3fc,10129,5560.5,5362.7,5350.217077,197.80000000000018,12.482922999999573,1.512065,1616.987,294.595,3437.123012,404,5,249.8474013705738,16.972453707632514,4096,0.0986328125,False
2026-10-09T00:39:18.600Z,a1e42190-358b-4c00-9a54-56b1239fc7db,10130,4878.1,4697.2,4685.309668,180.90000000000055,11.890331999999944,1.471335,360.304,288.313,4035.221333,172,5,477.3746613970425,17.342263442855508,4096,0.0419921875,False
2026-10-09T00:39:20.959Z,81870388-9acb-4969-8bf1-0a02f3ce50a0,10131,6439.9,6268.3,6256.33978,171.59999999999945,11.960219999999936,1.491385,2070.495,295.748,3888.6053950000005,489,5,236.17540733013118,16.90628508054154,4096,0.119384765625,False
2026-10-09T00:39:22.243Z,f252971a-5ee2-4945-b862-494e21471074,10132,7345.3,7082.3,7068.938827,263.0,13.361173000000235,1.409604,882.336,294.119,5891.074223,272,5,308.27258550030825,16.99992180035972,4096,0.06640625,False
2026-10-09T00:39:24.310Z,605d37be-0261-4e20-b9bb-b2a9e0658f22,10133,8988.5,8781.9,8770.106446,206.60000000000036,11.793553999999858,2.179613,1817.355,295.628,6654.943832999999,443,5,243.76085024664965,16.913147604421773,4096,0.108154296875,False
2026-10-09T00:39:26.486Z,d2603f12-1d1e-4a5a-ad27-e4f7f627875f,10134,10846.9,10632.0,10605.136429,214.89999999999964,26.863570999999865,5.425937,1933.785,218.578,8447.347492,465,4,240.46106469954,18.300103395584184,4096,0.113525390625,False
2026-10-09T00:39:28.271Z,cd56937c-7ec7-485d-bb61-ff47664992ea,10135,12198.4,11834.9,11820.422712,363.5,14.477288000000044,1.664168,1466.422,147.853,10204.483543999999,380,3,259.13413737655327,20.290423596409948,4096,0.0927734375,False
2026-10-09T00:39:29.687Z,a43d8469-bcbd-46f0-adae-5eb62f5b55b2,10136,12117.8,11936.1,11905.829281,181.6999999999989,30.2707190000001,4.012122,1358.111,227.232,10316.474159,354,4,260.65616138887026,17.603154485283763,4096,0.08642578125,False
2026-10-09T00:39:32.030Z,3033042d-a554-40da-9917-53a867137601,10137,13930.6,13722.0,13709.133343,208.60000000000036,12.866657000000487,1.521976,2000.908,300.223,11406.480367,482,5,240.89063565141427,16.654286980011523,4096,0.11767578125,False
2026-10-09T00:39:33.147Z,a384a0c2-76a2-4939-b8b6-3bf9856d528a,10138,13650.4,13467.1,13455.095404,183.29999999999927,12.004596000000674,1.339304,902.31,223.174,12328.2721,271,4,300.34023783400386,17.92323478541407,4096,0.066162109375,False
2026-10-09T00:39:34.239Z,9a726b70-76fe-459c-a03c-3159e517b47c,10139,13738.4,13410.5,13384.058643,327.89999999999964,26.441356999999698,4.630298,791.542,145.99,12441.896345000001,246,3,310.7857826874632,20.549352695390095,4096,0.06005859375,False
2026-10-09T00:39:35.098Z,fa51e336-1091-46e9-8a4a-696c85de73aa,10140,13473.0,13300.8,13285.351773,172.20000000000073,15.448226999998951,1.455216,713.229,290.636,12280.031557,241,5,337.89988909592853,17.203649926368378,4096,0.058837890625,False
2026-10-09T00:39:35.781Z,7dc0ce04-ef33-4b5e-b4e3-db061852390d,10141,11725.3,11561.2,11534.061052,164.09999999999854,27.13894800000162,4.355425,533.884,149.383,10846.438627,208,3,389.59774033310606,20.082606454549715,4096,0.05078125,False
2026-10-09T00:39:37.415Z,f96c6cac-d00f-4e30-a122-3153cb83aacf,10142,12380.1,12207.1,12194.906768,173.0,12.193231999999625,1.425215,1475.788,146.448,10571.245553,383,3,259.5223704217679,20.485086856768273,4096,0.093505859375,False
2026-10-09T00:39:39.091Z,aa49e422-c64b-413f-92fb-56cb087d6ef9,10143,13580.0,13393.7,13380.637363,186.29999999999927,13.062637000000905,1.378824,1350.371,292.894,11735.993539,361,5,267.3339400801706,17.071022281098283,4096,0.088134765625,False
2026-10-09T00:39:40.967Z,e45e9b6a-9854-445b-b0b5-7d9e9d0e1970,10144,13557.4,13392.4,13380.107456,165.0,12.292543999999907,1.317224,1590.763,293.744,11494.283232,403,5,253.3375493395308,17.02162427147448,4096,0.098388671875,False
2026-10-09T00:39:42.542Z,2ac1e5d1-c8d6-4c8b-9963-127d69942fd2,10145,11043.9,10800.2,10778.10287,243.6999999999989,22.097130000000107,2.967221,1331.78,147.532,9295.823649,360,3,270.31491687816305,20.334571482796953,4096,0.087890625,False
2026-10-09T00:39:44.451Z,280ae1e9-79ce-407a-890b-0b413f5ef563,10146,12592.0,12433.0,12411.954734,159.0,21.045265999999174,1.723618,1833.267,146.927,10430.037116000001,447,3,243.82700392250555,20.41830296677942,4096,0.109130859375,False
2026-10-09T00:39:45.710Z,51b6599a-54c1-4681-a923-4bbee3cb4e5a,10147,12639.0,12403.2,12391.248537,235.79999999999927,11.95146300000124,1.399514,865.122,297.203,11227.524023,271,5,313.25061667602955,16.823517932187766,4096,0.066162109375,False
2026-10-09T00:39:46.244Z,9613259c-d6d2-48e5-86f1-51ae21a3828f,10148,12835.8,12632.5,12620.831219,203.29999999999927,11.668781000000308,1.401525,406.565,148.475,12064.389694,175,3,430.43547772188947,20.20542178817983,4096,0.042724609375,False
2026-10-09T00:39:48.419Z,b6733ccd-5a45-4476-a702-ff3a4c440e33,10149,11127.3,10913.9,10899.949856,213.39999999999964,13.950144000000364,1.511296,2011.022,151.944,8735.472559999998,481,3,239.18186872147592,19.744116253356502,4096,0.117431640625,False
2026-10-09T00:39:49.011Z,a5839c2f-9aa5-4b92-9c24-a292865c849c,10150,10306.9,10135.3,10107.563859,171.60000000000036,27.736140999999407,3.863231,394.746,217.081,9491.873628,182,4,461.0559701681588,18.426301703050935,4096,0.04443359375,False
2026-10-09T00:39:49.686Z,121040b2-e79c-4a32-8aee-76f3d6148490,10151,10415.6,10223.0,10210.605802,192.60000000000036,12.39419799999996,1.380434,432.435,219.88,9556.910368,185,4,427.8099598783632,18.191740949608878,4096,0.045166015625,False
2026-10-09T00:39:51.537Z,9d2c1383-4cd1-45e7-b207-44d5dc0516aa,10152,7142.6,6877.8,6865.690007,264.8000000000002,12.109993000000031,1.450845,1481.345,294.971,5087.923162,379,5,255.8485700495158,16.950818894060774,4096,0.092529296875,False
2026-10-09T00:39:52.363Z,c6479efd-7d52-4161-afd8-3c661dbfcda1,10153,7504.9,7337.6,7325.607639,167.29999999999927,11.992361000000528,1.460545,614.428,291.663,6418.056094,226,5,367.82177895538615,17.143072655770528,4096,0.05517578125,False
2026-10-09T00:39:54.188Z,82e459ff-a6e6-469e-9c53-145b7092d23f,10154,8922.4,8756.8,8728.754219,165.60000000000036,28.045780999998897,7.186425,1522.729,298.342,6900.496794000001,390,5,256.11911246190226,16.759289674266444,4096,0.09521484375,False
2026-10-09T00:39:56.564Z,750b0d92-eb18-4add-be0a-b5ead091bca7,10155,8963.7,8800.6,8786.907493,163.10000000000036,13.69250699999975,1.511336,2211.488,152.217,6421.691157000001,514,3,232.42269458391814,19.708705335146536,4096,0.12548828125,False
2026-10-09T00:39:59.490Z,144163b6-1106-4743-aa04-cf16eed11409,10156,9342.9,9164.6,9151.266758,178.29999999999927,13.33324200000061,1.534016,2590.688,298.246,6260.798741999999,581,5,224.26475129386478,16.764684186879286,4096,0.141845703125,False
2026-10-09T00:40:01.316Z,2f3acaa9-0a6d-481f-a195-24fc749d3e5a,10157,10951.2,10749.4,10735.898948,201.8000000000011,13.501051999999618,2.92783,1636.612,146.583,8949.776118,408,3,249.29549581696824,20.466220503059702,4096,0.099609375,False
2026-10-09T00:40:02.350Z,3f778763-a2b6-4a22-bfa6-4879507c2b8f,10158,7628.3,7446.9,7433.53647,181.40000000000055,13.363529999999628,1.435425,744.13,293.94,6394.031045,246,5,330.58739736336395,17.010274205620195,4096,0.06005859375,False
2026-10-09T00:40:03.142Z,23891dc2-0ed5-474e-a12d-c0d89721e150,10159,6257.9,6083.1,6065.590497,174.79999999999927,17.509503000000223,1.9239,494.527,290.686,5278.453597,198,5,400.38258780612585,17.200690779741713,4096,0.04833984375,False
2026-10-09T00:40:04.317Z,594ad544-19e7-4e1d-9606-a367e34cb48d,10160,7177.1,6902.2,6889.260198,274.90000000000055,12.939801999999872,1.500536,784.156,294.249,5809.354662,253,5,322.63988288044726,16.992411189162922,4096,0.061767578125,False
2026-10-09T00:40:06.551Z,e7d7439c-2c75-4e72-ba04-1da6297801e0,10161,8246.0,8074.0,8036.635671,172.0,37.364329,1.215503,2180.306,147.779,5707.335168,510,3,233.91212059224716,20.300583980132497,4096,0.12451171875,False
2026-10-09T00:40:07.493Z,cf6a64e5-0f5f-4a09-b8ba-cfd03374da67,10162,4542.3,4361.7,4343.094188,180.60000000000036,18.605811999999787,1.776998,694.055,217.739,3429.52319,239,4,344.3531132258971,18.370618033517193,4096,0.058349609375,False
2026-10-09T00:40:08.869Z,c666a6f5-278e-4f68-916f-17deb589b945,10163,4010.5,3801.9,3789.649723,208.5999999999999,12.250277000000096,1.494226,1122.815,217.313,2448.027497,315,4,280.5448805012402,18.406630068150548,4096,0.076904296875,False
2026-10-09T00:40:10.586Z,f89ae96a-29c5-49e7-ae41-8f0aaee286ef,10164,3232.6,3033.6,3020.497478,199.0,13.102522000000135,1.527636,1422.639,292.763,1303.567842,371,5,260.78295337046154,17.07866089635644,4096,0.090576171875,False
2026-10-09T00:40:12.412Z,b4c7e675-5f63-40c6-b5a7-9406351476a2,10165,4527.8,4342.2,4329.89562,185.60000000000036,12.304379999999583,1.453335,1680.128,145.998,2502.3162850000003,413,3,245.81460460155415,20.548226688036824,4096,0.100830078125,False
2026-10-09T00:40:13.612Z,5819c12f-33b6-46c7-8633-25869a464432,10166,1230.7,1034.4,1026.735317,196.29999999999995,7.6646830000001955,1.044851,713.304,293.159,19.227465999999936,237,5,332.2566535446317,17.05559099328351,4096,0.057861328125,False
2026-10-09T00:40:14.954Z,5f8d5fad-dedb-4647-9599-64b12341597a,10167,1519.4,1331.3,1321.957832,188.10000000000014,9.342167999999901,1.062441,1020.104,291.402,9.389390999999932,297,5,291.1467850336829,17.158427189930062,4096,0.072509765625,False
2026-10-09T00:40:16.988Z,3509cfb2-fb81-4220-bb7f-7796c142b815,10168,1478.0,1178.9,1171.708037,299.0999999999999,7.191962999999987,1.046631,864.34,292.607,13.714406000000054,263,5,304.2784089594373,17.08776618467774,4096,0.064208984375,False
2026-10-09T00:40:20.265Z,092347eb-22e3-4b74-a7bc-a2c01dc0d9cf,10169,2755.1,2579.9,2571.602641,175.19999999999982,8.297359000000142,0.99228,2409.751,152.68,8.179360999999972,548,3,227.40938794091173,19.648938957296306,4096,0.1337890625,False
2026-10-09T00:40:20.940Z,7110dae9-cd21-48bd-a76d-8a980d910a32,10170,3282.5,3081.5,3070.176245,201.0,11.323754999999892,1.479086,487.216,144.893,2436.588159,197,3,404.338116974812,20.70493398576881,4096,0.048095703125,False
2026-10-09T00:40:22.966Z,4c370e07-2b7b-4362-a53c-f01d3598155c,10171,5192.4,5001.9,4975.031868,190.5,26.868131999999605,1.229313,1741.768,292.075,2939.959555,427,5,245.15320065588529,17.118890695882907,4096,0.104248046875,False
2026-10-09T00:40:23.883Z,d6178662-bad7-40aa-8047-177e7247b062,10172,3951.0,3782.9,3758.551215,168.0999999999999,24.348785000000134,3.82956,634.272,287.801,2832.648655,222,5,350.00756773119423,17.373115451301423,4096,0.05419921875,False
2026-10-09T00:40:25.600Z,a9a8eeb7-939b-42c8-9c62-53fa6b50c738,10173,4496.8,4329.1,4316.807281,167.69999999999982,12.292719000000034,2.640118,1491.899,218.015,2604.2531630000003,378,4,253.3683580456854,18.347361420085775,4096,0.09228515625,False
2026-10-09T00:40:28.651Z,5cb2b9c7-2aaa-4f65-ba72-d173db388602,10174,2222.9,2044.6,2036.624636,178.30000000000018,7.9753639999998995,1.091182,1796.58,220.248,18.705454000000145,441,4,245.46638613365394,18.161345392466675,4096,0.107666015625,False
2026-10-09T00:40:29.852Z,53146246-85cf-47bc-8228-368dbc90a148,10175,2360.3,1882.5,1870.226522,477.8000000000002,12.273478000000068,1.391684,651.533,229.79,987.5118379999999,229,4,351.47874321024415,17.40719787632186,4096,0.055908203125,False
2026-10-09T00:40:31.828Z,27c5dab3-c78d-47de-b8b3-444f43080839,10176,2205.2,2025.6,2017.696069,179.5999999999999,7.9039309999998295,1.105102,1858.834,145.711,12.045967000000019,453,3,243.7011588985353,20.588699549107478,4096,0.110595703125,False
2026-10-09T00:40:32.611Z,58ac5b8d-5ccd-465f-8daa-630ff4c555c2,10177,2626.7,2329.0,2316.530011,297.6999999999998,12.469989000000169,1.702197,506.376,144.042,1664.4098139999999,200,3,394.96342638671655,20.827258716207773,4096,0.048828125,False
2026-10-09T00:40:35.354Z,45d67ad2-fc68-4cd8-92ce-21cac7dda580,10178,1391.2,1077.7,1070.3273,313.5,7.372700000000123,1.055491,776.522,290.961,1.788808999999901,250,5,321.94838008453075,17.184433652620108,4096,0.06103515625,False
2026-10-09T00:40:36.504Z,f02fdd3a-21d1-4213-89e3-da9180ed7a71,10179,1912.4,1735.5,1713.973084,176.9000000000001,21.52691600000003,1.627357,1052.702,224.17,435.4737269999998,300,4,284.98093477546354,17.843600838649238,4096,0.0732421875,False
2026-10-09T00:40:37.955Z,9a738241-f20e-44bb-99dc-7b4c9e169487,10180,2543.1,2385.3,2373.219851,157.79999999999973,12.080149000000347,1.482705,1308.149,145.933,917.6551460000001,354,3,270.6113753096933,20.557379071217614,4096,0.08642578125,False
2026-10-09T00:40:38.914Z,b094824f-6af7-462b-a49e-c8cd2d3d1b4d,10181,3070.6,2878.7,2866.192266,191.9000000000001,12.5077339999998,1.656207,676.335,220.259,1967.942059,240,4,354.85373372662957,18.160438392982805,4096,0.05859375,False
2026-10-09T00:40:39.630Z,6ca7c187-0b0c-49dc-ab07-8a38fd88f5c1,10182,1064.4,873.9,848.529879,190.5000000000001,25.370120999999926,3.88804,421.669,290.872,132.10083900000006,184,5,436.36122171655967,17.189691685689926,4096,0.044921875,False
2026-10-09T00:40:42.748Z,30af30d7-1bf4-4fb3-9293-603fbf6d1e40,10183,1174.7,984.2,976.33399,190.5,7.866010000000074,1.038351,679.748,293.955,1.5926389999998491,233,5,342.7740868674862,17.0094062016295,4096,0.056884765625,False
2026-10-09T00:40:43.981Z,2a7c41a6-8d5a-46f9-8743-dcf5a27ecd19,10184,1759.5,1505.0,1493.555747,254.5,11.44425299999989,1.673467,862.36,296.947,332.57528000000025,267,5,309.6154738160397,16.83802159981411,4096,0.065185546875,False
2026-10-09T00:40:46.848Z,2dcb8688-1607-4b59-be81-f141e3f5feec,10185,2103.6,1895.7,1887.984226,207.89999999999986,7.71577400000001,1.059131,1724.507,145.874,16.54409499999997,419,3,242.96799027200237,20.565693680847854,4096,0.102294921875,False
2026-10-09T00:40:49.234Z,928c41d1-2ba6-42bd-88ed-6a1b3d389553,10186,3407.1,3254.0,3242.04971,153.0999999999999,11.950290000000223,1.416005,2252.678,148.982,838.9737049999999,524,3,232.6120288829562,20.136660804660966,4096,0.1279296875,False
2026-10-09T00:40:50.301Z,aaa93c41-6150-4409-8ff6-5326fbc148d4,10187,2566.0,2404.1,2391.49623,161.9000000000001,12.603769999999713,1.824179,809.584,221.399,1358.6890510000003,259,4,319.9173896717327,18.066928938251753,4096,0.063232421875,False
2026-10-09T00:40:51.327Z,afffaaa2-06a8-45d4-b735-a89d30c94447,10188,2129.8,1976.2,1963.689744,153.60000000000014,12.510256000000027,1.541856,808.346,217.474,936.327888,259,4,320.40735031780946,18.39300330154409,4096,0.063232421875,False
2026-10-09T00:40:53.403Z,60409f10-e9fb-47ed-8db5-f5badda5603a,10189,4010.6,3441.8,3429.911626,568.7999999999997,11.888374000000113,1.411194,1490.8,146.212,1791.488432,383,3,256.9090421250336,20.518151724892622,4096,0.093505859375,False
2026-10-09T00:40:53.661Z,3d78f473-3e2c-4a18-978e-cf553e8ba15b,10190,3711.1,3532.9,3491.608109,178.19999999999982,41.291891000000305,3.588118,322.758,287.463,2877.7989909999997,168,5,520.5138215009388,17.39354282116307,4096,0.041015625,False
2026-10-09T00:40:54.386Z,11954861-0d81-449a-87a1-446486302449,10191,2218.2,2000.4,1988.124858,217.79999999999973,12.275142000000187,2.387975,392.686,290.158,1302.892883,177,5,450.741814070275,17.23199084636646,4096,0.043212890625,False
2026-10-09T00:40:54.945Z,e5733f89-02a7-4faa-a88a-8f28ca42ab27,10192,2339.3,2172.2,2160.279551,167.10000000000036,11.920448999999735,1.448425,391.559,215.942,1551.330126,177,4,452.03915629573066,18.523492419260727,4096,0.043212890625,False
2026-10-09T00:40:55.628Z,ce08815d-dfd4-4c26-a7e1-25ee322faa62,10193,2017.4,1834.1,1822.125279,183.30000000000018,11.974720999999818,1.486725,377.385,288.063,1155.1905540000002,175,5,463.71742385097446,17.35731419863016,4096,0.042724609375,False
2026-10-09T00:40:57.521Z,6369c36e-a0b6-4d6d-b8e8-b25383e0fb7f,10194,3154.1,3008.0,2995.865074,146.0999999999999,12.134926000000178,1.478216,1635.196,292.174,1067.016858,409,5,250.1229210443274,17.11309014491365,4096,0.099853515625,False
2026-10-09T00:40:58.954Z,8ee73132-3506-426f-9596-c4538a07aaa6,10195,3421.0,3221.6,3209.806942,199.4000000000001,11.793057999999746,1.400315,1200.479,145.738,1862.189627,330,3,274.89027296604104,20.58488520495684,4096,0.08056640625,False
2026-10-09T00:41:00.580Z,352906f2-c163-48d1-af8c-a7447d7dfc41,10196,938.1,706.1,698.819028,232.0,7.28097200000002,1.152872,395.048,287.357,15.261155999999914,179,5,453.1094955549705,17.399958936096912,4096,0.043701171875,False
2026-10-09T00:41:02.406Z,a3b43503-5a69-42c7-a6e1-94839861c550,10198,2403.5,2220.1,2196.796831,183.4000000000001,23.303168999999798,1.439715,1576.267,296.186,322.90411600000016,401,5,254.39852512296457,16.881284057990587,4096,0.097900390625,False
2026-10-09T00:41:04.548Z,ab693216-d30a-4c4c-8808-38fea77e6242,10197,4555.4,4382.1,4349.554732,173.29999999999927,32.54526800000076,2.124942,1825.197,295.939,2226.2937899999997,435,5,238.33043775548612,16.895373708771064,4096,0.106201171875,False
2026-10-09T00:41:05.765Z,5ca455ee-ca64-42c3-9341-3224f1783e5e,10199,4477.1,4290.4,4276.442331,186.70000000000073,13.957668999999441,1.463116,872.281,292.394,3110.304215,270,5,309.5332811330294,17.100214094680467,4096,0.06591796875,False
2026-10-09T00:41:06.440Z,093f2c9c-dcfd-4fb5-b76e-0026c026d34e,10200,3483.2,3333.1,3321.327982,150.0999999999999,11.772018000000116,2.314994,558.745,146.462,2613.805988,212,3,379.4217397918549,20.483128729636356,4096,0.0517578125,False
2026-10-09T00:41:09.350Z,ddcbee69-d80e-4dfe-a4c3-3615dca88c1b,10201,1445.1,1301.6,1294.135719,143.5,7.464280999999801,1.056121,1145.839,145.539,1.7015980000001036,317,3,276.65317727883235,20.613031558551317,4096,0.077392578125,False
2026-10-09T00:41:11.142Z,0f4b6dbb-c543-4d32-a81a-65429efc5d37,10202,1504.1,1312.9,1305.298125,191.19999999999982,7.601875000000064,1.042861,986.365,292.052,25.83826399999998,285,5,288.93969271010224,17.1202388615726,4096,0.069580078125,False
2026-10-09T00:41:13.218Z,df2bf2a4-9e7c-4d16-8849-223b39c81a4a,10203,3549.3,3361.7,3351.615976,187.60000000000036,10.084023999999772,1.587016,1832.848,219.954,1297.22696,444,4,242.2459472907737,18.185620629768042,4096,0.1083984375,False
2026-10-09T00:41:14.368Z,b4c04989-512a-4792-9fb4-575052419f17,10204,4218.5,4035.0,4016.503151,183.5,18.49684900000011,1.517605,830.211,292.226,2892.548546,262,5,315.58242422709407,17.11004496519817,4096,0.06396484375,False
2026-10-09T00:41:18.087Z,30e995f9-5eb6-4c57-94c7-bdbc9507306b,10205,2916.1,2725.3,2717.656844,190.79999999999973,7.64315600000009,1.363365,2478.022,227.391,10.880478999999923,557,4,224.77605122149842,17.59084572388529,4096,0.135986328125,False
2026-10-09T00:41:19.229Z,b7dca100-3241-4c06-be7b-c654f1c07c86,10206,3038.1,2874.2,2861.311949,163.9000000000001,12.888050999999905,1.440775,830.14,292.498,1737.233174,261,5,314.404799190498,17.09413397698446,4096,0.063720703125,False
2026-10-09T00:41:20.504Z,68a4712d-4fee-4797-a6fe-d93bd8052b52,10207,2096.0,1914.8,1902.210961,181.20000000000005,12.589038999999957,1.450115,1105.701,145.24,649.8198459999999,313,3,283.07833672936897,20.655466813549985,4096,0.076416015625,False
2026-10-09T00:41:21.188Z,a0b35f99-d7cd-47fd-81ee-2b278d7d8c25,10208,1446.2,1270.7,1258.551018,175.5,12.148981999999933,1.399375,464.816,216.537,575.7986430000001,189,4,406.6125090358335,18.47259359832269,4096,0.046142578125,False
2026-10-09T00:41:23.764Z,e9043cf7-d8d2-4dbc-ac9f-44537cd0c22d,10209,3712.8,3383.3,3370.481342,329.5,12.818658000000141,1.414425,2123.371999,302.225,943.4699180000002,496,5,233.59072279072657,16.543965588551576,4096,0.12109375,False
2026-10-09T00:41:25.448Z,46f96914-29d8-42dc-88a1-548e7d39f1e2,10210,5110.2,3871.2,3859.04082,1239.0,12.159179999999651,1.556737,435.309,290.008,3132.1670830000003,184,5,422.6882513341098,17.2409036992083,4096,0.044921875,False
2026-10-09T00:41:26.281Z,c22e822e-a26f-4fd8-b9a1-1d207198991e,10211,5676.8,5521.7,5509.598369,155.10000000000036,12.101630999999543,1.433245,1621.301,294.418,3592.4461240000005,404,5,249.18260088657195,16.982657310354664,4096,0.0986328125,False
2026-10-09T00:41:26.748Z,3c0eec83-2c4e-4ee8-b726-2cc05c81e590,10212,2916.5,2750.0,2738.004215,166.5,11.995785000000069,1.462776,289.014,144.218,2303.3094389999997,161,3,557.0664396880428,20.80184165638131,4096,0.039306640625,False
2026-10-09T00:41:29.333Z,599b81ab-d7d3-4547-90dd-9d580f572a30,10213,4307.6,4110.1,4097.562763,197.5,12.53723700000046,1.517666,2251.784,299.272,1544.9890969999997,521,5,231.37210318574074,16.7072094950413,4096,0.127197265625,False
2026-10-09T00:41:31.109Z,0b7862eb-ffc0-4e74-9247-044aa9599402,10214,4329.3,4149.7,4137.985884,179.60000000000036,11.714116000000104,1.428125,1448.682,300.345,2387.5307589999998,375,5,258.85598081566553,16.647522016347867,4096,0.091552734375,False
2026-10-09T00:41:31.659Z,07b16aed-44d8-41c2-9c25-3968fb68b664,10215,3468.7,3296.1,3283.509484,172.5999999999999,12.590515999999752,1.96755,308.951,214.272,2758.318934,164,4,530.8285132593842,18.667861409796895,4096,0.0400390625,False
2026-10-09T00:41:32.893Z,f8033f40-3ce9-4d01-8c43-66d5e5a5ed37,10216,3994.2,3609.5,3569.337731,384.6999999999998,40.162268999999924,3.566477,731.01,290.359,2544.402254,243,5,332.4167932039233,17.22006206110367,4096,0.059326171875,False
2026-10-09T00:41:33.284Z,c5e9d211-c53c-4603-b5ba-ecc321047e74,10217,3721.3,3539.5,3527.499255,181.80000000000018,12.000744999999824,1.390775,290.626,292.605,2942.87748,160,5,550.5357400920772,17.087882982177337,4096,0.0390625,False
2026-10-09T00:41:34.243Z,33da1ae8-61b3-4c91-a7bd-4a8c6e867353,10218,4299.2,4077.8,4065.290795,221.39999999999964,12.509205000000293,1.242733,625.608,291.403,3147.037062,225,5,359.65013235124866,17.1583683078074,4096,0.054931640625,False
2026-10-09T00:41:35.401Z,9fb05e47-bb39-4061-ae23-d9842f428ec9,10219,5209.0,5036.3,5023.165731,172.69999999999982,13.134269000000131,2.728219,976.473,224.056,3819.908512,290,4,296.98721828458133,17.852679687221052,4096,0.07080078125,False
2026-10-09T00:41:36.277Z,5b482cf1-b093-45fb-bf3d-881316d8b3c0,10220,5479.6,5249.8,5224.464616,229.80000000000018,25.335383999999976,4.209244,510.296,288.872,4421.087372,203,5,397.8083308511139,17.308704201168684,4096,0.049560546875,False
2026-10-09T00:41:37.786Z,fa7b83c0-52ec-4f10-9ea0-9173e14f0ce4,10221,5497.6,5348.4,5323.483428,149.20000000000073,24.916572000000087,4.089473,1294.935,291.715,3732.743955,353,5,272.6005552402244,17.14001679721646,4096,0.086181640625,False
2026-10-09T00:41:40.295Z,2dda2c38-7039-4518-bf76-0c69a2b68941,10222,7354.8,7066.8,7036.171163,288.0,30.628837000000203,4.640418,2043.227,294.933,4693.370745,487,5,238.34845565372817,16.95300288540109,4096,0.118896484375,False
2026-10-09T00:41:41.320Z,65732a13-2ee7-44e2-be17-0d0803a1b340,10223,7793.3,7622.0,7610.032358,171.30000000000018,11.967641999999614,1.405304,950.834,145.715,6512.0780540000005,287,3,301.84027916544846,20.588134371890334,4096,0.070068359375,False
2026-10-09T00:41:42.688Z,a85b1bfd-7859-4524-afbe-56f33ed4966c,10224,8562.5,8402.1,8389.329543,160.39999999999964,12.770457000000533,2.285843,1070.986,291.923,7024.1347,305,5,284.7843015688347,17.127804249750792,4096,0.074462890625,False
2026-10-09T00:41:45.289Z,a31f863e-3aa8-4418-a4b9-31c178f00b70,10225,10731.0,10566.6,10554.49848,164.39999999999964,12.101520000000164,1.475475,2292.087,297.024,7963.912005,523,5,228.17633013057534,16.833656539538893,4096,0.127685546875,False
2026-10-09T00:41:47.464Z,3b577031-c292-47fc-a343-c88b3673fb0a,10226,12080.5,11867.2,11853.749809,213.29999999999927,13.450190999999904,1.450695,1949.159,146.455,9756.685114,465,3,238.56442701698526,20.484107746406746,4096,0.113525390625,False
2026-10-09T00:41:49.740Z,732fe33c-db72-4cb3-acc6-0fcdc4be7912,10227,14164.7,14007.8,13995.712333,156.90000000000146,12.087666999999783,1.436695,2009.094,299.19,11685.991638,483,5,240.4068699622815,16.7117884956048,4096,0.117919921875,False
2026-10-09T00:41:51.766Z,0fa63082-04cb-4f5c-b9cf-4c7e3b095eec,10228,13847.5,13693.3,13680.669401,154.20000000000073,12.630599000000075,1.606557,1705.87,298.448,11674.744843999999,424,5,248.5535240082773,16.753337264783145,4096,0.103515625,False
2026-10-09T00:41:53.075Z,8cec63fa-546c-4651-bf24-aae6a6955cea,10229,14879.1,14675.6,14662.671726,203.5,12.928273999999874,1.477795,1066.588,154.077,13440.528931,295,3,276.58289798872664,19.470784088475245,4096,0.072021484375,False
2026-10-09T00:41:53.834Z,0d9aa810-b5d4-4c17-83ac-60ab8a954546,10230,14574.9,14391.6,14377.955731,183.29999999999927,13.64426900000035,1.385204,607.001,144.265,13625.304527,214,3,352.5529611977575,20.79506463799258,4096,0.05224609375,False
2026-10-09T00:41:54.492Z,757645af-4bda-480b-a502-4f55644ade14,10231,11951.1,11778.7,11765.98424,172.39999999999964,12.715760000000955,1.716558,381.308,286.992,11095.967682,176,5,461.56912522160565,17.42208842058315,4096,0.04296875,False
2026-10-09T00:41:55.768Z,b0ba7671-7cfd-4d93-8534-8b215e5179cb,10232,12778.0,12581.1,12568.642618,196.89999999999964,12.457382000000507,1.303193,953.899,294.4,11319.040425,277,5,290.3871374223057,16.983695652173914,4096,0.067626953125,False
2026-10-09T00:41:57.527Z,63997da1-0eab-4162-82bb-b91bce50f4f7,10233,13966.1,13778.5,13766.152887,187.60000000000036,12.347112999999808,1.413495,1452.532,296.275,12015.932392,375,5,258.16987164482435,16.87621297780778,4096,0.091552734375,False
2026-10-09T00:41:58.069Z,8d2c8de2-506a-485a-a9a9-29473f3504b6,10234,13956.5,13740.7,13728.410214,215.79999999999927,12.289786000001186,1.367694,320.015,154.28,13252.747519999999,156,3,487.4771495086168,19.44516463572725,4096,0.0380859375,False
2026-10-09T00:41:59.044Z,cc57378f-fe2c-4e01-ab5a-1a795642ac09,10235,14909.3,14761.7,14750.583638,147.59999999999854,11.116362000000663,1.300603,742.84,298.56,13707.883035,244,5,328.46911851811967,16.7470525187567,4096,0.0595703125,False
2026-10-09T00:42:00.586Z,304c17d7-bc35-46a8-b0b3-ce0d6e64649c,10236,16186.3,16010.0,15997.517111,176.29999999999927,12.482889000000796,1.260164,1358.101,147.659,14490.496947,348,3,256.240147087735,20.317081925246683,4096,0.0849609375,False
2026-10-09T00:42:02.545Z,1902ac1b-21c9-4418-913a-461e4c7eee42,10237,17994.9,17780.1,17767.820564,214.8000000000029,12.279435999997077,1.267483,1743.805,147.404,15875.344081000001,427,3,244.86682857314895,20.352229247510245,4096,0.104248046875,False
2026-10-09T00:42:04.413Z,e4b259ad-5da3-4c43-a74b-dfbad65f48d0,10238,19122.4,18925.6,18913.14329,196.8000000000029,12.456709999998566,2.487796,1552.398,299.012,17059.245494,394,5,253.80089384294493,16.72173692025738,4096,0.09619140625,False
2026-10-09T00:42:05.321Z,c9fcedf8-da9c-44e2-9f63-ac5d02dbfe2e,10239,18791.6,18610.6,18596.197699,181.0,14.40230099999826,1.431985,602.762,290.713,17701.290714,217,5,360.0094232881303,17.19909326380313,4096,0.052978515625,False
2026-10-09T00:42:06.606Z,6b8d0559-9770-4fc7-9b54-db907055d3d2,10240,19630.1,19455.4,19442.779453,174.6999999999971,12.620547000002261,1.530256,1068.06,217.019,18156.170197,305,4,285.56448139617623,18.43156589975993,4096,0.074462890625,False
2026-10-09T00:42:08.139Z,7302b63f-fdc1-4909-92f4-eada94d34399,10241,20402.6,20031.2,20019.347185,371.3999999999978,11.85281500000201,1.427175,1089.728,218.791,18709.401009999998,312,4,286.3099782698068,18.28228766265523,4096,0.076171875,False
2026-10-09T00:42:08.964Z,55052c33-a5a7-496e-b554-2c70a682d9f5,10242,19679.3,19506.7,19470.055124,172.59999999999854,36.644876000002114,4.646318,702.984,295.072,18467.352806,219,5,311.5291386432692,16.945016809456675,4096,0.053466796875,False
2026-10-09T00:42:09.590Z,22cac22c-d804-4192-b4b0-9cea190a2ec1,10243,20264.8,20117.1,20087.246301,147.70000000000073,29.853698999999324,4.336245,500.609,144.565,19437.736055999998,191,3,381.53529001675963,20.75191090512918,4096,0.046630859375,False
2026-10-09T00:42:11.590Z,6badc8d6-d8c9-4f75-a0b3-1ad67a172777,10244,21826.3,21661.0,21648.454036,165.29999999999927,12.545964000000822,1.416445,1832.211,148.158,19666.668590999998,436,3,237.96385896602519,20.248653464544606,4096,0.1064453125,False
2026-10-09T00:42:13.717Z,46cc120d-c4c3-4e14-9d02-04a9d9847345,10245,23822.8,23665.1,23651.786464,157.70000000000073,13.313535999997839,1.91755,1953.172,147.945,21548.751914,467,3,239.09824633980008,20.27780594139714,4096,0.114013671875,False
2026-10-09T00:42:15.050Z,32d0f506-8f77-44cf-97c3-e10164b0f5b6,10246,20107.4,19964.0,19951.708435,143.40000000000146,12.291564999999537,2.162822,1155.384,151.549,18642.612613,318,3,275.23316923204754,19.795577667948983,4096,0.07763671875,False
2026-10-09T00:42:16.517Z,d12aeb6c-0b98-44fc-a997-62e511902290,10247,21246.8,21094.8,21067.155788,152.0,27.644211999999243,3.736469,1140.697,293.063,19629.659319,323,5,283.1602081885023,17.061177971971897,4096,0.078857421875,False
2026-10-09T00:42:18.868Z,a3f2c88a-20e4-4d7e-9ea0-f029c7f2a694,10248,22510.5,22316.8,22304.48239,193.70000000000073,12.31760999999824,2.537787,1976.889,298.419,20026.636603000003,474,5,239.7706699769183,16.754965333976724,4096,0.11572265625,False
2026-10-09T00:42:20.802Z,4fd1db63-2ce1-4f22-83a0-15140a63dd9a,10249,22548.3,22382.8,22370.783839,165.5,12.016160999999556,1.472256,1768.126,150.954,20450.231583,439,3,248.28547286788384,19.873603879327476,4096,0.107177734375,False
2026-10-09T00:42:21.944Z,b196d50d-5db3-4585-9d7b-eedafeb717b4,10250,22688.5,22496.9,22483.705904,191.59999999999854,13.1940960000029,1.342224,929.97,145.155,21407.23868,284,3,305.38619525361037,20.66756226103131,4096,0.0693359375,False
2026-10-09T00:42:22.778Z,349515f0-ff49-4808-8ed3-b35dfbebe0de,10251,20532.3,20353.5,20322.289107,178.79999999999927,31.210892999999487,4.360836,549.269,289.84,19478.819271,209,5,380.5057267022169,17.250897046646426,4096,0.051025390625,False
2026-10-09T00:42:23.512Z,e7863730-6ae7-4ba1-87e1-01cafc25c87d,10252,18912.9,18744.9,18731.264909,168.0,13.635091000000102,1.614426,452.467,288.865,17988.318483000003,188,5,415.4999149109217,17.309123639070155,4096,0.0458984375,False
2026-10-09T00:42:24.687Z,956fa79c-e59d-498d-b3fa-39275d34eedf,10253,19331.5,19146.7,19133.963621,184.79999999999927,12.736379000001762,1.458795,1007.42,149.378,17975.706825999998,293,3,290.8419527108852,20.08327866218586,4096,0.071533203125,False
2026-10-09T00:42:25.838Z,5004eaf5-7626-49d8-8475-f0075510510d,10254,19241.6,19066.9,19054.059308,174.6999999999971,12.840692000001582,1.491995,858.443,291.501,17902.623313,266,5,309.8633223172651,17.15259981955465,4096,0.06494140625,False
2026-10-09T00:42:27.630Z,2adaa08c-dbc2-4266-810d-e6f366b2729b,10255,20701.3,20321.6,20294.21735,379.7000000000007,27.382649999999558,2.675168,1288.822,290.634,18712.086182,350,5,271.56581746742376,17.20376831341137,4096,0.08544921875,False
2026-10-09T00:42:28.463Z,7bab5494-4f3b-41d4-97d6-ac47dec75c9a,10256,17792.1,17601.7,17589.164233,190.39999999999782,12.535767000001215,1.597607,774.373,218.286,16594.907626,250,4,322.84183461975044,18.3245833447862,4096,0.06103515625,False
2026-10-09T00:42:29.322Z,9b048120-d298-4984-8c60-4aa60846ea62,10257,15903.0,15709.1,15683.051236,193.89999999999964,26.04876400000103,4.457406,555.484,292.832,14830.277829999999,206,5,370.84776519215677,17.074636651732053,4096,0.05029296875,False
2026-10-09T00:42:30.498Z,7a510e10-ebd2-4be7-a2a2-698b9f6010b6,10258,17035.0,16874.3,16847.375828,160.70000000000073,26.92417199999909,3.414086,1059.851,146.492,15637.618742,306,3,288.71982948546537,20.47893400322202,4096,0.07470703125,False
2026-10-09T00:42:31.598Z,3df02cd5-7469-4320-8efa-ffb1353c6f98,10259,17519.1,17169.4,17157.188714,349.6999999999971,12.211286000001564,1.413785,741.07,145.674,16269.030929,242,3,326.5548463707882,20.593928909757405,4096,0.05908203125,False
2026-10-09T00:42:34.616Z,8eb490b1-db58-483c-9cad-202bec4a733c,10260,20324.4,19714.4,19694.441209,610.0,19.95879100000093,1.636567,2436.428,300.102,16956.274642,551,5,226.15074198786093,16.661001926011824,4096,0.134521484375,False
2026-10-09T00:42:35.099Z,fe336e57-218a-4f09-88e2-d9c96b137ca3,10261,20428.5,20278.2,20265.498584,150.29999999999927,12.701415999999881,1.779628,608.898,293.684,19361.136956000002,220,5,361.3084621726463,17.025101810108826,4096,0.0537109375,False
2026-10-09T00:42:36.400Z,9485314e-c6ee-49a6-b594-f18f93b7c4ef,10262,20318.7,20138.8,20108.991003,179.90000000000146,29.80899700000009,4.111333,960.136,290.03,18854.713669999997,283,5,294.74991042935585,17.23959590387201,4096,0.069091796875,False
2026-10-09T00:42:37.008Z,0a0e061c-b45c-449b-9aaa-8d95e4af52d2,10263,17869.9,17708.1,17696.1126,161.8000000000029,11.98739999999816,1.458245,316.221,287.903,17090.530355,164,5,518.6246327726495,17.366960399856897,4096,0.0400390625,False
2026-10-09T00:42:37.801Z,523937fd-184d-4af6-9c61-531b01657310,10264,17990.3,17779.6,17768.273332,210.70000000000073,11.32666799999788,1.373545,524.461,217.55,17024.888787,202,4,385.15733295707406,18.38657779820731,4096,0.04931640625,False
2026-10-09T00:42:39.684Z,fea8a1af-1168-4f30-b5f9-87445bf80f32,10265,18795.3,18606.1,18594.104308,189.20000000000073,11.99569199999678,1.294303,1611.032,291.611,16690.167005000003,387,5,240.21869211784744,17.14612960416445,4096,0.094482421875,False
2026-10-09T00:42:40.893Z,332035e8-ece9-486b-9926-7908dd3617dc,10266,18859.1,18671.8,18652.483905,187.29999999999927,19.316094999998313,1.406305,880.132,293.07,17477.8756,270,5,306.77216599328284,17.06077046439417,4096,0.06591796875,False
2026-10-09T00:42:41.652Z,203f41b8-5a4e-438e-8986-e237b539607f,10267,18609.6,18413.8,18386.110921,195.79999999999927,27.689078999999765,4.242734,438.882,286.632,17656.354187,187,5,426.08263724645803,17.443969968461303,4096,0.045654296875,False
2026-10-09T00:42:43.177Z,b11e7a08-52ed-4094-a272-d535ae1dc0c2,10268,19868.5,19701.4,19670.261319,167.09999999999854,31.13868100000036,3.096982,1404.892,147.192,18115.080337,369,3,262.65364170341917,20.38154247513452,4096,0.090087890625,False
2026-10-09T00:42:43.928Z,fd43e516-3862-45c1-a9bf-980001b59cb6,10269,20560.3,20260.0,20246.889253,300.2999999999993,13.11074699999881,1.707298,442.009,145.503,19657.669955,190,3,429.8555006798504,20.618131584915776,4096,0.04638671875,False
2026-10-09T00:42:44.886Z,59a24aa2-3c3b-4074-b8a3-82caf67cce1a,10270,21314.6,21128.9,21114.96788,185.6999999999971,13.932120000001305,1.420875,779.827,292.089,20041.631005,250,5,320.5839243832286,17.1180701772405,4096,0.06103515625,False
2026-10-09T00:42:45.487Z,f41c301a-1037-4771-b1c4-289b2b0c054d,10271,21779.6,21599.6,21587.54868,180.0,12.051319999998668,1.355605,446.991,148.266,20990.936075,189,3,422.8273052477566,20.23390392942414,4096,0.046142578125,False
2026-10-09T00:42:46.479Z,20feea4a-f1d9-42f1-accb-ca06b949358e,10273,22108.2,21912.4,21883.52332,195.79999999999927,28.876680000001215,3.800599,828.822,145.221,20905.679721,261,3,314.9047684545053,20.658169273039025,4096,0.063720703125,False
2026-10-09T00:42:47.694Z,5006091f-4c40-40ef-a2b7-834db8a3e692,10272,23351.3,23121.2,23073.787342,230.09999999999854,47.4126580000011,4.211114,879.446,302.262,21887.868228,272,5,309.28561844615814,16.54194043578088,4096,0.06640625,False
2026-10-09T00:42:50.138Z,47d95283-21ed-4c87-b4f4-f3a3a82fdcb3,10274,25714.3,25477.4,25452.04727,236.89999999999782,25.35273000000234,4.644288,2110.415,297.793,23039.194982,492,5,233.12950296505662,16.79018647181096,4096,0.1201171875,False
2026-10-09T00:42:51.948Z,55ce2e16-33bb-4d8e-88e3-592e2f6ae223,10275,26406.9,26234.7,26208.734206,172.20000000000073,25.965793999999732,4.718439,1534.19,296.503,24373.322767,378,5,246.38408541314962,16.863235785135394,4096,0.09228515625,False
2026-10-09T00:42:54.257Z,22e8f6aa-0878-4248-8779-2eff026e84e6,10276,27072.1,26866.3,26836.900904,205.79999999999927,29.39909600000101,4.525538,2025.77,220.262,24586.343365999997,481,4,237.4405781505304,18.160191045209796,4096,0.117431640625,False
2026-10-09T00:42:55.374Z,bbda103f-be89-4b32-ac7f-ac80c100a2a5,10277,27732.9,27551.9,27540.388127,181.0,11.511873000003106,2.122432,953.608,150.757,26433.900694999997,284,3,297.8162934874707,19.899573485808286,4096,0.0693359375,False
2026-10-09T00:42:56.257Z,3f599a83-e647-40d7-b3aa-c127d87b12b2,10278,28556.7,28382.3,28367.054102,174.40000000000146,15.245898000001034,1.418864,719.488,145.907,27500.240238,233,3,323.84139832769966,20.561042307771388,4096,0.056884765625,False
2026-10-09T00:42:57.450Z,33070dc8-8c31-40ce-b2d9-c7d9de8824a1,10279,28564.5,27927.9,27895.22516,636.5999999999985,32.674839999999676,4.529628,419.268,295.613,27175.814532,181,5,431.7047807130523,16.914005811652395,4096,0.044189453125,False
2026-10-09T00:42:57.716Z,9edc48e9-817c-4036-8482-cf82e4847159,10280,28797.0,28615.9,28589.098843,181.09999999999854,26.801157000001695,4.114733,501.057,217.883,27866.04411,200,4,399.15618382738893,18.35847679718014,4096,0.048828125,False
2026-10-09T00:43:00.400Z,b1112bb6-618e-4278-b2a5-8cca032267e7,10281,29467.8,29285.2,29273.12568,182.59999999999854,12.074319999999716,1.932499,2382.641,297.123,26591.429181,544,5,228.31807225679404,16.828047643568485,4096,0.1328125,False
2026-10-09T00:43:02.326Z,c187eea9-9af4-4d6d-a273-df7d82909c37,10282,28651.2,28490.1,28477.495226,161.10000000000218,12.604773999999452,1.453376,1607.311,294.548,26574.182849999997,403,5,250.72932369653415,16.975161943044938,4096,0.098388671875,False
2026-10-09T00:43:03.818Z,371e9852-79b5-4b9e-abab-bff40089ac9b,10283,28206.1,28039.7,28027.67499,166.39999999999782,12.025010000001203,1.595227,1166.924,298.236,26560.919762999998,332,5,284.5086740867443,16.76524631499886,4096,0.0810546875,False
2026-10-09T00:43:04.602Z,33351223-f123-46c0-b234-4c781f5a46b2,10284,24829.3,24655.1,24641.617267,174.20000000000073,13.482732999997097,1.464805,619.606,143.834,23876.712462000003,219,3,353.45041849175124,20.85737725433486,4096,0.053466796875,False
2026-10-09T00:43:05.553Z,7408a23d-f844-41b7-aafb-a995164a9a1e,10285,22722.2,22547.7,22522.240021,174.5,25.459978999999294,1.620226,776.147,146.899,21597.573795,250,3,322.1039313429028,20.422194841353583,4096,0.06103515625,False
2026-10-09T00:43:06.795Z,4940b5a3-645f-4487-80b8-55eda3810410,10286,23910.5,23743.7,23715.215,166.79999999999927,28.485000000000582,4.334825,1021.607,220.782,22468.491175,296,4,289.7395965376118,18.11741899249033,4096,0.072265625,False
2026-10-09T00:43:07.795Z,2fb4a39a-e7cd-4883-b782-8e6090097a0c,10287,24088.5,23916.7,23903.328898,171.79999999999927,13.371102000000974,2.145513,824.007,147.193,22929.983385,258,3,313.10413625126967,20.381404006984027,4096,0.06298828125,False
2026-10-09T00:43:09.171Z,04df6118-f3bd-4056-b1e3-4d919466c4f9,10288,24018.2,23846.2,23817.956018,172.0,28.24398199999996,4.214174,1137.123,217.515,22459.103844,316,4,277.8942999130261,18.38953635381468,4096,0.0771484375,False
2026-10-09T00:43:10.688Z,65c2a505-ed47-4ca0-a93f-f34c65308c8d,10289,25036.9,24875.4,24862.607802,161.5,12.792198000002827,1.488106,1211.724,292.142,23357.253696,330,5,272.3392455707735,17.114964640483052,4096,0.08056640625,False
2026-10-09T00:43:11.688Z,2ec4b296-eb48-40d7-b82b-8a6b689ce00b,10290,25037.0,24862.7,24849.795117,174.29999999999927,12.904882999999245,1.530606,740.427,216.465,23891.372511,245,4,330.89014852240666,18.47873790220128,4096,0.059814453125,False
2026-10-09T00:43:12.347Z,ab14dd09-1f94-4cb5-b722-e6802512fa02,10291,24503.6,24330.3,24317.929059,173.29999999999927,12.37094100000104,1.494515,501.689,148.762,23665.983544,199,3,396.66008224218587,20.16644035439158,4096,0.048583984375,False
2026-10-09T00:43:14.789Z,b0c82fdb-c683-459e-b87f-190191f544d1,10292,26763.5,26586.4,26571.134263,177.09999999999854,15.265737000001536,1.490905,2288.354,147.902,24133.387358,530,3,231.60752226272683,20.283701369825966,4096,0.12939453125,False
2026-10-09T00:43:15.523Z,3bf00cc8-edf1-463c-9cb0-e9f865e443a2,10293,25424.1,25248.2,25235.498829,175.89999999999782,12.701171000000613,2.196633,384.78,303.767,24544.755196,178,5,462.6020063412859,16.459984132575297,4096,0.04345703125,False
2026-10-09T00:43:17.140Z,4560139f-3aa9-4f52-aff3-6d505e2208ac,10294,24462.0,24282.1,24270.092497,179.90000000000146,12.007502999997087,1.976351,1316.305,295.115,22656.696146000002,354,5,268.934631411413,16.942547820341222,4096,0.08642578125,False
2026-10-09T00:43:19.374Z,b94e26a1-176d-4758-822c-6b38f57d3c17,10295,26252.3,26099.2,26083.236839,153.09999999999854,15.963160999999673,1.531546,1940.556,290.686,23850.463293,458,5,236.01483286233432,17.200690779741713,4096,0.11181640625,False
2026-10-09T00:43:20.625Z,0bf83225-47a1-4849-9a3e-f340b3b63631,10296,25690.4,25513.6,25500.361011,176.8000000000029,13.238988999997673,1.608797,965.04,222.604,24311.108214,290,4,300.5056785210976,17.96912903631561,4096,0.07080078125,False
2026-10-09T00:43:21.392Z,6cfcac93-6f91-47eb-a6bd-f12b471f0e6a,10297,25659.1,25475.6,25463.130742,183.5,12.469257999997353,1.500885,465.893,286.535,24709.201857,194,5,416.4046250963204,17.44987523339208,4096,0.04736328125,False
2026-10-09T00:43:22.326Z,7aeae6cd-9637-4906-965d-fe298397ef1e,10298,25658.5,25169.0,25141.521783,489.5,27.47821699999986,3.449366,480.796,145.367,24511.909417,196,3,407.6573016414446,20.637421147853363,4096,0.0478515625,False
2026-10-09T00:43:24.235Z,f1a13d66-fc10-488c-9a28-c1b30c6d22eb,10299,23852.9,23663.3,23650.415928,189.60000000000218,12.884072000000742,1.457485,2056.420999,150.103,21442.434444,487,3,236.81921174546417,19.986276090417913,4096,0.118896484375,False
2026-10-09T00:43:24.844Z,76f7a1d1-aca4-463b-91e3-675915e8729f,10300,22923.2,22754.0,22723.159595,169.20000000000073,30.84040499999901,3.491316,445.63,143.983,22130.055279,193,3,433.09471983484053,20.835793114464902,4096,0.047119140625,False
2026-10-09T00:43:26.727Z,11e99f30-d69e-4ad0-b5a3-f9bcd93727bf,10301,23138.5,22959.3,22931.158949,179.20000000000073,28.141050999998697,4.304405,1575.031,293.987,21057.836544,400,5,253.9632553264031,17.007554755822536,4096,0.09765625,False
2026-10-09T00:43:27.511Z,bfef470f-7e35-4206-921d-72293aa1dbb3,10302,22872.1,22699.0,22686.270549,173.09999999999854,12.729450999999244,1.461315,610.448,144.388,21929.973234,220,3,360.39105705973316,20.77734991827576,4096,0.0537109375,False
2026-10-09T00:43:29.186Z,31d0cee5-8809-46c1-82db-bfb363a24da9,10303,23955.8,23768.4,23740.139458,187.39999999999782,28.260541999999987,4.120163,1436.943,218.834,22080.242295,370,4,257.4910765423541,18.278695266731862,4096,0.09033203125,False
2026-10-09T00:43:29.962Z,9bd3e7e0-4d49-467d-b214-c856b1c8dd2b,10304,24601.0,24426.1,24405.717377,174.90000000000146,20.382622999997693,1.084822,617.477,146.446,23640.709555,227,3,367.62502894844664,20.48536661977794,4096,0.055419921875,False
2026-10-09T00:43:31.196Z,6a24ae20-7009-4794-9cd2-ab6b3dec6806,10305,24751.6,24591.4,24561.448936,160.1999999999971,29.95106400000077,5.465787,1096.69,146.088,23313.205149,309,3,281.75692310497953,20.53556760308855,4096,0.075439453125,False
2026-10-09T00:43:31.762Z,2d87167f-c38b-4d07-9a2a-1b5d76ad9fd9,10306,24571.6,24393.6,24381.588702,178.0,12.011297999997623,1.541966,378.437,145.489,23856.120736,173,3,457.1434611309148,20.62011561011485,4096,0.042236328125,False
2026-10-09T00:43:32.588Z,b383cc47-8621-4c64-ae2b-b9af0e8bf354,10307,24538.7,24361.5,24349.082773,177.20000000000073,12.41722700000173,1.387554,536.71,287.629,23523.356218999998,203,5,378.23032922807477,17.383504444962085,4096,0.049560546875,False
2026-10-09T00:43:35.339Z,ae0af904-0a51-403d-a809-2c5addbbfa0f,10308,26795.5,26562.0,26550.070213,233.5,11.929787000000942,1.469975,2544.149,147.957,23856.494238,570,3,224.04348173004018,20.27616131713944,4096,0.13916015625,False
2026-10-09T00:43:35.931Z,e7b4eade-d6af-4a84-9b18-c8ff768fbc6d,10309,26558.7,26409.7,26397.792516,149.0,11.907483999999386,1.460895,338.18,289.136,25769.015621000002,168,5,496.7768643917441,17.29290022688285,4096,0.041015625,False
2026-10-09T00:43:38.115Z,c97fb897-954d-4519-b29e-889db253623d,10310,28410.8,28184.4,28172.442688,226.39999999999782,11.957312000002275,1.394164,1815.903,293.399,26061.746524,442,5,243.40507174667368,17.041639542057062,4096,0.10791015625,False
2026-10-09T00:43:39.015Z,2eddd7be-5425-4017-b1df-40d9a9acbdd1,10311,28302.2,28160.6,28148.485898,141.60000000000218,12.114101999999548,1.648848,665.216,292.224,27189.39705,232,5,348.75889936501824,17.110162067455104,4096,0.056640625,False
2026-10-09T00:43:39.907Z,20e296ad-d610-4420-ae5d-107b5df91bdc,10312,28208.5,28034.2,28021.959039,174.29999999999927,12.240960999999515,1.442905,632.002,217.99,27170.524134000003,226,4,357.59380508289536,18.349465571815223,4096,0.05517578125,False
2026-10-09T00:43:41.841Z,701bb2cc-62e7-4d7e-8fe9-7baec4a98e29,10313,29886.6,29723.0,29710.635715,163.59999999999854,12.364284999999654,1.542436,1782.578,146.162,27780.353279,435,3,244.02859229722347,20.525170701003,4096,0.106201171875,False
2026-10-09T00:43:43.100Z,f195fcef-5e14-4b02-b077-636747922462,10314,29616.7,29442.0,29430.100524,174.70000000000073,11.899475999998685,1.430524,1066.287,147.276,28215.107,307,3,287.91497973810056,20.369917705532472,4096,0.074951171875,False
2026-10-09T00:43:44.409Z,9517337c-c887-4435-9bd6-bdd396f46162,10315,28263.6,28079.9,28067.106085,183.6999999999971,12.793915000002016,1.620977,1070.582,217.902,26777.001108,306,4,285.82584052412614,18.356876026837753,4096,0.07470703125,False
2026-10-09T00:43:45.418Z,1af0a19a-dc7a-47ec-b7b7-c564c11bbaec,10316,28393.4,28215.7,28203.20348,177.70000000000073,12.4965200000006,1.486875,777.429,219.533,27204.754605000002,251,4,322.8590649435511,18.220495324165388,4096,0.061279296875,False
2026-10-09T00:43:47.869Z,0df70558-766f-4673-92b9-0e350ec687e9,10317,29734.6,29579.4,29566.71964,155.1999999999971,12.68036000000211,1.381454,2307.097,149.432,27108.809186,530,3,229.72592829863675,20.076021200278387,4096,0.12939453125,False
2026-10-09T00:43:49.711Z,db2c2b65-2bd3-4622-8011-b1a6dfc92ebf,10318,31421.8,31255.7,31243.340921,166.09999999999854,12.359079000001657,1.489416,1643.101,146.108,29452.642505,406,3,247.09375747443403,20.532756591014866,4096,0.09912109375,False
2026-10-09T00:43:50.511Z,bf3f38e2-b23e-41e6-9b38-0cf6dd49d7b0,10319,30425.1,30272.1,30259.854452,153.0,12.245547999998962,1.634137,637.6,143.533,29477.087315,225,3,352.8858218318695,20.901116816341887,4096,0.054931640625,False
2026-10-09T00:43:51.445Z,12c0c060-81c1-4f8d-8af2-4cb9bd9600c0,10320,29021.6,28878.7,28865.927912,142.89999999999782,12.772088000001531,2.650577,642.412,293.377,27927.488335,228,5,354.9124238027932,17.042917474785003,4096,0.0556640625,False
2026-10-09T00:43:54.154Z,e4938777-523f-49ea-8246-f342f9aa3580,10321,30857.5,30697.8,30684.63519,159.70000000000073,13.164809999998397,1.527946,2460.086,222.655,28000.366244,554,4,225.19537934852684,17.965013136915857,4096,0.13525390625,False
2026-10-09T00:43:55.605Z,0ea0cc6f-a5d7-41e4-9fe5-69ba9302002c,10322,32099.0,31932.3,31919.939137,166.70000000000073,12.360862999998062,1.478516,1260.776,149.754,30507.930621,344,3,272.8478333978439,20.032853880363795,4096,0.083984375,False
2026-10-09T00:43:56.964Z,10f11a64-d0e5-476c-bed0-596f0f03f514,10323,32034.9,31872.0,31858.581136,162.90000000000146,13.418863999999303,1.452436,1050.087,293.509,30513.5327,300,5,285.6906142062515,17.035252752045082,4096,0.0732421875,False
2026-10-09T00:43:57.681Z,3b8339c8-2b4b-47a9-8103-398a06e99412,10324,31180.4,31006.2,30955.94475,174.20000000000073,50.25525000000198,1.175272,407.0,289.372,30258.397478,181,5,444.7174447174447,17.278796842818238,4096,0.044189453125,False
2026-10-09T00:43:59.706Z,5da4eda9-bbb3-40ea-adcd-f80be3655171,10325,32177.1,31983.4,31961.671616,193.6999999999971,21.728384000001824,1.401924,1776.597,218.29,29965.382692,435,4,244.85012639332388,18.324247560584542,4096,0.106201171875,False
2026-10-09T00:44:01.507Z,23e30248-b64f-4960-8b5b-e12b78cebd1f,10326,33442.1,33304.4,33291.146262,137.6999999999971,13.25373799999943,1.714508,1529.193,290.926,31469.312754000002,394,5,257.6522387952338,17.186501034627362,4096,0.09619140625,False
2026-10-09T00:44:02.649Z,b401a316-8435-4b85-b519-e367a9cbf0ec,10327,34434.7,34237.2,34222.342463,197.5,14.857536999996228,1.715108,772.847,290.278,33157.502355000004,253,5,327.3610430007492,17.22486719627392,4096,0.061767578125,False
2026-10-09T00:44:04.833Z,9608411e-8eca-47f9-b392-4437d168fb27,10328,35443.8,35253.5,35240.64556,190.3000000000029,12.854440000002796,1.434465,2031.227,146.039,33061.945094999995,486,3,239.26424766901977,20.54245783660529,4096,0.11865234375,False
2026-10-09T00:44:05.300Z,3a97d32f-a53e-4c38-be3c-4de11b9c648e,10329,34523.6,34336.7,34324.432732,186.90000000000146,12.267267999995966,1.328174,298.045,142.262,33882.797558,162,3,543.5420825714237,21.087851991396157,4096,0.03955078125,False
2026-10-09T00:44:06.417Z,cd6daea4-6f50-4b34-ab4d-13580ffb6ae6,10330,35445.9,35272.8,35244.237335,173.09999999999854,28.562665000004927,4.207864,982.914,146.187,34110.928471,289,3,294.0236887459127,20.521660612776785,4096,0.070556640625,False
2026-10-09T00:44:08.601Z,ef077c2c-435d-4af4-a6b2-a98efb16aa79,10331,37536.2,37351.5,37331.971613,184.6999999999971,19.528386999998474,1.403865,1867.802,292.949,35169.816748000005,455,5,243.6018378821738,17.06781726512123,4096,0.111083984375,False
2026-10-09T00:44:09.835Z,7d2dccdf-1091-474b-9d40-871c4b330999,10332,38660.3,38474.3,38461.474678,186.0,12.825322000004235,1.425675,979.418,216.906,37263.725003,291,4,297.1152255727381,18.44116806358515,4096,0.071044921875,False
2026-10-09T00:44:11.461Z,5d149742-3866-4a58-8815-ff63e7278e1f,10333,40204.5,40016.1,40003.85362,188.40000000000146,12.246379999996861,1.468186,1374.425,219.038,38408.922434,364,4,264.83802317332703,18.261671490791553,4096,0.0888671875,False
2026-10-09T00:44:12.103Z,bbd9179f-5c7b-4f80-bb9d-63f415664a2f,10334,40611.2,40435.9,40404.557689,175.29999999999563,31.342311000000336,4.199923,342.624,295.266,39762.467766,168,5,490.33342673017654,16.93388334586441,4096,0.041015625,False
2026-10-09T00:44:13.595Z,803911a3-7048-4c5b-8240-7b08b2aef4a5,10335,39513.7,39308.4,39296.208841,205.29999999999563,12.19115900000179,1.467116,1167.979,291.017,37835.745725,324,5,277.40224781438707,17.181126875749523,4096,0.0791015625,False
2026-10-09T00:44:15.004Z,9dc53752-749a-4184-865b-5eadcf0b2bf5,10336,39791.7,39613.7,39597.832728,178.0,15.867271999995864,1.535516,1257.554,147.331,38191.412212,340,3,270.3661234428104,20.362313430303196,4096,0.0830078125,False
2026-10-09T00:44:16.229Z,9f1aeb77-bd44-4a96-99e3-99cd2e205bf3,10337,40004.3,39838.8,39826.229014,165.5,12.570986000006087,2.117052,907.9,297.537,38618.674962,277,5,305.0996805815618,16.804632701143053,4096,0.067626953125,False
2026-10-09T00:44:16.730Z,2919ddaa-d0b8-4393-a057-12b9b7cc97d2,10338,39201.1,39055.6,39043.84981,145.5,11.750189999998838,2.797229,361.226,143.656,38536.170581,172,3,476.156201380853,20.88322102801136,4096,0.0419921875,False
2026-10-09T00:44:18.755Z,6dab00f1-0b2f-4e5d-8c64-9992f230fb23,10339,39186.0,38991.6,38961.47255,194.40000000000146,30.127449999999953,4.231044,1825.457,149.59,36982.194506,446,3,244.32238064221724,20.05481649842904,4096,0.10888671875,False
2026-10-09T00:44:19.581Z,fedb73e1-5300-41a2-9bd9-1bf20aceeb5c,10340,39458.4,39284.9,39272.652297,173.5,12.24770300000091,1.481216,661.339,145.259,38464.573081,227,3,343.2430266474531,20.65276506102892,4096,0.055419921875,False
2026-10-09T00:44:20.398Z,f3d2835a-479f-4a1e-b881-eff71d80d641,10341,40132.2,39957.9,39945.64565,174.29999999999563,12.254350000002887,1.525166,661.567,147.291,39135.262484,229,3,346.14785804007755,20.367843249078355,4096,0.055908203125,False
2026-10-09T00:44:22.557Z,59448879-b993-4b5f-abca-e2e48c85e6d0,10342,41686.5,41503.5,41489.949271,183.0,13.55072900000232,1.397014,1997.591,149.776,39341.185257,480,3,240.2894286167689,20.02991133425916,4096,0.1171875,False
2026-10-09T00:44:24.491Z,da0024fc-2ab0-4e0d-a61b-17f2a87a4632,10343,41525.6,41356.6,41343.369423,169.0,13.230577000002086,1.557846,1606.443,290.654,39444.714577,404,5,251.4872921105822,17.202584516297726,4096,0.0986328125,False
2026-10-09T00:44:27.167Z,3690013b-6f65-41bb-b0d4-a90b34916ebf,10344,42861.4,42678.2,42665.58012,183.20000000000437,12.619879999998375,1.462285,2475.969,147.697,40040.451835,562,3,226.98184024113388,20.311854675450416,4096,0.13720703125,False
2026-10-09T00:44:28.076Z,c3b29e0e-fa91-4c5f-8d5e-683823f9a59d,10345,41399.5,41208.0,41195.339166,191.5,12.660834000002069,1.648177,556.071,289.147,40348.472988999994,213,5,383.0446112097196,17.292242354235043,4096,0.052001953125,False
2026-10-09T00:44:28.984Z,0d2f4677-9cae-48f7-aff0-b3398fe50600,10346,40177.6,40014.3,40001.103455,163.29999999999563,13.196545000006154,1.356894,643.468,291.553,39064.725561,226,5,351.2218167803216,17.149540563808294,4096,0.05517578125,False
2026-10-09T00:44:30.351Z,1ab676cf-0059-448e-98e4-c5307688b00d,10347,41129.4,40714.6,40701.599355,414.8000000000029,13.000645000000077,1.513806,871.862,223.059,39605.164549,269,4,308.5350663293044,17.932475264391933,4096,0.065673828125,False
2026-10-09T00:44:32.085Z,a3ff7252-d8c6-4c06-958b-70bb418a9f27,10348,42289.0,42075.9,42053.015778,213.09999999999854,22.88422200000059,1.482746,1614.538,293.503,40143.492032,406,5,251.465125007897,17.03560099896764,4096,0.09912109375,False
2026-10-09T00:44:34.528Z,aeb3e2aa-b660-46bc-ba19-46c816d2fa58,10349,41890.9,41693.4,41680.317455,197.5,13.082545000004757,1.443395,2270.772,148.947,39259.15506,522,3,229.87776844174581,20.141392575882698,4096,0.12744140625,False
2026-10-09T00:44:36.620Z,775d5a87-9956-4993-82c7-a28664da59a0,10350,40655.6,40472.6,40459.352304,183.0,13.247695999998541,1.635507,1767.444,294.957,38395.315797,435,5,246.11812312016676,16.951623456978474,4096,0.106201171875,False
2026-10-09T00:44:37.646Z,cdcdbd39-6cd1-4bb7-88bc-9a8d9db3370f,10351,40543.3,40380.3,40367.607698,163.0,12.69230200000311,1.501216,730.541,289.506,39346.059482,239,5,327.1548071908353,17.270799223504866,4096,0.058349609375,False
2026-10-09T00:44:39.855Z,c392667b-7aaf-4853-9714-9efe59ff55af,10352,42211.0,41727.9,41714.716175,483.09999999999854,13.18382500000007,2.268614,1586.17,294.976,39831.301561,396,5,249.65798117477948,16.95053156866999,4096,0.0966796875,False
2026-10-09T00:44:41.314Z,1d939233-d599-4e57-87dd-60378ed25093,10353,41809.4,41640.7,41629.154002,168.70000000000437,11.545997999994142,1.110632,1588.896,148.327,39890.82037,391,3,246.08281473425572,20.225582665327284,4096,0.095458984375,False
2026-10-09T00:44:43.673Z,106b759e-87a2-4bdd-b685-72b805c04468,10354,44092.7,43911.4,43887.621584,181.29999999999563,23.778416000001016,1.560866,2165.445,147.162,41573.453718000004,502,3,231.82302021062645,20.385697394707876,4096,0.12255859375,False
2026-10-09T00:44:44.323Z,48af0288-0241-4472-a134-033ed87c4847,10355,42716.0,42561.5,42540.16038,154.5,21.33961999999883,1.588967,340.593,287.443,41910.535413,168,5,493.25734821326336,17.394753046690997,4096,0.041015625,False
2026-10-09T00:44:45.516Z,233dedcf-85c5-402d-82c8-43ab478af912,10356,43898.0,43726.2,43714.257917,171.8000000000029,11.942082999994454,1.408634,955.437,217.23,42540.182283,282,4,295.15289862125917,18.41366293789992,4096,0.06884765625,False
2026-10-09T00:44:47.791Z,6624fd7d-e764-4556-b23f-259b7f25ab25,10357,45943.9,45528.6,45513.876373,415.3000000000029,14.723626999999397,1.530736,1710.651,294.431,43507.263637,424,5,247.85885607292195,16.98190747577531,4096,0.103515625,False
2026-10-09T00:44:48.708Z,53eec6b3-5746-4429-9729-d66111fb2c16,10358,46765.5,46414.7,46402.846135,350.8000000000029,11.853864999997313,1.487906,794.968,146.641,45459.749229,256,3,322.02554065069285,20.458125626530098,4096,0.0625,False
2026-10-09T00:44:51.109Z,3a15218a-715c-4f3c-99a5-c13da8eba074,10359,48638.5,48467.8,48454.615094,170.6999999999971,13.18490600000223,1.438195,2423.509,148.646,45881.021899,546,3,225.29315962928132,20.182177791531558,4096,0.13330078125,False
2026-10-09T00:44:51.668Z,68f32edb-baab-43fe-9ec9-2e87e902e94c,10360,48808.0,48632.1,48619.905083,175.90000000000146,12.194917000000714,1.471615,378.537,144.953,48094.943468,176,3,464.94794432248364,20.69636364890689,4096,0.04296875,False
2026-10-09T00:44:52.693Z,626cec1d-0134-46de-be7e-22674ebe0a5d,10361,48878.4,48707.7,48695.577109,170.70000000000437,12.122890999999072,1.472235,739.731,290.137,47664.236873999995,243,5,328.49779176484424,17.23323809097082,4096,0.059326171875,False
2026-10-09T00:44:53.535Z,c13d416d-91dd-4391-a980-c374533d8fa2,10362,47456.1,47296.7,47272.037652,159.40000000000146,24.66234799999802,4.086163,551.506,292.267,46424.178489,205,5,371.7094646295779,17.107644722120526,4096,0.050048828125,False
2026-10-09T00:44:54.052Z,79d5ee18-a666-421d-8f59-07957d002560,10363,46289.6,46118.7,46106.890515,170.90000000000146,11.809484999997949,1.495766,357.218,146.629,45601.547749,174,3,487.09751468291074,20.459799903156945,4096,0.04248046875,False
2026-10-09T00:44:55.202Z,74bb42e9-7d71-4d4f-a7ff-9b66c2610fee,10364,46445.7,46257.9,46245.392025,187.79999999999563,12.507975000000442,1.462456,911.715,219.726,45112.488569,276,4,302.72618087889305,18.204491047941527,4096,0.0673828125,False
2026-10-09T00:44:56.203Z,4875eea9-e99f-4632-93bc-f48db932b0e5,10365,47290.5,47099.7,47086.79542,190.8000000000029,12.904579999994894,1.409195,687.054,291.501,46106.831225,233,5,339.12909320082554,17.15259981955465,4096,0.056884765625,False
2026-10-09T00:44:57.178Z,9e239cab-3071-495c-aa18-d61c4b431508,10366,46933.3,46769.9,46750.60265,163.40000000000146,19.297350000000733,1.534497,765.768,217.722,45765.578153,248,4,323.85787862642474,18.372052433837645,4096,0.060546875,False
2026-10-09T00:44:58.912Z,8356095b-1836-4c6e-9834-a046845c3a44,10367,47307.6,47111.8,47098.814311,195.79999999999563,12.985689000001003,1.482366,1382.534,294.77,45420.027945,367,5,265.4545927984411,16.96237744682295,4096,0.089599609375,False
2026-10-09T00:44:59.979Z,caf1df4b-eff4-4ea9-82a4-0843fe4d0589,10368,48137.7,47950.1,47921.589641,187.59999999999854,28.51035899999988,4.209014,847.154,219.188,46851.038627,265,4,312.8120743099838,18.249174224866326,4096,0.064697265625,False
2026-10-09T00:45:01.630Z,48222d54-a799-4ed3-aebc-d93cdaffaf3b,10369,49399.4,48471.7,48459.750411,927.7000000000044,11.949588999996195,1.484886,588.85,300.593,47568.822525,215,5,365.1184512184767,16.633787213940444,4096,0.052490234375,False
2026-10-09T00:45:02.580Z,85c203ae-0170-491e-a846-60f66e2bba92,10370,49875.0,49720.2,49704.800455,154.8000000000029,15.399545000000217,1.429345,1500.913,219.978,47982.48011,381,4,253.8454927101038,18.18363654547273,4096,0.093017578125,False
2026-10-09T00:45:04.081Z,ea8dd9e8-cb78-4911-9336-95606d6f1a7e,10371,49936.8,49766.4,49754.092036,170.40000000000146,12.307963999999629,1.606496,1248.604,222.608,48281.27354,342,4,273.9058981070059,17.968806152519228,4096,0.08349609375,False
2026-10-09T00:45:05.023Z,77c04978-b32f-49ad-897a-25f8c114e16f,10372,50531.7,50365.6,50353.24542,166.09999999999854,12.35457999999926,3.084482,645.257,291.722,49413.181938,228,5,353.3475808863755,17.13960551483947,4096,0.0556640625,False
2026-10-09T00:45:05.731Z,9dfb7e62-ce11-45f7-8a50-04304579a594,10373,50997.6,50846.1,50809.630468,151.5,36.469531999995525,4.232594,557.827,147.714,50099.856874000005,210,3,376.4608023634568,20.309517039684795,4096,0.05126953125,False
2026-10-09T00:45:06.365Z,da7af4b5-b30e-4ac8-bba6-ba2cef407be5,10374,49583.0,49428.8,49416.412608,154.1999999999971,12.387392000004184,1.398275,483.579,144.988,48786.447333,195,3,403.2433170174884,20.69136756145336,4096,0.047607421875,False
2026-10-09T00:45:07.757Z,d52191bf-6292-4e6f-adf3-0e36dee10b5e,10375,50274.6,50118.0,50104.191223,156.59999999999854,13.808776999998372,1.506296,1236.639,150.675,48715.370927,340,3,274.9387654764244,19.91040318566451,4096,0.0830078125,False
2026-10-09T00:45:10.000Z,4e81cbd6-d1fa-4297-a34d-45a1801dce3d,10376,52235.0,51991.3,51977.563456,243.6999999999971,13.736543999999412,1.471205,1969.492,148.905,49857.695251000005,427,3,216.80717667296946,20.147073637554143,4096,0.104248046875,False
2026-10-09T00:45:10.933Z,c3812e77-8cd3-410b-b23f-43a960928122,10377,52354.1,52121.9,52109.605369,232.1999999999971,12.294631000004301,1.411515,693.592,221.716,51192.885854,239,4,344.5829825026817,18.041097620379226,4096,0.058349609375,False
2026-10-09T00:45:12.084Z,f3553e4d-75b9-412f-8468-0fbd6065e649,10378,53073.2,52899.8,52888.028938,173.39999999999418,11.771061999999802,1.85276,1046.098999,147.379,51692.698179000006,304,3,290.6034708862196,20.355681609998708,4096,0.07421875,False
2026-10-09T00:45:13.468Z,d9a313ba-4837-444c-b4ee-24ca2d089cc5,10379,54204.1,54025.3,53998.37606,178.79999999999563,26.923940000000584,4.218924,1135.544,220.512,52638.101136000005,320,4,281.80325905469095,18.139602379915832,4096,0.078125,False
2026-10-09T00:45:15.243Z,64eb2019-10e3-458c-8335-fdbbf53c1659,10380,55335.8,55165.0,55149.605448,170.8000000000029,15.39455199999793,1.618057,1474.544,295.799,53377.644391,379,5,257.0286135917273,16.90337019394927,4096,0.092529296875,False
2026-10-09T00:45:16.811Z,319e3b32-6202-404e-90d2-801123d0d065,10381,56554.5,56373.9,56361.425666,180.59999999999854,12.474333999998635,1.263693,1232.566,291.927,54835.668973,343,5,278.2812441686693,17.127569563623783,4096,0.083740234375,False
2026-10-09T00:45:19.145Z,4b098227-5c8c-4c57-be25-4024414bc8f0,10382,57087.8,56908.1,56895.395738,179.70000000000437,12.70426199999929,1.575936,2159.856,146.738,54587.225802,477,3,220.84805653710248,20.44460194360016,4096,0.116455078125,False
2026-10-09T00:45:20.287Z,02965b20-b8b2-4cc8-a751-e11c2095cbe7,10383,56444.3,56273.0,56257.376926,171.3000000000029,15.623074000002816,1.568616,818.764,300.056,55136.98831,254,5,310.2237030450777,16.66355613618791,4096,0.06201171875,False
2026-10-09T00:45:21.271Z,70091917-e734-490b-ae79-e68ebb3b4dc0,10384,56885.8,56733.2,56714.32082,152.60000000000582,18.879179999996268,1.470855,846.974,148.861,55717.014965,264,3,311.6978797460134,20.153028664324438,4096,0.064453125,False
2026-10-09T00:45:22.763Z,064eee92-cd1d-4ea0-8051-7af50e77b31d,10385,57830.0,57639.9,57627.34458,190.09999999999854,12.555420000004233,1.461406,1127.111,305.327,56193.445174,293,5,259.95665023231965,16.375885526009817,4096,0.071533203125,False
2026-10-09T00:45:23.980Z,975d6990-3d9b-4b29-8640-e1f83fca87f9,10386,56760.6,56593.6,56581.153089,167.0,12.44691099999909,1.427425,1069.971,146.256,55363.498664,307,3,286.9236642862283,20.511978995733507,4096,0.074951171875,False
2026-10-09T00:45:24.972Z,39a376d7-d203-4f8a-a288-cb5c028cadb0,10387,56668.6,56505.9,56493.495006,162.6999999999971,12.40499400000408,1.407185,675.536,290.9,55525.651821,233,5,344.9113000639492,17.188037126160193,4096,0.056884765625,False
2026-10-09T00:45:26.006Z,0e4a2dd3-818c-4246-a0e6-58dda26f3454,10388,56120.8,55905.7,55876.776135,215.10000000000582,28.923864999997022,4.106162,681.599,290.162,54900.908973,234,5,343.3103628379737,17.231753296434405,4096,0.05712890625,False
2026-10-09T00:45:27.165Z,b31bd323-258a-4b79-a777-28b69e0b139a,10389,54267.4,54101.9,54088.865058,165.5,13.03494199999841,1.737388,977.938,219.315,52889.874670000005,289,4,295.5197568762028,18.238606570458018,4096,0.070556640625,False
2026-10-09T00:45:28.148Z,24826c2a-4856-4340-9c86-101f553d7a84,10390,52299.8,52138.9,52125.727397,160.90000000000146,13.172602999999071,1.455745,690.272,289.964,51144.035652000006,236,5,341.89420981873815,17.243519885227133,4096,0.0576171875,False
2026-10-09T00:45:29.074Z,f91795ee-9549-4fbc-892e-dd6ec865a974,10391,53125.6,52875.0,52861.27253,250.59999999999854,13.727469999997993,1.491556,684.233,145.695,52029.852974,234,3,341.988766984346,20.590960568310514,4096,0.05712890625,False
2026-10-09T00:45:30.537Z,7a536fd9-8761-4669-82f4-fdf9b5ef87c1,10392,54379.7,53898.9,53868.748571,480.79999999999563,30.15142900000501,4.304745,946.576,297.985,52619.882825999994,281,5,296.85941752167815,16.779368088997767,4096,0.068603515625,False
2026-10-09T00:45:31.166Z,de5e553c-c8fa-4923-8cd9-29655e1620f0,10393,54682.2,54496.0,54483.564478,186.1999999999971,12.435521999999764,1.653557,581.364,290.133,53610.413921,216,5,371.540033438603,17.233475681842467,4096,0.052734375,False
2026-10-09T00:45:32.867Z,cfabb037-7fd9-45b3-959d-dd0ced9883aa,10394,55801.4,55626.7,55614.573784,174.70000000000437,12.12621599999693,1.446875,1561.151,148.834,53903.141909,367,3,235.08296122540358,20.156684628512302,4096,0.089599609375,False
2026-10-09T00:45:34.017Z,7adbd851-9277-458c-915f-b5335ddf557c,10395,56336.7,56160.5,56148.145096,176.1999999999971,12.354903999999806,1.457376,831.889,292.01,55022.78872,263,5,316.14794762281986,17.122701277353517,4096,0.064208984375,False
2026-10-09T00:45:35.568Z,1b8e4714-c77a-40a4-bf4c-7617c20d86b0,10396,57205.5,57016.5,57001.788905,189.0,14.71109499999875,1.441385,1236.294,294.186,55469.86752,338,5,273.39775166748365,16.99605011795259,4096,0.08251953125,False
2026-10-09T00:45:37.660Z,8f2f2458-99e7-473a-be4f-f1f77d3ef682,10397,59250.8,59091.9,59079.430592,158.90000000000146,12.469408000004478,1.271634,1800.929,294.437,56982.792958,441,5,244.87361800492968,16.981561420609502,4096,0.107666015625,False
2026-10-09T00:45:39.619Z,acebb807-f3f5-4df6-a37a-fe884904dd65,10398,60575.3,60380.3,60367.931176,195.0,12.368824000004679,1.460425,1738.907,145.642,58481.921751,407,3,234.05507022514718,20.598453742739046,4096,0.099365234375,False
2026-10-09T00:45:41.011Z,913904f9-8e2d-406a-9dc1-49993e7dd25c,10399,61841.2,61653.5,61626.443991,187.6999999999971,27.056008999999904,4.099392,1074.341,294.091,60253.912599,278,5,258.76327907061165,17.001540339554765,4096,0.06787109375,False
2026-10-09T00:45:42.746Z,aa053d15-ed83-4d28-b63a-3b65db54de7a,10400,63066.1,62890.1,62875.890229,176.0,14.209771000001638,1.434635,1443.699,293.195,61137.561594,374,5,259.056770143915,17.053496819522845,4096,0.09130859375,False
2026-10-09T00:45:44.263Z,87eb9e18-0947-4df2-912d-43914a0ba3e1,10401,63154.5,62998.8,62969.698212,155.6999999999971,29.101787999999942,5.451646,1222.012,291.706,61450.528566,336,5,274.9563834070369,17.140545617848105,4096,0.08203125,False
2026-10-09T00:45:45.755Z,505b0800-9aa9-4fbc-9fca-226cb16201d6,10402,63341.4,63172.6,63156.540813,168.8000000000029,16.05918699999893,1.468775,1230.352,218.969,61705.751038,348,4,282.84588475493194,18.26742598267335,4096,0.0849609375,False
2026-10-09T00:45:47.039Z,fcaf2eaf-ffb5-4360-bc06-52570e2e2fe6,10403,64406.5,64255.6,64241.254869,150.90000000000146,14.345131000001857,1.510346,1045.644,224.243,62969.857523,301,4,287.8608780808765,17.837792038101522,4096,0.073486328125,False
2026-10-09T00:45:48.848Z,e3028c11-ed55-4561-91cd-0395a1901b50,10404,64629.9,64464.6,64452.544743,165.3000000000029,12.055256999999983,1.428614,1561.445,220.632,62669.039129,382,4,244.64518442852614,18.129736393632836,4096,0.09326171875,False
2026-10-09T00:45:50.457Z,f4cfb48b-d3ac-4386-9968-53f582539db1,10405,64080.6,63922.7,63910.175867,157.90000000000146,12.524132999998983,1.504196,1365.404,223.279,62319.988671,357,4,261.461076721615,17.914806139404064,4096,0.087158203125,False
2026-10-09T00:45:51.391Z,1129ec19-b640-4b4e-b929-bd35c8ef8366,10406,64144.5,64008.7,63980.512637,135.8000000000029,28.187362999997276,4.003722,777.849,145.107,63053.552915,250,3,321.39914045013876,20.674398891852217,4096,0.06103515625,False
2026-10-09T00:45:53.024Z,a1ec0d9a-e800-4700-b7f5-f1f57c599835,10407,64726.6,64574.2,64545.924087,152.40000000000146,28.275912999997672,3.964701,1387.174,223.056,62931.729386,365,4,263.12488555869703,17.932716447887525,4096,0.089111328125,False
2026-10-09T00:45:54.250Z,666cc202-7510-4eb2-b5f9-9c1f07446fcf,10408,64967.9,64774.3,64761.366346,193.59999999999854,12.933654000000388,1.401804,863.096,295.236,63601.632542,267,5,309.3514510552708,16.93560405912558,4096,0.065185546875,False
2026-10-09T00:45:54.675Z,fd9f8239-69bc-45aa-ad5d-1e77f3584931,10409,65146.4,64970.0,64957.299175,176.40000000000146,12.700824999999895,1.379775,288.559,142.876,64524.4844,158,3,547.5483350025471,20.997228365855708,4096,0.03857421875,False
2026-10-09T00:45:56.342Z,da094e17-d5c8-4679-a5d4-e0cc9261f901,10410,65851.9,65633.9,65620.046578,218.0,13.853422000000137,1.531236,1477.48,145.662,63995.37334199999,376,3,254.48737038741643,20.595625489146105,4096,0.091796875,False
2026-10-09T00:45:57.457Z,b0811052-f237-448b-9493-53fa99dc44c8,10411,65459.8,65173.5,65161.712686,286.3000000000029,11.78731400000106,1.398384,712.358,299.851,64148.105301999996,219,5,307.4296912507475,16.6749485577837,4096,0.053466796875,False
2026-10-09T00:45:58.385Z,17611773-f754-4d27-9324-71db682a709d,10412,65667.5,65411.7,65398.909403,255.8000000000029,12.790596999999252,1.383505,802.824,147.831,64446.870898,256,3,318.87437346168025,20.293443188505794,4096,0.0625,False
2026-10-09T00:45:59.935Z,f87dc389-1103-4bb2-abe5-9f2213709580,10413,66091.1,65927.7,65898.378336,163.40000000000873,29.321664000002784,5.430056,1487.056,146.773,64259.11927999999,384,3,258.2283384082375,20.439726652722232,4096,0.09375,False
2026-10-09T00:46:01.244Z,d7ef7a39-287e-4def-a1d3-7b6800480425,10414,67080.4,66923.4,66910.243013,157.0,13.156986999994842,1.446845,1145.683,146.701,65616.412168,321,3,280.18221445199066,20.44975835202214,4096,0.078369140625,False
2026-10-09T00:46:03.062Z,16dcfeab-8023-42ee-bfa5-23b4f89b98e6,10415,65652.1,65236.6,65223.75977,415.5000000000073,12.840230000001611,1.374514,1382.431,149.334,63690.620255999995,364,3,263.30428064764175,20.089196030374865,4096,0.0888671875,False
2026-10-09T00:46:04.912Z,ab72ae70-a2ae-4eb4-bed9-a9a533603ae7,10416,66040.7,65877.1,65863.396293,163.59999999999127,13.703707000007853,1.495685,1921.951,146.872,63793.077608,454,3,236.21830109092272,20.425949125769378,4096,0.11083984375,False
2026-10-09T00:46:05.704Z,ac684c72-cf1b-4f7a-a5ce-5af92d1733a6,10417,65751.5,65588.0,65575.551806,163.5,12.448193999996874,1.636247,474.754,287.653,64811.508559,194,5,408.63268134655,17.38205407209381,4096,0.04736328125,False
2026-10-09T00:46:06.555Z,8c9b4648-30eb-4019-8d2f-8d5cc877a991,10418,65388.3,65204.6,65190.928292,183.70000000000437,13.671708000001672,1.431935,537.845,290.703,64360.948356999994,205,5,381.1507032695293,17.1996849017726,4096,0.050048828125,False
2026-10-09T00:46:07.205Z,0e2ca66c-b0ee-4a65-b6ea-735853ff6896,10419,65460.6,65287.6,65258.23004,173.0,29.369959999996354,1.559616,370.509,288.084,64598.077424,175,5,472.3232094227131,17.356048930173145,4096,0.042724609375,False
