ts,request_id,source_row,total_latency_ms,model_latency_ms,ollama_total_ms,service_overhead_ms,queue_residual_ms,load_ms,prompt_eval_ms,eval_ms,ollama_other_ms,prompt_eval_count,eval_count,prompt_eval_tps,eval_tps,num_ctx,ctx_ratio,ctx_truncation_suspect
2026-10-09T00:48:30.601Z,9d007dd5-0ca7-4850-80e1-9c1303c123a0,10000,1176.4,996.8,987.975355,179.60000000000014,8.824644999999919,1.341594,826.879,157.247,2.507761000000073,249,3,301.1323301232707,19.07826540410946,4096,0.060791015625,False
2026-10-09T00:48:33.285Z,336329f1-264e-4e04-a1a1-b6f61186c373,10001,1635.3,1367.1,1358.378457,268.20000000000005,8.721542999999883,1.359574,1111.629,230.439,14.950882999999976,294,4,264.4767273973601,17.358172878722787,4096,0.07177734375,False
2026-10-09T00:48:40.154Z,7cb09c34-a1a5-4dba-ae61-82c5f536bd58,10002,2264.4,1934.2,1925.303182,330.20000000000005,8.89681799999994,1.302083,1591.93,310.45,21.62109899999996,371,5,233.05044819809916,16.105653084232564,4096,0.090576171875,False
2026-10-09T00:48:49.425Z,abd6e715-f2f5-44db-a5b8-7c382a852042,10003,1755.1,1489.3,1476.600787,265.79999999999995,12.699212999999872,1.301954,1297.704,154.831,22.763833000000204,323,3,248.90113616048035,19.375964761578754,4096,0.078857421875,False
2026-10-09T00:48:51.275Z,8e038b72-6048-4b2e-a1b1-59ab1f63bd18,10004,3085.6,2756.0,2743.242339,329.5999999999999,12.757661000000098,2.015921,1450.34,315.9,974.986418,350,5,241.32272432670962,15.827793605571383,4096,0.08544921875,False
2026-10-09T00:48:54.943Z,ced6bdc0-1fc5-4928-a319-4fb92df21e3a,10005,2496.8,2276.3,2267.43422,220.5,8.865780000000086,1.325654,2089.103,154.713,22.292565999999624,453,3,216.83947608136123,19.390742859358944,4096,0.110595703125,False
2026-10-09T00:48:55.610Z,6176ad97-746a-4201-803e-bd619741ccf6,10006,1164.4,977.4,965.922375,187.0000000000001,11.477624999999989,1.834199,427.308,241.457,295.323176,181,4,423.5820532262443,16.566096654890934,4096,0.044189453125,False
2026-10-09T00:48:59.304Z,d52ad8fd-be26-41ee-b005-e39adab676ab,10007,1308.5,1117.1,1108.881601,191.4000000000001,8.218398999999863,1.229803,793.113,311.162,3.376798000000008,243,5,306.38761437525295,16.068800174828546,4096,0.059326171875,False
2026-10-09T00:49:08.507Z,1454250c-df45-47e6-92d0-04198d8b0c67,10008,982.2,799.9,792.249139,182.30000000000007,7.6508609999999635,1.964181,623.72,154.282,12.282957999999894,215,3,344.7059578015776,19.444912562709842,4096,0.052490234375,False
2026-10-09T00:49:18.360Z,ffb2ffb3-cbfa-4798-a1f0-90f2a9b9de06,10009,1135.2,891.3,883.634589,243.9000000000001,7.665410999999949,1.337594,574.95,304.963,2.3839949999999135,204,5,354.81346204017746,16.395431576945402,4096,0.0498046875,False
2026-10-09T00:49:21.545Z,adffbd35-001b-4feb-bf87-21f5cc8a1b67,10010,2190.0,1982.3,1973.552373,207.70000000000005,8.747626999999966,1.362244,1733.652,235.541,2.9971290000000863,396,4,228.41954440683597,16.98218144611766,4096,0.0966796875,False
2026-10-09T00:49:24.413Z,125f441f-ef7a-4ee0-9dcf-872cfef75783,10011,862.4,657.5,644.447132,204.89999999999998,13.05286799999999,1.320194,463.928,151.388,27.810937999999965,187,3,403.07978824300324,19.81663011599334,4096,0.045654296875,False
2026-10-09T00:49:29.581Z,6fab24b0-4fab-422f-8467-0efb0221f2bf,10012,2955.4,2746.5,2737.319504,208.9000000000001,9.180495999999948,2.011681,2573.538,157.697,4.072822999999971,524,3,203.61074909327158,19.02382416913448,4096,0.1279296875,False
2026-10-09T00:49:30.431Z,4017e1d1-2a9f-4aa1-9a96-719be3882441,10013,973.4,771.8,761.866162,201.60000000000002,9.933837999999923,1.506545,425.521,304.514,30.32461699999999,181,5,425.3609105073545,16.41960632351879,4096,0.044189453125,False
2026-10-09T00:49:36.159Z,6ced4d28-47eb-4d5e-b838-3fb643a761e0,10014,1681.6,1502.3,1494.055266,179.29999999999995,8.24473399999988,1.311144,1334.645,155.179,2.920121999999992,330,3,247.25676116120763,19.33251277556886,4096,0.08056640625,False
2026-10-09T00:49:52.740Z,cc7497a6-7156-40a1-bda0-aef8b77c4196,10015,3426.3,3224.9,3215.92856,201.4000000000001,8.971440000000257,1.357694,3033.569,156.767,24.23486600000024,579,3,190.86429219180445,19.136680551391557,4096,0.141357421875,False
2026-10-09T00:49:53.616Z,7ef3b540-0b8d-43a5-a101-9ddcaa6dcaf5,10016,2575.5,2379.8,2362.579017,195.69999999999982,17.22098300000016,1.632837,689.379,154.737,1516.83018,225,3,326.38069915097503,19.38773531863743,4096,0.054931640625,False
2026-10-09T00:49:54.399Z,11cfaefb-69bc-4ca4-9d18-7ecc7ea4366b,10017,1330.2,1116.5,1104.136942,213.70000000000005,12.36305799999991,1.845419,609.845,152.619,339.82752300000004,210,3,344.349793800064,19.656792404615413,4096,0.05126953125,False
2026-10-09T00:50:04.794Z,e291077f-1148-4247-bdd8-8e0d7d67640e,10018,821.1,644.1,635.886152,177.0,8.213847999999984,1.336724,479.255,152.765,2.5294280000000526,188,3,392.2755109492859,19.638006087781886,4096,0.0458984375,False
2026-10-09T00:50:26.811Z,db3bace9-b008-48c8-9b2b-8e929f9aa093,10019,1048.1,837.8,829.819018,210.29999999999995,7.980981999999926,1.255583,671.891,154.306,2.366435000000024,223,3,331.8990729151008,19.441888196181612,4096,0.054443359375,False
2026-10-09T00:50:30.179Z,75b333c5-4b81-4d37-90c9-9b0a20e887e2,10020,2643.2,2437.9,2429.563792,205.29999999999973,8.33620800000017,1.729188,2265.6,159.208,3.026604000000134,483,3,213.18855932203388,18.843274207326267,4096,0.117919921875,False
2026-10-09T00:50:38.041Z,f0073b57-d57d-4f45-94ce-f5daf957d56c,10021,2412.5,2191.7,2183.22355,220.80000000000018,8.476449999999659,1.356474,1994.064,154.873,32.9300760000001,439,3,220.15341533671938,19.370710194804776,4096,0.107177734375,False
2026-10-09T00:50:38.674Z,e0fc1bfe-a67f-44fe-837c-deb1232ec885,10022,1898.7,1714.6,1693.950293,184.10000000000014,20.649706999999808,2.141592,493.084,151.996,1046.728701,195,3,395.4701430182281,19.73736150951341,4096,0.047607421875,False
2026-10-09T00:50:42.684Z,571e2e95-65d9-444d-a985-b29342259b6d,10023,1136.9,946.6,938.888212,190.30000000000007,7.71178800000007,1.233663,781.934,153.318,2.402549000000022,243,3,310.7679164737689,19.567174108715218,4096,0.059326171875,False
2026-10-09T00:50:44.535Z,66892f94-4f99-4817-ad62-0e53965b95ee,10024,1150.1,975.2,967.608501,174.89999999999986,7.591498999999999,1.182803,646.018,305.543,14.864697999999976,220,5,340.5477865941816,16.364308787961104,4096,0.0537109375,False
2026-10-09T00:50:46.969Z,22ce3ea2-cd2b-4909-b8e2-72a4e96633db,10025,775.4,576.3,568.43117,199.10000000000002,7.868830000000003,1.221792,412.953,152.079,2.177377999999976,182,3,440.7281216022162,19.726589469946543,4096,0.04443359375,False
2026-10-09T00:50:48.486Z,e0f5bdde-bca9-4892-bb35-24a341579c91,10026,1077.1,903.4,895.482511,173.69999999999993,7.917488999999932,2.132013,580.524,309.839,2.9874980000000733,207,5,356.57440519255016,16.13741330174704,4096,0.050537109375,False
2026-10-09T00:50:49.678Z,2a538aea-0d21-4d16-86a1-9375717023a7,10027,1927.1,1728.7,1716.375256,198.39999999999986,12.32474400000001,1.811949,1008.766,156.214,549.5833070000001,280,3,277.5668490016515,19.204424699450755,4096,0.068359375,False
2026-10-09T00:50:50.645Z,e996c901-9471-4064-922e-8d9597d455cf,10028,1319.1,1126.9,1076.873816,192.19999999999982,50.02618400000006,4.479186,725.813,229.948,116.63363000000004,234,4,322.39709126179883,17.395237184059003,4096,0.05712890625,False
2026-10-09T00:51:06.376Z,2a528940-2e24-4b98-8bb8-b18632c99408,10029,1282.9,1083.5,1075.437642,199.4000000000001,8.062357999999904,1.261834,904.157,155.093,14.92580799999996,259,3,286.45467546012475,19.34323277001541,4096,0.063232421875,False
2026-10-09T00:51:17.214Z,ce4bcf76-8b59-449b-b534-7761777dd271,10030,1475.9,1273.9,1265.72936,202.0,8.170640000000049,1.362054,1100.523,154.241,9.603306000000202,296,3,268.96302939602356,19.450081366173716,4096,0.072265625,False
2026-10-09T00:51:23.133Z,47d6dfad-949f-4b8a-9955-97bcfb09419e,10031,1726.9,1523.5,1515.117752,203.4000000000001,8.38224799999989,1.360594,1347.831,156.732,9.194158000000243,334,3,247.80554832171094,19.14095398514662,4096,0.08154296875,False
2026-10-09T00:51:25.558Z,a5ca20f0-9877-40a0-97a2-cda580a63db1,10032,3653.4,3450.1,3437.526959,203.30000000000018,12.573041000000103,2.788859,2256.001,155.661,1023.0760999999998,481,3,213.20912535056502,19.272650182126544,4096,0.117431640625,False
2026-10-09T00:51:28.143Z,dbd23312-0b4c-4878-bf1e-ee0801c89526,10033,2401.0,2189.1,2180.890984,211.9000000000001,8.209015999999792,1.201782,1934.024,232.736,12.92920200000026,426,4,220.26613940674986,17.186855492919015,4096,0.10400390625,False
2026-10-09T00:51:30.010Z,855c7d2d-b065-4335-a1a3-307d5b99d276,10034,4049.5,3847.6,3824.979038,201.9000000000001,22.620961999999963,1.981761,1707.795,155.605,1959.5972769999998,393,3,230.12129675985702,19.279586131551042,4096,0.095947265625,False
2026-10-09T00:51:30.544Z,098989ae-ecc2-485b-a01e-ae0227a8d895,10035,4393.6,4216.4,4204.549104,177.20000000000073,11.85089599999992,1.8794,389.75,157.56,3655.3597039999995,173,3,443.8742783835792,19.040365575019038,4096,0.042236328125,False
2026-10-09T00:51:33.045Z,8ad637ed-d7c7-4bd3-9eb6-cc410e6dd202,10036,2418.7,2241.1,2232.970616,177.5999999999999,8.129383999999845,1.202703,2074.007,154.22,3.5409130000002733,450,3,216.9713024112262,19.45272986642459,4096,0.10986328125,False
2026-10-09T00:51:36.471Z,1419e95a-9d3a-4df3-8418-d5e76c5ce46e,10037,1827.7,1605.3,1597.042784,222.4000000000001,8.257215999999971,1.352534,1343.378,231.007,21.305249999999887,334,4,248.62696873106452,17.315492604120223,4096,0.08154296875,False
2026-10-09T00:51:39.497Z,2bd203d7-6210-4e92-9a68-61be37d314b6,10038,1336.2,1169.8,1161.608596,166.4000000000001,8.19140399999992,1.909419,994.135,155.293,10.27117700000008,279,3,280.64598872386546,19.318320851551587,4096,0.068115234375,False
2026-10-09T00:51:44.232Z,129f5380-c414-4494-ae76-6b62c66c7afb,10039,1846.1,1645.9,1637.224592,200.19999999999982,8.675408000000061,1.357655,1471.009,155.028,9.829936999999973,352,3,239.29153390631873,19.351342983203036,4096,0.0859375,False
2026-10-09T00:51:45.833Z,00da1201-58c6-495d-ae5f-eaf00a48c67f,10040,2997.5,2811.9,2791.355361,185.5999999999999,20.54463900000019,1.95172,1446.892,154.557,1187.9546409999998,352,3,243.2800789554438,19.410314641200333,4096,0.0859375,False
2026-10-09T00:51:46.833Z,ccb56bb6-79ca-4268-b972-671f21133770,10041,3133.4,2907.6,2895.737076,225.80000000000018,11.862924000000021,1.92878,798.474,152.99,1942.3442959999998,242,3,303.07812151679326,19.609124779397348,4096,0.05908203125,False
2026-10-09T00:51:47.684Z,84c299ce-cb4d-41fc-b4d2-e517935d8620,10042,2807.1,2631.0,2617.667605,176.0999999999999,13.332394999999906,1.840859,737.386,153.134,1725.3067460000002,234,3,317.3371883925108,19.590685282171172,4096,0.05712890625,False
2026-10-09T00:51:49.818Z,1df99bc9-364a-4ff1-81ae-799563cf6108,10043,2326.7,2127.2,2107.678073,199.5,19.521926999999778,1.331624,1781.212,314.543,10.591449000000011,406,5,227.93468716806308,15.896077801763193,4096,0.09912109375,False
2026-10-09T00:51:50.535Z,d063805b-5899-4f55-a9c2-2a853a2be320,10044,1578.3,1418.5,1406.27405,159.79999999999995,12.225950000000012,1.825208,593.765,152.764,657.919842,209,3,351.9911075930713,19.638134639051085,4096,0.051025390625,False
2026-10-09T00:51:52.102Z,20ae2351-83f2-463d-8f0a-8b1416e0a89e,10045,1588.3,1420.1,1411.935509,168.20000000000005,8.164490999999998,1.262933,1253.188,154.76,2.7245759999998427,319,3,254.5507936558601,19.384853967433443,4096,0.077880859375,False
2026-10-09T00:51:53.469Z,bf02f0d5-91f2-4345-9a9a-56d34c155de8,10046,2241.1,2025.1,2012.957657,216.0,12.142342999999983,1.844299,1151.921,153.624,705.5683579999998,302,3,262.17075650153095,19.52819871895016,4096,0.07373046875,False
2026-10-09T00:51:54.161Z,3ead0fd4-2c27-4763-a1c1-385d981f39a2,10047,2324.7,2156.2,2131.161547,168.5,25.038452999999663,4.450617,576.209,153.543,1396.9589300000002,206,3,357.50916768047705,19.538500615462766,4096,0.05029296875,False
2026-10-09T00:51:56.520Z,05815711-5487-416c-9015-f52f10417dee,10048,4069.6,3860.7,3840.992622,208.9000000000001,19.707377999999608,3.363035,2000.341,313.588,1523.7005870000003,440,5,219.96249639436473,15.944487671722133,4096,0.107421875,False
2026-10-09T00:51:57.579Z,4883e4ed-ee7d-4280-b232-d1aad524c587,10049,2043.3,1859.1,1845.688738,184.20000000000005,13.411261999999851,2.031651,914.47,156.285,772.9020869999999,264,3,288.6918105569346,19.19570016316345,4096,0.064453125,False
2026-10-09T00:52:05.557Z,fae51d46-4331-44f9-80ee-68a493f5e87c,10050,1721.5,1523.3,1514.516505,198.20000000000005,8.783494999999903,1.445945,1270.776,232.159,10.135560000000169,324,4,254.96232223460314,17.229571112901073,4096,0.0791015625,False
2026-10-09T00:52:06.961Z,4363d094-1fa3-4642-af3e-916dad9f6bc9,10051,2645.6,2424.3,2411.714853,221.29999999999973,12.585147000000234,1.881829,1138.756,231.934,1039.143024,298,4,261.6890712321164,17.24628558124294,4096,0.07275390625,False
2026-10-09T00:52:08.933Z,be1393c0-3470-40d1-ac5d-5fff66d79700,10052,2665.7,2355.3,2342.680225,310.39999999999964,12.619775000000118,1.855929,1640.144,233.061,467.6192960000001,376,4,229.24816357588114,17.162888685794705,4096,0.091796875,False
2026-10-09T00:52:10.084Z,9ac959d1-bc70-47fb-adf6-202d3197e71a,10053,1035.9,862.1,854.045579,173.80000000000007,8.054421000000048,1.318264,536.602,305.39,10.735315000000014,200,5,372.71571853999797,16.372507285765742,4096,0.048828125,False
2026-10-09T00:52:12.393Z,b4a7cdb7-8469-49e2-908a-046f7bab1e25,10054,1654.5,1278.4,1270.333786,376.0999999999999,8.066214000000173,1.458745,957.955,308.333,2.587040999999772,271,5,282.89429044161784,16.216233747279727,4096,0.066162109375,False
2026-10-09T00:52:14.560Z,27782e6f-c4cd-4522-aea0-055d59dfb390,10055,2295.5,1963.8,1947.550488,331.70000000000005,16.249511999999868,1.233283,1783.661,153.831,8.825205000000096,400,3,224.25786065849957,19.501920939212514,4096,0.09765625,False
2026-10-09T00:52:21.129Z,a2d26e7f-9a61-44c1-b022-41ef085b98b5,10056,1323.6,1163.0,1155.152799,160.5999999999999,7.847201000000041,1.323234,829.45,309.114,15.265564999999924,250,5,301.40454518054133,16.17526220100028,4096,0.06103515625,False
2026-10-09T00:52:24.022Z,72b9e95a-d9e0-463c-bf23-ef17e7e158ec,10057,1293.2,1113.7,1105.767196,179.5,7.932804000000033,1.89517,789.06,308.522,6.290026000000125,245,5,310.49603325475886,16.206299712824368,4096,0.059814453125,False
2026-10-09T00:52:25.148Z,e5db8bf1-33e1-4f12-8e99-7de407cd0275,10058,2087.9,1908.8,1896.635288,179.10000000000014,12.164712000000009,1.8364,808.981,310.187,775.6308879999999,247,5,305.3223746911238,16.119308675089542,4096,0.060302734375,False
2026-10-09T00:52:26.882Z,b7961c25-b8c2-4e7a-ac01-c85c54076f30,10059,3575.1,3394.0,3378.970438,181.0999999999999,15.029562000000169,1.8921,1566.966,155.95,1654.1623379999999,372,3,237.4014496804653,19.23693491503687,4096,0.0908203125,False
2026-10-09T00:52:31.208Z,365d503b-4f1e-400a-a9b9-788362414efb,10060,2546.9,2364.0,2355.487078,182.9000000000001,8.51292199999989,1.281744,2186.733,156.163,11.309334000000035,471,3,215.38980753480195,19.210696515820008,4096,0.114990234375,False
2026-10-09T00:52:32.492Z,5421265c-e876-4168-abe8-6b4b221587ae,10061,1686.8,1485.3,1473.051214,201.5,12.248785999999882,3.679399,1098.108,153.535,217.72881499999994,290,3,264.09059946744765,19.53951867652327,4096,0.07080078125,False
2026-10-09T00:52:33.926Z,6d7f06ba-58f0-4284-8977-b40ecd584d47,10062,2487.0,2299.6,2286.776183,187.4000000000001,12.823816999999963,1.874439,1284.268,154.437,846.1967439999999,321,3,249.94783020366467,19.4253967637289,4096,0.078369140625,False
2026-10-09T00:52:35.518Z,87eac060-4983-49db-94fb-b0f250be138b,10063,3214.9,3038.8,3021.052717,176.0999999999999,17.747283000000152,1.844089,1360.26,232.613,1426.335628,339,4,249.21706144413568,17.19594347693379,4096,0.082763671875,False
2026-10-09T00:52:37.244Z,11e321dc-3d26-49f8-84bd-951661b5c744,10064,4360.2,3692.2,3679.484611,668.0,12.71538899999996,1.93719,1068.054,154.468,2455.0254209999994,286,3,267.77672289977846,19.421498303855817,4096,0.06982421875,False
2026-10-09T00:52:38.503Z,4b87947c-c2b1-44a7-8350-55b6878755b1,10065,4718.3,4506.9,4493.539523,211.40000000000055,13.360476999999264,2.781469,1548.827,153.469,2788.4620540000005,359,3,231.78831464069262,19.547921730121395,4096,0.087646484375,False
2026-10-09T00:52:40.320Z,08106711-7f8f-47a0-95a4-09e820a20901,10066,4823.5,4639.2,4626.164872,184.30000000000018,13.035127999999531,1.99947,1679.916,155.337,2788.9124020000004,387,3,230.36866129020737,19.31284883833214,4096,0.094482421875,False
2026-10-09T00:52:41.938Z,81aa242d-ce8b-4915-be45-e1264738a4f6,10067,5804.4,5534.9,5521.641072,269.5,13.258927999999287,1.88335,1362.734,153.801,4003.2227220000004,336,3,246.56315906112275,19.505724930267036,4096,0.08203125,False
2026-10-09T00:52:42.971Z,b96e9036-8674-4515-94a7-29feba07467d,10068,6749.4,6555.1,6540.499424,194.29999999999927,14.600576000000729,1.87134,945.189,153.934,5439.505083999999,271,3,286.71514374373805,19.48887185417127,4096,0.066162109375,False
2026-10-09T00:52:43.863Z,f6731913-002b-4f7b-a582-4574cc81b475,10069,1540.2,1107.9,1095.62125,432.29999999999995,12.278750000000173,2.057072,415.797,228.73,449.0371779999999,181,4,435.3085760599523,17.487867791719495,4096,0.044189453125,False
2026-10-09T00:52:45.997Z,57dd8b29-1adc-4d21-9d46-9aabfb6bd988,10070,3539.2,3334.4,3322.109786,204.79999999999973,12.290214000000105,1.862039,2204.018,153.534,962.6957469999998,471,3,213.70061406032073,19.539645941615536,4096,0.114990234375,False
2026-10-09T00:52:53.167Z,3b74daee-bde2-4c29-baec-91554c915ca4,10071,1850.0,1661.4,1653.512029,188.5999999999999,7.887971000000107,2.336705,1477.928,155.06,18.18732399999999,360,3,243.58426120893577,19.347349413130402,4096,0.087890625,False
2026-10-09T00:52:54.492Z,dcf339ff-514a-4d2f-ab2b-f016139f18b1,10072,1565.1,1383.6,1359.28336,181.5,24.316640000000007,4.541987,1170.179,153.7,30.862372999999707,302,3,258.08017405884056,19.51854261548471,4096,0.07373046875,False
2026-10-09T00:52:57.418Z,8eeeff0f-af98-4e42-859c-71d343168a5a,10073,1331.6,1150.1,1142.021592,181.5,8.078407999999854,1.511966,976.783,153.77,9.956625999999915,273,3,279.4888936437264,19.509657280353775,4096,0.066650390625,False
2026-10-09T00:52:59.035Z,8ff91bcc-07ab-4d6d-905b-b045869c33e1,10074,963.2,751.8,743.56684,211.4000000000001,8.233159999999998,1.649727,429.307,303.625,8.985112999999956,180,5,419.2803751161756,16.467682173734048,4096,0.0439453125,False
2026-10-09T00:53:03.912Z,f2ac3415-81e3-4dc4-9628-658f90518443,10075,2586.5,2414.1,2404.917901,172.4000000000001,9.182099000000107,1.548016,2245.674,154.189,3.5068849999997838,478,3,212.85369114127872,19.45664087580826,4096,0.11669921875,False
2026-10-09T00:53:06.489Z,1dfdb913-91ca-4cd3-bd05-bfa8da3f4810,10076,1242.6,1053.0,1044.6559,189.5999999999999,8.344100000000026,1.308974,723.729,304.515,15.102925999999798,232,5,320.56197830956063,16.419552403001497,4096,0.056640625,False
2026-10-09T00:53:07.439Z,96985ca4-82d0-444f-85d5-793ebe04c0b3,10077,1933.6,1746.7,1718.362413,186.89999999999986,28.337586999999985,1.845789,792.737,153.77,770.0096240000001,242,3,305.2714834806499,19.509657280353775,4096,0.05908203125,False
2026-10-09T00:53:08.581Z,4d99b688-ea6a-4c0d-9ba7-58e468e6d789,10078,2774.5,2581.0,2567.927355,193.5,13.072645000000193,3.131713,816.848,312.296,1435.6516419999998,243,5,297.48496660333376,16.010451622819375,4096,0.059326171875,False
2026-10-09T00:53:09.648Z,187c93a3-1063-4bd9-bd10-2a7836e27ec3,10079,3155.7,2961.9,2949.544471,193.79999999999973,12.355528999999933,2.072101,749.415,306.178,1891.87937,238,5,317.58104654964205,16.330369915539325,4096,0.05810546875,False
2026-10-09T00:53:11.357Z,3982a304-b700-4b48-b96f-aa30b4170788,10080,3719.7,2881.5,2869.613771,838.1999999999998,11.886229000000185,1.91172,751.43,310.025,1806.2470509999998,241,5,320.7218237227686,16.1277316345456,4096,0.058837890625,False
2026-10-09T00:53:12.140Z,301541c5-f2ae-4081-8439-58ab4cd3736d,10081,2349.4,2148.8,2136.228477,200.5999999999999,12.57152300000007,1.86992,1180.094,234.569,719.695557,305,4,258.4539875637026,17.05255170120519,4096,0.074462890625,False
2026-10-09T00:53:14.800Z,ba7ac474-ba87-4b0a-866b-de5d7b07c5db,10082,1229.0,1034.4,1026.306569,194.5999999999999,8.09343100000001,1.417765,782.596,229.927,12.365804000000026,241,4,307.94944006869446,17.396825949105587,4096,0.058837890625,False
2026-10-09T00:53:18.401Z,42c5dbff-3a03-4dde-8523-92aa1db66dd7,10083,1343.2,1149.4,1141.225634,193.79999999999995,8.174366000000191,1.382854,979.293,153.258,7.291780000000017,272,3,277.75139820258084,19.57483459264769,4096,0.06640625,False
2026-10-09T00:53:19.077Z,d6e856eb-d38a-4f71-9eb1-e742327840d9,10084,1700.4,1545.9,1533.904006,154.5,11.99599400000011,1.91828,399.497,302.53,829.9587260000001,175,5,438.05084894254526,16.527286550094203,4096,0.042724609375,False
2026-10-09T00:53:20.952Z,10c429b8-8772-4122-a5c9-40115e29ee89,10085,2682.1,2512.7,2490.58723,169.4000000000001,22.112769999999728,2.005721,1702.557,154.616,631.4085090000001,392,3,230.2419243526061,19.40290784912299,4096,0.095703125,False
2026-10-09T00:53:22.653Z,d704fb25-34dc-4611-9712-b9a7f00034f4,10086,2871.9,2695.3,2681.788908,176.5999999999999,13.51109200000019,2.009811,1368.987,308.908,1001.8840970000001,340,5,248.35882298370987,16.186048920714256,4096,0.0830078125,False
2026-10-09T00:53:23.370Z,a223a238-2634-40c1-b829-56c4a2627f37,10087,1401.8,1233.3,1219.917771,168.5,13.382229000000052,2.272233,564.038,151.382,502.2255379999999,206,3,365.2236196851985,19.817415544780754,4096,0.05029296875,False
2026-10-09T00:53:26.629Z,d898972c-7725-4ced-97a5-338d2f3dc56b,10088,891.7,688.4,680.481434,203.30000000000007,7.918565999999942,1.274894,372.591,304.391,2.2245399999999336,171,5,458.9482837749704,16.426241248919972,4096,0.041748046875,False
2026-10-09T00:53:34.841Z,0437f976-7ebf-41cb-ba67-9e48c14ef24c,10089,1120.4,942.4,934.545775,178.0000000000001,7.8542249999999285,1.229943,776.722,154.072,2.5218320000000176,243,3,312.85324736520914,19.471415961368713,4096,0.059326171875,False
2026-10-09T00:53:36.967Z,e93c36b5-da6c-44b4-b8f1-c4950f37a11b,10090,1538.3,1334.4,1326.453219,203.89999999999986,7.946781000000101,1.88093,1007.41,308.502,8.66028899999992,280,5,277.9404611826367,16.20735035753415,4096,0.068359375,False
2026-10-09T00:53:38.326Z,d01503cd-de99-416b-b623-9af8ca2be68a,10091,2368.0,2163.1,2151.176881,204.9000000000001,11.923119000000042,2.398755,1188.838,156.897,803.043126,312,3,262.4411400039366,19.120824489952007,4096,0.076171875,False
2026-10-09T00:53:40.162Z,e6d0be27-0614-482f-b672-b28ab3722810,10092,2896.0,2686.1,2672.711303,209.9000000000001,13.388696999999866,2.084982,1665.143,154.75,850.7333209999999,381,3,228.8091773499333,19.38610662358643,4096,0.093017578125,False
2026-10-09T00:53:43.395Z,6a1fdede-80ce-4d89-9602-b68ecbeeae18,10093,4528.2,3201.6,3187.728697,1326.6,13.871302999999898,2.095922,1947.143,156.357,1082.132775,430,3,220.83637411325208,19.186860837698344,4096,0.10498046875,False
2026-10-09T00:53:44.786Z,cc5b1c3a-740f-489c-8241-17f312b4f0d4,10094,5824.8,5635.0,5622.785609,189.80000000000018,12.214391000000433,1.956671,2352.687,158.798,3109.343938,494,3,209.97268229900536,18.891925591002405,4096,0.12060546875,False
2026-10-09T00:53:46.837Z,67c1f82b-7d15-47ae-bc9f-cfb83223a97c,10095,3070.6,2853.7,2840.897221,216.9000000000001,12.802778999999646,1.95606,1849.338,156.368,833.2351610000003,420,3,227.10829496825352,19.185511102015756,4096,0.1025390625,False
2026-10-09T00:53:48.096Z,2cede348-7833-4f57-9cab-2cb9f8522acf,10096,2642.1,2409.0,2396.35218,233.0999999999999,12.647820000000138,1.93202,1076.78,153.641,1163.9991599999998,289,3,268.39280075781494,19.526037971635176,4096,0.070556640625,False
2026-10-09T00:53:51.305Z,d749912a-f534-4fc1-b565-c82eaf9bf7b0,10097,4564.8,4359.8,4346.095508,205.0,13.704491999999846,1.998411,3069.981,159.294,1114.8220970000002,602,3,196.09241881301546,18.83310105842028,4096,0.14697265625,False
2026-10-09T00:53:52.839Z,c26b6c36-2310-4765-a385-942de5d2a261,10098,4862.8,4660.8,4648.001905,202.0,12.798095000000103,1.95889,1364.637,153.139,3128.267015,339,3,248.41771108360683,19.590045644806352,4096,0.082763671875,False
2026-10-09T00:53:54.565Z,875844b6-5791-4124-902c-a092d10adf42,10099,5336.9,5156.3,5137.743366,180.59999999999945,18.556634000000486,2.88982,1428.185,307.733,3398.9355459999997,349,5,244.3661010303287,16.247851221675933,4096,0.085205078125,False
2026-10-09T00:53:55.357Z,66dd086b-ae86-4bc2-94ba-a0bea948ec34,10100,3938.8,3744.9,3732.632821,193.9000000000001,12.267178999999942,1.843889,614.306,153.993,2962.4899320000004,208,3,338.59346970402373,19.481404998928525,4096,0.05078125,False
2026-10-09T00:53:56.441Z,42a89703-da89-403a-a4b8-a85b7168f3fb,10101,4994.4,4781.8,4769.378667,212.59999999999945,12.421333000000232,1.799978,748.607,312.683,3706.288689,235,5,313.91638069107023,15.990635883626549,4096,0.057373046875,False
2026-10-09T00:53:57.866Z,c4dbdc1d-9a95-4cd3-9f27-8448f7a3dfb6,10102,6086.9,5893.4,5881.303326,193.5,12.096673999999439,1.85984,1204.369,233.731,4441.343486,311,4,258.22650699245827,17.1136905245774,4096,0.075927734375,False
2026-10-09T00:53:58.425Z,aadb6d69-a45b-436e-92ed-2a7de89c636f,10103,4860.4,4686.0,4670.183316,174.39999999999964,15.81668400000035,2.638887,413.319,154.207,4100.018429,177,3,428.2406567324512,19.454369775691116,4096,0.043212890625,False
2026-10-09T00:53:59.183Z,27fd842e-2f58-42e6-9c4f-af8be489d50d,10104,4588.4,4397.2,4384.377445,191.19999999999982,12.822554999999738,2.030831,583.689,155.308,3643.349614,208,3,356.35415435274604,19.316455044170294,4096,0.05078125,False
2026-10-09T00:54:00.484Z,8e2185f8-637b-4e9e-8d3e-0a80c6bd60f6,10105,5384.2,5198.2,5173.227604,186.0,24.972396000000117,4.617008,1148.514,153.651,3866.4455959999996,302,3,262.9484708066249,19.52476716715153,4096,0.07373046875,False
2026-10-09T00:54:03.177Z,8664628d-84f9-4029-a51d-1ed237e0f38a,10106,8097.2,7878.7,7835.927204,218.5,42.7727960000002,5.159384,2494.171,157.943,5178.6538199999995,513,3,205.67956246785002,18.994194108000986,4096,0.125244140625,False
2026-10-09T00:54:05.402Z,081bfe8b-6bca-4c28-b95b-666d84c57937,10107,7895.8,7701.6,7676.273993,194.19999999999982,25.326007000000573,4.277064,1915.792,313.901,5442.303929,431,5,224.9722308058495,15.928588950019273,4096,0.105224609375,False
2026-10-09T00:54:06.745Z,8553f1b2-cdfa-4433-8601-3b1eb670aee4,10108,8707.1,8509.1,8496.593811,198.0,12.506188999999722,1.952321,1010.722,314.474,7169.445490000001,279,5,276.04029594685784,15.899565623867158,4096,0.068115234375,False
2026-10-09T00:54:08.037Z,edbb995c-4c1d-4c16-98c4-6492b22a91c4,10109,9354.5,9164.2,9144.283933,190.29999999999927,19.916067000000112,1.972261,1132.068,155.996,7854.247672,299,3,264.11840984817167,19.231262340060002,4096,0.072998046875,False
2026-10-09T00:54:10.088Z,ad3419c6-6c77-4265-9a39-a4ebf826ea8a,10110,10917.3,10734.5,10721.643489,182.79999999999927,12.856510999999955,2.037342,1893.09,153.898,8672.618147000001,417,3,220.27478883729776,19.49343071384943,4096,0.101806640625,False
2026-10-09T00:54:11.196Z,015e078b-f086-4c6f-aff8-92e4da81a1ba,10111,7527.2,7338.5,7325.91617,188.69999999999982,12.58382999999958,2.02952,936.508,153.944,6233.43465,266,3,284.03387904855055,19.48760588265863,4096,0.06494140625,False
2026-10-09T00:54:14.106Z,499ca145-8ddd-4650-ad3c-067d7e64e581,10112,9189.0,8474.2,8450.597902,714.7999999999993,23.602098000001206,4.627689,2139.795,235.824,6070.351213,460,4,214.9738643187782,16.9618020218468,4096,0.1123046875,False
2026-10-09T00:54:15.423Z,9ba435e5-f15f-44f9-80cc-005d0a7b2165,10113,7590.6,7415.5,7398.109971,175.10000000000036,17.39002900000014,1.595607,1608.801,230.885,5556.828364,378,4,234.9575864261646,17.324642137860838,4096,0.09228515625,False
2026-10-09T00:54:17.724Z,7ae99597-419d-43f7-b835-b1736148b598,10114,9532.1,9349.2,9335.537229,182.89999999999964,13.662771000001158,3.324694,2118.168,158.805,7055.239535,458,3,216.22458652949155,18.891092849721357,4096,0.11181640625,False
2026-10-09T00:54:19.208Z,052be13c-d707-4181-ae95-0c4b36ef52f4,10115,3850.7,3645.1,3631.801211,205.5999999999999,13.298788999999942,2.041481,1286.526,153.911,2189.32273,326,3,253.3955784803416,19.49178421295424,4096,0.07958984375,False
2026-10-09T00:54:21.434Z,33f84543-b5ba-4a0b-b44b-ed66e9d67e94,10116,2260.7,2036.0,2026.917079,224.69999999999982,9.082920999999942,1.381304,1859.64,154.433,11.462774999999965,416,3,223.69921059990105,19.425899904813093,4096,0.1015625,False
2026-10-09T00:54:22.284Z,1a2b9b46-0c31-4ddd-a11d-f79e9cd2bc88,10117,2635.6,2448.9,2436.389505,186.69999999999982,12.510494999999992,1.916829,722.997,152.07,1559.405676,233,3,322.26966363622535,19.727756954034326,4096,0.056884765625,False
2026-10-09T00:54:23.526Z,de0d4698-dc9b-4273-9588-a227cf70d726,10118,2999.2,2823.2,2809.925587,176.0,13.27441299999964,2.682087,1013.952,232.096,1561.1955000000003,280,4,276.14719434450546,17.234247897421756,4096,0.068359375,False
2026-10-09T00:54:25.560Z,a0f7c4d8-4883-4638-bdf5-910b3827afb3,10119,2104.5,1922.3,1913.155796,182.20000000000005,9.144203999999945,1.340444,1747.26,156.977,7.578351999999995,396,3,226.64056866179047,19.11107996712894,4096,0.0966796875,False
2026-10-09T00:54:28.211Z,b852e7a1-74e9-45f5-9206-de42179d6808,10120,895.5,717.3,708.97947,178.20000000000005,8.320529999999962,1.725188,537.448,152.624,17.182281999999987,200,3,372.12902457540076,19.656148443233043,4096,0.048828125,False
2026-10-09T00:54:29.812Z,29b46066-270a-48f9-bd94-ed4930765893,10121,842.1,669.9,661.647088,172.20000000000005,8.252911999999924,1.274513,429.821,228.242,2.3095749999999953,183,4,425.75862975517714,17.52525827849388,4096,0.044677734375,False
2026-10-09T00:54:32.013Z,951e3a91-f162-4ed1-8442-ba8a73507b00,10122,3013.4,2867.6,2827.310119,145.80000000000018,40.289880999999696,2.028561,2067.17,156.4,601.711558,453,3,219.1401771504037,19.18158567774936,4096,0.110595703125,False
2026-10-09T00:54:32.855Z,34822e87-81b7-437e-966e-68bfd0b729d4,10123,2670.3,2482.4,2470.402008,187.9000000000001,11.997992000000067,1.9362,558.241,229.006,1681.218808,204,4,365.43356722275865,17.466791263111013,4096,0.0498046875,False
2026-10-09T00:54:33.405Z,d053bb42-99b5-4fcf-aa5e-93dd63b2e716,10124,1097.4,917.7,905.195439,179.70000000000005,12.50456100000008,2.123402,329.031,226.743,347.2980369999999,163,4,495.3940510164695,17.64111791764244,4096,0.039794921875,False
2026-10-09T00:54:34.330Z,307ef3b9-e023-475c-bc43-d76cf93df217,10125,1551.9,1371.5,1284.869646,180.4000000000001,86.6303539999999,1.980101,692.08,155.595,435.21454500000004,228,3,329.4416830424228,19.280825219319386,4096,0.0556640625,False
2026-10-09T00:54:35.722Z,eaae4bcb-b87e-482c-aef2-17c416f271d2,10126,2287.3,2089.8,2077.451863,197.5,12.348137000000406,1.92218,1217.964,153.801,703.7646829999999,315,3,258.62833384237956,19.505724930267036,4096,0.076904296875,False
2026-10-09T00:54:38.223Z,187c453b-1a9c-4429-b03f-d4afeeb7346b,10127,4364.0,4174.2,4160.510176,189.80000000000018,13.689824000000044,279.248193,2339.619,154.479,1387.163983,496,3,212.00032996825553,19.420115355485212,4096,0.12109375,False
2026-10-09T00:54:39.857Z,858cfeab-9523-4de9-93bf-8cf9feb4c186,10128,3399.2,3229.8,3216.985539,169.39999999999964,12.814461000000392,1.758089,1405.542,230.97,1578.71545,341,4,242.61103545820757,17.318266441529204,4096,0.083251953125,False
2026-10-09T00:54:41.841Z,85a425cb-e1b8-42e9-b3b5-4e8a626a9c99,10129,4632.0,4447.3,4428.124768,184.69999999999982,19.175232000000506,2.065162,1800.859,153.925,2471.2756059999997,409,3,227.11383845153895,19.4900113691733,4096,0.099853515625,False
2026-10-09T00:54:42.409Z,72751999-4ce0-47a2-b372-76e56285b199,10130,4349.1,4176.0,4163.79636,173.10000000000036,12.203639999999723,1.90386,409.423,155.429,3597.0405,177,3,432.31572237026256,19.301417367415347,4096,0.043212890625,False
2026-10-09T00:54:45.409Z,ca7f37a8-db9e-4601-aefb-2ca979fc7f37,10131,6421.0,5940.1,5926.29566,480.89999999999964,13.804340000000593,2.870399,2379.932,307.302,3236.191261,494,5,207.56895575167692,16.27063930595961,4096,0.12060546875,False
2026-10-09T00:54:46.285Z,ebbd584a-4f63-4157-90a1-eb26d90c86eb,10132,5246.3,5040.7,5027.507117,205.60000000000036,13.19288299999971,2.683157,986.113,153.685,3885.02596,277,3,280.9008703870652,19.52044766893321,4096,0.067626953125,False
2026-10-09T00:54:48.602Z,8f11e9ca-74d6-4dea-8085-b4fdea5223a5,10133,6301.7,6009.3,5995.834172,292.39999999999964,13.465828000000329,2.88853,2067.163,155.144,3770.638642,448,3,216.72214527833557,19.336874129840663,4096,0.109375,False
2026-10-09T00:54:50.928Z,7e15f254-87c0-44ab-a76d-ad8762880fc1,10134,8025.9,7847.8,7834.537544,178.09999999999945,13.262456000000384,2.059351,2195.989,230.074,5406.415193,470,4,214.02657299285198,17.385710684388503,4096,0.11474609375,False
2026-10-09T00:54:52.945Z,63501d9e-c1f5-4a55-81d1-7087b029baef,10135,8488.6,8283.4,8265.021158,205.20000000000073,18.378842000000077,2.069951,1660.814,312.21,6289.927207,385,5,231.81403817646046,16.01486179174274,4096,0.093994140625,False
2026-10-09T00:54:54.579Z,2d3fa177-c9b3-491a-9e60-cb0ed60d1d4d,10136,9989.3,9816.4,9803.177877,172.89999999999964,13.222122999999556,2.007111,1502.09,154.726,8144.354766,359,3,239.00032621214442,19.389113658984268,4096,0.087646484375,False
2026-10-09T00:54:57.214Z,65080960-16c5-4efd-b6d2-cb299b567644,10137,11754.9,11594.6,11581.948245,160.29999999999927,12.651755000000776,2.049191,2324.302,307.218,8948.379053999999,487,5,209.52526823106464,16.27508804822634,4096,0.118896484375,False
2026-10-09T00:54:58.389Z,0910ddeb-5710-40aa-9083-4cde2e7fa419,10138,11369.6,11183.0,11170.359107,186.60000000000036,12.640892999999778,1.93233,983.809,152.947,10031.670777,276,3,280.5422597272438,19.614637750331813,4096,0.0673828125,False
2026-10-09T00:54:59.381Z,230db024-6eb9-4a57-a4f1-7a589dfc9dbe,10139,8532.9,8363.4,8350.546446,169.5,12.853553999999349,2.053341,846.641,154.068,7347.784105000001,251,3,296.465680258811,19.471921489212555,4096,0.061279296875,False
2026-10-09T00:55:00.514Z,ad0e435f-b3ff-4dc6-9181-f526ff760cdf,10140,7600.3,7414.3,7402.479763,186.0,11.820236999999906,1.871,800.245,309.364,6290.999763,246,5,307.40585695630716,16.162190817289666,4096,0.06005859375,False
2026-10-09T00:55:01.290Z,cb487e16-e500-43ec-9763-65676fe67820,10141,8293.8,8108.0,8096.027652,185.79999999999927,11.972348000000238,2.700628,618.199,152.421,7322.707023999999,213,3,344.54924708710297,19.682327238372665,4096,0.052001953125,False
2026-10-09T00:55:03.133Z,9a4413bc-dd37-4507-9dfb-69c1496e5905,10142,9242.7,9057.1,9043.790423,185.60000000000036,13.30957699999999,1.95109,1689.772,154.389,7197.678333,388,3,229.61677670123544,19.431436177447875,4096,0.0947265625,False
2026-10-09T00:55:04.867Z,81fe07d5-0985-4854-abe6-b42203f9c5a3,10143,10201.7,9999.0,9985.967696,202.70000000000073,13.032304000000295,2.013811,1543.939,153.416,8286.598885,366,3,237.05599767866477,19.554674870939145,4096,0.08935546875,False
2026-10-09T00:55:06.851Z,93d549da-8c07-46b5-a73b-cc6dc1a8f904,10144,9693.1,9490.9,9477.416399,202.20000000000073,13.483600999999908,2.000451,1818.468,154.115,7502.832947999999,408,3,224.36468499858123,19.46598319436784,4096,0.099609375,False
2026-10-09T00:55:08.526Z,17bbe4ec-914e-4c79-b5b5-02d9394c2a58,10145,10273.8,10091.9,10078.496106,181.89999999999964,13.403893999999127,2.674678,1525.71,154.778,8395.333428,365,3,239.23288174030452,19.38259959425758,4096,0.089111328125,False
2026-10-09T00:55:10.811Z,237e7741-8918-4e64-96d1-3f299da4b4b5,10146,12322.9,12142.5,12129.751467,180.39999999999964,12.748532999999952,1.88958,2120.628,155.246,9851.987887,452,3,213.14440816588294,19.32416938278603,4096,0.1103515625,False
2026-10-09T00:55:11.961Z,08977a15-1368-445a-9cef-7d7192006621,10147,10345.8,10169.9,10156.997422,175.89999999999964,12.902577999999266,1.90264,984.762,153.66,9016.672782,276,3,280.27076593126054,19.52362358453729,4096,0.0673828125,False
2026-10-09T00:55:12.620Z,e153f450-73d9-4801-8201-e10f73942350,10148,10706.5,10438.0,10425.915067,268.5,12.084933000000092,1.841219,407.065,152.284,9864.724848,180,3,442.18982226425754,19.700034146725855,4096,0.0439453125,False
2026-10-09T00:55:14.996Z,450a4ba1-e593-4f12-a63d-5222d3bff585,10149,11814.4,11638.7,11625.567857,175.6999999999989,13.132143000000724,2.416126,2309.952,154.351,9158.848731,486,3,210.3939822126174,19.436220043925857,4096,0.11865234375,False
2026-10-09T00:55:15.721Z,f5eaca84-14c7-413b-bb28-086b71d3c6c8,10150,12455.8,12167.7,12147.464011,288.09999999999854,20.2359890000007,1.997951,443.563,153.383,11548.52006,187,3,421.58611065395445,19.558882014304064,4096,0.045654296875,False
2026-10-09T00:55:16.830Z,b98904d1-c1e4-4db5-becf-52992c61c32d,10151,11607.3,10934.3,10920.82571,673.0,13.47429000000011,1.96717,491.133,229.93,10197.79554,190,4,386.8605856254823,17.396598964902363,4096,0.04638671875,False
2026-10-09T00:55:18.314Z,73f69b37-549a-4b57-a1a6-e4fb00e9f83c,10152,12634.8,12452.5,12439.474026,182.29999999999927,13.025974000000133,1.998001,1664.08,307.269,10466.127025,384,5,230.75813662804674,16.272386736052123,4096,0.09375,False
2026-10-09T00:55:19.356Z,b80f01fb-4c14-4549-bbd7-ca5139f5512b,10153,13052.9,12851.7,12836.20684,201.1999999999989,15.493159999999989,2.009331,704.156,307.099,11822.942509,231,5,328.05230659115307,16.281394599135783,4096,0.056396484375,False
2026-10-09T00:55:21.356Z,c926e3c6-0410-4877-8745-e691369cdc41,10154,13765.8,13539.8,13527.370544,226.0,12.429455999999846,3.031812,1738.974,229.968,11555.396732,395,4,227.14543173158427,17.39372434425659,4096,0.096435546875,False
2026-10-09T00:55:24.057Z,7c99367b-fb6e-4f1d-a41d-45ab28a4d27e,10155,14599.4,14397.2,14384.534053,202.1999999999989,12.665947000001324,1.922941,2554.944,156.914,11670.753111999999,519,3,203.13556774629896,19.118752947474412,4096,0.126708984375,False
2026-10-09T00:55:27.167Z,c5d8651e-1d2e-4fd4-8e5e-39fab6c2d996,10156,13784.6,13599.5,13586.73588,185.10000000000036,12.76411999999982,1.978231,2950.896,156.455,10477.406649,586,3,198.58375218916558,19.17484260650027,4096,0.14306640625,False
2026-10-09T00:55:29.193Z,e529b3a0-6a70-4688-8a70-b6812dd164ed,10157,10703.6,10504.6,10491.872232,199.0,12.727768000000651,1.988461,1832.873,158.042,8498.968771,413,3,225.32930541286822,18.982295845408185,4096,0.100830078125,False
2026-10-09T00:55:30.251Z,c8f45811-b286-4091-99af-4601c635e1e4,10158,11005.5,10832.8,10820.205025,172.70000000000073,12.594974999999977,2.024932,842.786,230.435,9744.959093,251,4,297.82174834418225,17.358474190118688,4096,0.061279296875,False
2026-10-09T00:55:31.262Z,99f6d37d-1a7f-4020-9f98-08cce9e28c84,10159,11131.3,10657.8,10645.818412,473.5,11.981587999998737,1.972381,546.885,154.384,9942.577031,203,3,371.19321246697206,19.432065499015444,4096,0.049560546875,False
2026-10-09T00:55:32.185Z,792e732f-06dd-4044-8362-d382ab236919,10160,10970.1,10785.3,10759.556843,184.8000000000011,25.743156999998973,3.161852,897.801,310.641,9547.952991,258,5,287.3688044455286,16.095750399979398,4096,0.06298828125,False
2026-10-09T00:55:34.886Z,967f7be8-522f-4e14-85bc-afe3e3ed70c6,10161,13562.9,13379.8,13365.957134,183.10000000000036,13.842865999999049,3.403145,2537.866,156.119,10668.568989,515,3,202.92639564106221,19.21611078728406,4096,0.125732421875,False
2026-10-09T00:55:35.954Z,77ead38b-2018-4467-ad9d-ce696becdfc2,10162,13266.4,13057.2,13044.740545,209.1999999999989,12.459455000000162,2.099872,789.327,233.555,12019.758673,244,4,309.1241019248043,17.12658688531609,4096,0.0595703125,False
2026-10-09T00:55:37.354Z,e92a23c6-7f5c-4ad5-910c-d27e4d4d477b,10163,14191.8,14009.4,13997.238085,182.39999999999964,12.161914999998771,3.86436,1265.141,153.208,12575.024725000001,320,3,252.93623398498664,19.581222912641636,4096,0.078125,False
2026-10-09T00:55:39.321Z,9ff03d71-494b-40de-9ec6-b4323d6036a0,10164,14760.5,14582.8,14570.17313,177.70000000000073,12.626870000000054,1.868769,1651.817,309.951,12606.536360999999,376,5,227.62812103277784,16.131582088781776,4096,0.091796875,False
2026-10-09T00:55:41.431Z,6a3a55dd-e6ad-48a6-8db6-ddcb2f69ab9b,10165,12845.3,12653.4,12636.41268,191.89999999999964,16.98732000000018,1.94918,1926.364,156.635,10551.464499999998,418,3,216.98910486284004,19.152807482363457,4096,0.10205078125,False
2026-10-09T00:55:42.389Z,172fe601-4ebe-41aa-a2c5-6dc7541fbd12,10166,12342.1,12150.3,12124.984074,191.8000000000011,25.31592599999931,5.657718,789.614,153.455,11176.257356,242,3,306.4788618236252,19.549705125281026,4096,0.05908203125,False
2026-10-09T00:55:43.715Z,66268eaf-ff86-44eb-b1c1-7addd9570907,10167,12519.9,12338.8,12326.191076,181.10000000000036,12.608924000000115,1.8365,1175.487,153.854,10995.013576,302,3,256.91479361320035,19.499005550716916,4096,0.07373046875,False
2026-10-09T00:55:45.140Z,034d26f2-f591-4314-bcab-5cacace686f2,10168,13236.7,12981.2,12869.928987,255.5,111.2710130000014,7.025473,947.803,307.616,11607.484514,268,5,282.75918096904104,16.254030999687924,4096,0.0654296875,False
2026-10-09T00:55:48.050Z,68971935-8a56-403d-8a33-ea271f50f3b1,10169,13933.3,13687.0,13673.6518,246.29999999999927,13.34820000000036,2.120212,2758.955,235.515,10677.061588,553,4,200.438209394499,16.98405621722608,4096,0.135009765625,False
2026-10-09T00:55:48.725Z,e9322258-770d-451d-ae17-642e6674d3eb,10170,14295.8,14108.1,14095.382884,187.6999999999989,12.717115999999805,2.014551,565.529,152.724,13375.115333000002,202,3,357.1876950607308,19.643278070244364,4096,0.04931640625,False
2026-10-09T00:55:50.876Z,c6dfe36d-acf0-424f-9391-0535d9623d60,10171,15777.4,15576.4,15557.823884,201.0,18.576116000000184,1.986621,1978.087,155.881,13421.869263,432,3,218.39282094265823,19.245450054849535,4096,0.10546875,False
2026-10-09T00:55:51.818Z,daaee836-f03a-42f7-95c4-21f9f98a51c7,10172,15248.1,15060.5,15047.44637,187.60000000000036,13.05363000000034,3.157553,711.32,229.453,14103.515817,227,4,319.1250070291852,17.43276400831543,4096,0.055419921875,False
2026-10-09T00:55:53.727Z,8e90927b-8888-4cc9-9f2d-3d8bdd025470,10173,11493.0,11308.1,11294.833415,184.89999999999964,13.266585000001214,2.023141,1675.735,232.089,9384.986273999999,383,4,228.55642449432636,17.234767696874908,4096,0.093505859375,False
2026-10-09T00:55:56.053Z,c133f3dd-024b-41e8-9c30-11bcd73a0994,10174,13779.9,13571.6,13558.490273,208.29999999999927,13.10972700000093,1.91987,2052.418999,232.968,11271.183404,446,4,217.30455633927798,17.16974005013564,4096,0.10888671875,False
2026-10-09T00:55:57.045Z,2d2c793e-7e43-4cd6-a7a0-58ef8749a494,10175,8003.3,7800.5,7783.172436,202.80000000000018,17.327564000000166,1.980921,747.292,229.924,6803.975515,234,4,313.1306102567671,17.397052939232093,4096,0.05712890625,False
2026-10-09T00:55:59.388Z,376c683f-33e8-4469-9e51-f197d2ffb49f,10176,7580.7,7405.9,7392.00628,174.80000000000018,13.89372000000003,1.88681,2212.403,155.281,5022.43547,458,3,207.0147256173491,19.319813756995384,4096,0.11181640625,False
2026-10-09T00:56:00.154Z,8651825e-4cd1-49b3-b394-33ae85fb0b01,10177,7729.1,7530.3,7517.223061,198.80000000000018,13.076939000000493,1.813409,574.94,155.05,6785.419652,205,3,356.55894528124674,19.348597226701067,4096,0.050048828125,False
2026-10-09T00:56:01.180Z,422a3922-4d15-4ab8-950c-0761b0685436,10178,8706.7,8520.0,8506.781576,186.70000000000073,13.218424000000596,23.700597,877.89,156.594,7448.596979,255,3,290.46919317909993,19.157822138779263,4096,0.062255859375,False
2026-10-09T00:56:02.497Z,32cc89ac-bbd6-412f-8796-10099e897f3f,10179,10012.7,9846.1,9821.43938,166.60000000000036,24.660620000000563,2.425935,1171.419,158.55,8489.044445,305,3,260.36798105545495,18.921475875118258,4096,0.074462890625,False
2026-10-09T00:56:04.206Z,7cb75bae-324e-4665-955e-2c891727470e,10180,11655.5,11440.2,11427.526233,215.29999999999927,12.673767000000225,3.033791,1494.779,154.75,9774.963442,359,3,240.16928254946046,19.38610662358643,4096,0.087646484375,False
2026-10-09T00:56:05.115Z,39ad1cc5-3aed-4440-aa74-efc621486e5c,10181,10672.9,10507.5,10494.144342,165.39999999999964,13.355658000000403,2.273253,792.614,153.515,9545.742089,245,3,309.103800841267,19.542064293391523,4096,0.059814453125,False
2026-10-09T00:56:05.948Z,73c38ae7-fad5-488b-9070-5fde8952fc0d,10182,9832.7,9617.4,9604.525095,215.3000000000011,12.874904999998762,2.00367,473.604,303.982,8824.935425000001,189,5,399.06757544277497,16.448342336059373,4096,0.046142578125,False
2026-10-09T00:56:07.015Z,65577cf8-03d2-45ea-a365-b866660f2780,10183,10185.8,9993.9,9978.655364,191.89999999999964,15.244635999999446,2.017781,780.084,308.071,8888.482583,238,5,305.09534870603676,16.230024896858193,4096,0.05810546875,False
2026-10-09T00:56:08.316Z,831764b2-eaeb-4d61-a133-7dac35824218,10184,11084.3,10879.2,10862.813054,205.09999999999854,16.386946000000535,1.851319,972.958,307.082,9580.921735,272,5,279.55985767114305,16.282295933985058,4096,0.06640625,False
2026-10-09T00:56:10.417Z,0fc6fa43-ee34-4986-8ce9-97ccd802e38e,10185,13100.5,12916.8,12903.20472,183.70000000000073,13.595279999999548,1.592336,1958.007,155.117,10788.488384,424,3,216.54672327524875,19.340239947910288,4096,0.103515625,False
2026-10-09T00:56:13.209Z,37902f14-bd63-4590-933d-c2a7b0a070b2,10186,14500.5,14309.1,14295.716983,191.39999999999964,13.383017000000109,1.714608,2611.459,156.586,11525.957375,529,3,202.56875562664396,19.15880091451343,4096,0.129150390625,False
2026-10-09T00:56:14.385Z,db09cfdc-4785-47ec-a9e3-9b6d43bfe19b,10187,11768.5,11553.1,11540.476076,215.39999999999964,12.623923999999533,1.993651,901.221,233.321,10403.940425,264,4,292.93591693935224,17.1437633132037,4096,0.064453125,False
2026-10-09T00:56:15.569Z,c5b4682a-ce51-40a6-a421-daa7d156ef1d,10188,9577.8,9267.3,9254.84155,310.5,12.458450000000084,1.896429,927.03,154.229,8171.686120999999,264,3,284.78042781786996,19.451594706572692,4096,0.064453125,False
2026-10-09T00:56:17.612Z,8d571a64-1f28-4ef3-b100-ccfeb0a12d62,10189,11053.7,10557.8,10533.188867,495.90000000000146,24.611132999998517,5.380097,1690.569,154.709,8682.530770000001,388,3,229.50852641921153,19.391244206865792,4096,0.0947265625,False
2026-10-09T00:56:17.844Z,2170279a-6071-4264-9b38-2c4917699aca,10190,8975.8,8784.1,8772.121282,191.6999999999989,11.978718000000299,1.868659,367.236,153.692,8249.324623,173,3,471.0867126316592,19.519558597714912,4096,0.042236328125,False
2026-10-09T00:56:18.645Z,719ab96d-d44b-4903-93e1-1d0f51fca3d9,10191,9244.5,8984.3,8972.532636,260.2000000000007,11.767363999999361,1.980361,423.385,305.808,8241.359275,182,5,429.86879554070174,16.35012818500497,4096,0.04443359375,False
2026-10-09T00:56:19.762Z,ebc1eaeb-561f-48e2-8a73-46e253f67b0a,10192,2561.7,1778.2,1765.299147,783.4999999999998,12.900853000000097,1.89255,438.358,152.665,1172.383597,182,3,415.1857614096241,19.65086955097763,4096,0.04443359375,False
2026-10-09T00:56:20.687Z,9076b95e-2240-4e54-9aa1-d17dcdc1caa3,10193,909.9,713.8,706.131729,196.10000000000002,7.668271000000004,1.262113,399.986,302.656,2.227615999999898,180,5,450.01575055126926,16.520406005497993,4096,0.0439453125,False
2026-10-09T00:56:23.363Z,ed8250d9-ef64-4bca-9dcb-276addc5dcd1,10194,2454.0,2215.2,2206.093365,238.80000000000018,9.106634999999642,1.325484,1873.97,327.354,3.4438810000001467,414,5,220.92135946680045,15.27398473823445,4096,0.10107421875,False
2026-10-09T00:56:24.881Z,20fd5019-5580-4c6b-bfef-c73dfef2feb1,10195,2224.1,2025.5,2011.776798,198.5999999999999,13.723201999999901,2.923021,1385.821,154.272,468.7607770000002,335,3,241.7339613124639,19.44617299315495,4096,0.081787109375,False
2026-10-09T00:56:25.647Z,cbc5e30b-af20-4f87-957e-6201dde757a1,10196,2350.5,2142.1,2117.925052,208.4000000000001,24.17494799999986,1.899911,440.594,306.115,1369.316141,184,5,417.61803383613943,16.33373078744916,4096,0.044921875,False
2026-10-09T00:56:28.390Z,8fdbf251-73ef-415b-a29f-8b5a2d12d8f6,10197,2561.8,2367.0,2358.328007,194.80000000000018,8.67199299999993,1.252933,2042.562,311.211,3.302074000000175,440,5,215.41573768629786,16.066270151119337,4096,0.107421875,False
2026-10-09T00:56:30.366Z,ff21a4b3-adb6-43f6-897b-4a6d24273b95,10198,4108.7,3915.2,3901.273089,193.5,13.926911000000018,1.87842,1810.964,155.917,1932.513669,406,3,224.1899894199995,19.241006432909817,4096,0.09912109375,False
2026-10-09T00:56:31.716Z,e3270924-5b05-49ed-b413-bbfb6b749c38,10199,5170.9,4954.5,4940.977096,216.39999999999964,13.52290400000038,2.878311,999.082,312.831,3626.1857849999997,275,5,275.25268196204115,15.983070731481213,4096,0.067138671875,False
2026-10-09T00:56:32.483Z,bc0b7ae6-e9a5-4944-915b-d0d22b6cb8ea,10200,5733.3,5559.3,5546.306701,174.0,12.993298999999752,1.984711,648.88,153.617,4741.824990000001,217,3,334.42238934779925,19.52908857743609,4096,0.052978515625,False
2026-10-09T00:56:34.059Z,fb12eb77-3874-4744-91cb-5ddd72ab06cb,10201,7289.2,7096.9,7084.074746,192.30000000000018,12.825253999999404,1.750748,1319.113,234.626,5528.584998,322,4,244.10342404327756,17.048408957234066,4096,0.07861328125,False
2026-10-09T00:56:35.334Z,3bff63ab-d3fa-46b8-8575-0ebaf9e69a65,10202,7260.6,7058.4,7034.800335,202.20000000000073,23.59966499999973,4.67962,1099.479,158.785,5771.856715,290,3,263.76129057489953,18.89347230531851,4096,0.07080078125,False
2026-10-09T00:56:37.677Z,c908a2db-4eac-46fc-9bb2-5d64514fb744,10203,7745.4,7550.4,7535.042431,195.0,15.357568999999785,1.976441,2103.118,235.232,5194.715990000001,449,4,213.49253822182115,17.004489185144877,4096,0.109619140625,False
2026-10-09T00:56:38.886Z,2eecec13-dfb5-47e8-ae6c-c01cea1a02b7,10204,6152.5,5940.2,5926.646785,212.30000000000018,13.55321499999991,2.009641,945.531,233.27,4745.836144,267,4,282.3810113047589,17.147511467398292,4096,0.065185546875,False
2026-10-09T00:56:41.904Z,476b4fef-521d-4f0f-92b8-36034a7b16a8,10205,7530.3,7347.7,7334.256652,182.60000000000036,13.443347999999787,1.950941,2876.994,158.623,4296.688711,562,3,195.34277791333594,18.91276800968334,4096,0.13720703125,False
2026-10-09T00:56:43.087Z,b60ab0e0-2e8e-4adf-b1fb-8c3b43234c24,10206,8412.2,8180.1,8167.522266,232.10000000000036,12.577734000000419,1.798839,959.304,156.865,7049.554427,266,3,277.2843644975941,19.124725082076946,4096,0.06494140625,False
2026-10-09T00:56:44.480Z,2a4a244c-61bf-468b-ac11-266d7a6db35d,10207,4957.1,4765.7,4753.573194,191.40000000000055,12.126806000000215,1.856329,1270.02,155.587,3326.1098649999994,318,3,250.38975764161196,19.281816604215006,4096,0.07763671875,False
2026-10-09T00:56:45.246Z,96cf6a8b-924f-4cbc-93c2-a79d081510a1,10208,5310.3,5109.0,5096.749006,201.30000000000018,12.250993999999992,1.951781,517.371,229.34,4348.086225,194,4,374.9726985084204,17.441353449027645,4096,0.04736328125,False
2026-10-09T00:56:47.823Z,0f9c8972-dcbf-48a3-8f20-0581c6f9d205,10209,6824.0,6628.5,6607.173005,195.5,21.326995000000352,1.938911,2422.849,155.187,4027.1980939999994,501,3,206.78135533828151,19.331516170813277,4096,0.122314453125,False
2026-10-09T00:56:48.457Z,46534c43-5545-4b2a-8a9d-8e09226b1355,10210,7422.4,7233.2,7220.890106,189.19999999999982,12.309893999999986,1.87964,470.961,152.53,6595.519466,189,3,401.307114601846,19.66826198124959,4096,0.046142578125,False
2026-10-09T00:56:51.407Z,da4b5f80-e8c6-4fe6-a59a-cd2b3443b6df,10211,10235.7,9260.0,9246.895188,975.7000000000007,13.104811999999583,2.133793,1846.635,313.12,7085.006395,409,5,221.48394241417498,15.968318855390905,4096,0.099853515625,False
2026-10-09T00:56:51.641Z,63dcc7d5-f404-4982-9c82-d45c27481588,10212,8920.9,8211.6,8188.976921,709.2999999999993,22.62307899999996,4.831941,332.229,153.162,7698.75398,166,3,499.6553582017223,19.58710385082462,4096,0.04052734375,False
2026-10-09T00:56:53.908Z,61a86c1c-e5a2-4146-a21f-fb8a8ce0cd51,10213,8976.0,8788.7,8760.161178,187.29999999999927,28.538822000000437,5.651121,2622.928,162.178,5969.404057000001,526,3,200.53924469142882,18.498193343116824,4096,0.12841796875,False
2026-10-09T00:56:55.700Z,5ec334cc-0976-46f7-9a98-a28dca6800c6,10214,10481.7,10320.1,10305.01192,161.60000000000036,15.088079999999536,1.95577,1650.484,154.965,8497.607150000002,380,3,230.23549455795995,19.359210144226118,4096,0.0927734375,False
2026-10-09T00:56:56.250Z,9caf5686-2d43-4ca6-9c7f-128edb73e701,10215,10428.9,10247.1,10230.249051,181.79999999999927,16.850948999999673,3.194215,361.665,152.416,9712.973836000001,169,3,467.28325936985885,19.682972916229268,4096,0.041259765625,False
2026-10-09T00:56:57.242Z,675c2684-3bc6-4530-afd0-5e3314af96cb,10216,11208.9,11021.5,11009.033778,187.39999999999964,12.466221999999107,1.94066,830.811,153.737,10022.545118000002,248,3,298.5035104253555,19.51384507307935,4096,0.060546875,False
2026-10-09T00:56:57.893Z,9214e806-bd87-441b-b9c5-1a78d7a93d78,10217,11493.8,11320.4,11308.096797,173.39999999999964,12.303202999999485,2.041242,339.74,318.302,10648.013555,165,5,485.6655089185848,15.708352445162143,4096,0.040283203125,False
2026-10-09T00:56:58.952Z,bed36eb2-8d5b-4498-8248-1c744a7a7c89,10218,11863.8,11700.4,11684.145635,163.39999999999964,16.25436499999887,1.793639,754.36,309.015,10618.976996000001,230,5,304.8942149636778,16.18044431500089,4096,0.05615234375,False
2026-10-09T00:57:00.227Z,949e524d-0060-42cd-8905-ef571a1b2caf,10219,12380.8,12213.4,12200.686301,167.39999999999964,12.713698999999906,2.018361,1112.171,154.586,10931.91094,295,3,265.2469809049148,19.40667330806153,4096,0.072021484375,False
2026-10-09T00:57:01.136Z,15b1401c-0a13-43cb-bd9f-72d9661d726a,10220,12160.0,11987.7,11975.160948,172.29999999999927,12.539052000000083,3.657919,587.326,304.436,11079.741029,208,5,354.14744111447476,16.423813215257066,4096,0.05078125,False
2026-10-09T00:57:02.828Z,e25a00e9-1076-403a-ac56-0e55f913f135,10221,13063.9,12867.0,12854.551664,196.89999999999964,12.448335999999472,1.967311,1509.935,154.751,11187.898353,358,3,237.09629884730137,19.38598135068594,4096,0.08740234375,False
2026-10-09T00:57:05.304Z,2008d606-ddd3-440a-83f1-a91581b8f956,10222,14705.5,14550.9,14533.9053,154.60000000000036,16.994699999999284,2.051352,2351.518,155.105,12025.230948,492,3,209.2265506791783,19.3417362431901,4096,0.1201171875,False
2026-10-09T00:57:06.571Z,b59a6017-f216-4936-9dff-8aaabf5b4a8d,10223,15060.1,14894.9,14881.934476,165.20000000000073,12.965523999999277,1.84908,1080.676,156.99,13642.419396000001,292,3,270.20124440627905,19.10949742021785,4096,0.0712890625,False
2026-10-09T00:57:08.005Z,0a018ff5-c3c4-44cf-99b5-bfe4e700110f,10224,16275.6,16108.6,16094.074441,167.0,14.525558999999703,1.94175,1184.737,233.842,14673.553691000001,310,4,261.66144891229027,17.10556700678236,4096,0.07568359375,False
2026-10-09T00:57:10.823Z,e95928f5-ce2c-429f-b021-df44416778e4,10225,15475.8,15313.2,15290.199242,162.59999999999854,23.000758000000133,3.395696,2633.892,167.244,12485.667546,528,3,200.46380033805488,17.937863241730646,4096,0.12890625,False
2026-10-09T00:57:13.282Z,af8691d9-8ce3-4a47-98e1-5780a2363199,10226,17017.3,16762.6,16749.729227,254.70000000000073,12.870772999998735,1.93298,2199.929,156.888,14390.979247,470,3,213.64325848697845,19.121921370659322,4096,0.11474609375,False
2026-10-09T00:57:15.753Z,1fa1ac80-b12c-47c8-8907-ef3e9a4e55dd,10227,18519.6,18280.3,18267.464309,239.29999999999927,12.835691000000224,1.92444,2308.376,159.555,15797.608869,488,3,211.40403469798682,18.80229387985334,4096,0.119140625,False
2026-10-09T00:57:17.817Z,0d6b385e-dffc-4dce-a6f1-120b0367dc1c,10228,20542.3,20380.3,20367.321764,162.0,12.978235999999015,1.891811,1971.943,155.736,18237.750953,429,3,217.5519272108778,19.263368777931884,4096,0.104736328125,False
2026-10-09T00:57:19.243Z,5c7b14cc-f580-4224-a596-932ae0f0b29b,10229,21668.6,21471.9,21430.834987,196.6999999999971,41.06501300000309,7.697353,1144.344,231.594,20047.199633999997,300,4,262.15893123046914,17.271604618427077,4096,0.0732421875,False
2026-10-09T00:57:20.035Z,8db2adb5-e33f-4485-83a8-46db468419d4,10230,21726.6,21556.2,21543.615112,170.39999999999782,12.584888000001229,2.043932,653.705,156.589,20731.27718,219,3,335.0134999732295,19.158433861893236,4096,0.053466796875,False
2026-10-09T00:57:20.585Z,0d137312-cdd8-4ad8-9d87-b5c60fd3ba41,10231,21810.6,21659.4,21642.578241,151.1999999999971,16.821759000002203,1.588847,411.721,155.153,21074.115394,181,3,439.6180908916475,19.33575245080662,4096,0.044189453125,False
2026-10-09T00:57:21.910Z,40dcc007-422f-4732-8718-9128b2de676a,10232,22026.5,21760.2,21744.245373,266.2999999999993,15.954626999999164,4.75353,1047.701,159.128,20532.662843000002,282,3,269.160762469445,18.85274747373184,4096,0.06884765625,False
2026-10-09T00:57:23.645Z,5a978096-706c-4505-ae64-347790d2d3ac,10233,23322.6,23148.5,23135.81976,174.09999999999854,12.680240000001504,1.939291,1661.404,157.228,21315.248469,381,3,229.3241138218037,19.08057089068105,4096,0.093017578125,False
2026-10-09T00:57:24.128Z,22872755-8ccf-45d9-b6e8-2e3aff532baf,10234,23072.8,22901.0,22884.820508,171.79999999999927,16.1794919999993,3.231645,321.546,152.793,22407.249863,161,3,500.70596430992765,19.63440733541458,4096,0.039306640625,False
2026-10-09T00:57:25.112Z,7f0856fc-b49a-4e23-8842-dc2f97c9811f,10235,23114.7,22955.7,22943.588983,159.0,12.111016999999265,1.88003,839.566,154.002,21948.140953000002,249,3,296.5818053613414,19.480266490045583,4096,0.060791015625,False
2026-10-09T00:57:26.804Z,c469452d-ac55-4b40-a66e-813fb3b12fa1,10236,23529.2,23320.2,23307.235665,209.0,12.964335000000574,1.605588,1475.584,159.336,21670.710077,353,3,239.2273160999306,18.82813676758548,4096,0.086181640625,False
2026-10-09T00:57:28.955Z,4a23b82a-efed-41b0-8617-01e0b4b2b747,10237,25289.8,25099.3,25086.439997,190.5,12.86000299999796,2.044402,2004.635,155.87,22923.890595,432,3,215.50057741184804,19.246808237633925,4096,0.10546875,False
2026-10-09T00:57:31.072Z,bd5139c1-c49b-4fdd-8c89-9894a785eb0e,10238,27283.4,27075.2,27060.654539,208.20000000000073,14.545461000001524,1.564307,1771.234,314.929,24972.927232,399,5,225.2666784851691,15.876594406993322,4096,0.097412109375,False
2026-10-09T00:57:31.906Z,4a4dafb4-aadb-4f75-a957-11fc2b76fca2,10239,18566.6,18367.8,18355.066215,198.79999999999927,12.733785000000353,2.010531,677.164,153.821,17522.070684,222,3,327.83786497805556,19.503188771364115,4096,0.05419921875,False
2026-10-09T00:57:33.356Z,f677bfb8-2d15-4dae-9f74-e3230992e5bc,10240,18240.4,18037.5,18024.252787,202.90000000000146,13.247212999998737,2.010602,1212.249,231.438,16578.555185,310,4,255.723040398466,17.283246485019745,4096,0.07568359375,False
2026-10-09T00:57:34.849Z,c11ae617-b9f8-417d-a5d9-4e3c2be836d3,10241,19042.3,18841.1,18827.555638,201.20000000000073,13.544361999996909,1.648568,1249.442,231.933,17344.53207,317,4,253.71325759819183,17.24635994015513,4096,0.077392578125,False
2026-10-09T00:57:35.691Z,71d3b6cd-17f9-4a9b-9304-5b2027549d02,10242,19422.3,19244.1,19222.704842,178.20000000000073,21.395157999999356,2.692399,700.163,154.409,18365.440443,224,3,319.92550306143,19.42891929874554,4096,0.0546875,False
2026-10-09T00:57:36.366Z,5c960b56-c192-452a-b059-1baada694d9d,10243,20023.9,19838.2,19825.755105,185.70000000000073,12.444895000000542,1.89567,511.051,153.704,19159.104435,196,3,383.52336655245756,19.518034664029564,4096,0.0478515625,False
2026-10-09T00:57:38.583Z,5f8751f8-d3b9-4202-8f3b-7b5bc191cac2,10244,20787.0,20587.3,20574.430865,199.70000000000073,12.869135000000824,1.738288,2042.225,157.459,18373.008577,441,3,215.94094676149786,19.05257876653605,4096,0.107666015625,False
2026-10-09T00:57:40.993Z,d3aa4ce2-be19-4f15-bcb1-43c54f11dfa8,10245,22594.4,22402.8,22388.777212,191.60000000000218,14.0227879999984,2.028462,2242.414,161.35,19982.98475,472,3,210.4874479021269,18.593120545398204,4096,0.115234375,False
2026-10-09T00:57:42.468Z,978c4a59-19a2-41b6-ba26-7061c372e3b8,10246,20093.8,19916.2,19903.70586,177.59999999999854,12.494140000002517,1.93333,1317.707,154.918,18429.14753,323,3,245.12277767364066,19.365083463509727,4096,0.078857421875,False
2026-10-09T00:57:44.169Z,49de80b4-8c6f-48de-8bd8-b68771fdd89f,10247,21402.5,21236.5,21222.932114,166.0,13.567886000000726,1.990761,1392.304,310.869,19517.768353,328,5,235.58073524172883,16.083945327453044,4096,0.080078125,False
2026-10-09T00:57:46.850Z,aae11c6f-438f-49d6-8faa-e95e838c5525,10248,22495.0,22292.5,22279.910222,202.5,12.589778000001388,1.950591,2319.175,314.954,19643.830630999997,487,5,209.98846572595858,15.875334175784399,4096,0.118896484375,False
2026-10-09T00:57:49.062Z,99e8a905-0c0f-424a-8eac-6fe367ecfc4b,10249,23131.7,22963.8,22950.469495,167.90000000000146,13.330504999998084,1.957541,2071.004,156.81,20720.697954000003,444,3,214.38876989131842,19.13143294432753,4096,0.1083984375,False
2026-10-09T00:57:50.330Z,07d440fc-cdb3-4ae1-828d-49d06d69232d,10250,23272.1,23069.6,23055.067517,202.5,14.532482999999047,1.916021,1060.777,154.158,21838.216496,289,3,272.44180445088836,19.46055345814035,4096,0.070556640625,False
2026-10-09T00:57:51.172Z,8dd3a55a-1d6e-4fa7-ad54-e62f53dfed80,10251,22607.3,22419.1,22393.61617,188.20000000000073,25.483829999997397,1.94914,619.913,229.326,21542.428030000003,214,4,345.20973104290437,17.442418216861586,4096,0.05224609375,False
2026-10-09T00:57:51.863Z,c4771a8c-de33-4aef-8249-fb6d09c93f78,10252,22862.8,22662.6,22648.400448,200.20000000000073,14.19955199999822,2.034762,524.807,152.506,21969.052686,193,3,367.75424108291236,19.6713571925039,4096,0.047119140625,False
2026-10-09T00:57:53.397Z,bad054cb-35ec-47c5-b4fe-de6f668475c2,10253,23768.2,23346.1,23333.848888,422.1000000000022,12.251111999998102,3.669709,1152.729,156.365,22021.085179,298,3,258.51696279004,19.185879192914015,4096,0.07275390625,False
2026-10-09T00:57:54.473Z,9b2bd00c-e00a-48b1-8a86-c0aaea3c9285,10254,22623.1,22424.3,22412.100555,198.79999999999927,12.199444999998377,1.895061,980.544,308.222,21121.439494000002,271,5,276.3771947000849,16.222073700125236,4096,0.066162109375,False
2026-10-09T00:57:56.157Z,67b5ce8a-9c0c-461e-8b8a-5dae2d36a271,10255,23741.5,23496.5,23484.445862,245.0,12.054137999999512,1.917491,1471.175,159.38,21851.973371,355,3,241.30371981579353,18.822938888191743,4096,0.086669921875,False
2026-10-09T00:57:57.149Z,0cc2a9bf-9cc7-480b-9f6c-02159d2ff6d5,10256,23969.5,23776.7,23747.506863,192.79999999999927,29.193137000002025,1.989201,867.578,154.168,22723.771662,255,3,293.92169925931734,19.45929116288724,4096,0.062255859375,False
2026-10-09T00:57:58.100Z,26415c58-e205-4a18-8343-5eb8e1cc676e,10257,24886.0,24673.2,24660.58957,212.79999999999927,12.610430000000633,1.93436,621.366,312.59,23724.69921,211,5,339.57442151646535,15.995393326721905,4096,0.051513671875,False
2026-10-09T00:57:59.425Z,5e3f0ef1-7afe-411a-a95b-1d430b903ca5,10258,23950.8,23789.5,23764.792213,161.29999999999927,24.70778699999937,5.036003,1217.047,155.084,22387.625210000002,311,3,255.5365569283684,19.344355317118463,4096,0.075927734375,False
2026-10-09T00:58:00.450Z,365eeaf6-9c59-4080-b72d-644ca704d02b,10259,22665.1,22467.4,22455.290656,197.6999999999971,12.10934400000042,3.181424,826.262,154.345,21471.502232000003,247,3,298.9366568957546,19.436975606595613,4096,0.060302734375,False
2026-10-09T00:58:03.401Z,68ada5c1-37fc-412f-87f8-37b5289ca789,10260,25121.6,24940.3,24914.477196,181.29999999999927,25.82280399999945,4.983963,2799.768,157.484,21952.241233,556,3,198.5878829960197,19.049554240430773,4096,0.1357421875,False
2026-10-09T00:58:04.302Z,6cc04189-cdf7-4d89-b2dc-dbfd091984cd,10261,24387.7,24192.9,24180.51492,194.79999999999927,12.385080000000016,2.079472,718.884,153.262,23306.289448000003,225,3,312.9851269467675,19.57432370711592,4096,0.054931640625,False
2026-10-09T00:58:05.577Z,8c734868-f5c1-4240-83d2-5dccac9e9720,10262,24231.2,24043.0,24030.196236,188.20000000000073,12.803764000000228,1.957841,1124.674,154.296,22749.268395,288,3,256.07420461395924,19.44314823456214,4096,0.0703125,False
2026-10-09T00:58:06.131Z,f5f4ba45-623b-4742-8d63-219c83f000c1,10263,22105.4,21894.8,21882.750745,210.60000000000218,12.049254999998084,3.003172,370.771,151.504,21357.472573000003,169,3,455.8069536182711,19.801457387263703,4096,0.041259765625,False
2026-10-09T00:58:06.953Z,a47d7263-c71e-4d27-808b-f1db6cdffaf4,10264,22370.5,22162.6,22150.213015,207.90000000000146,12.386984999997367,3.369936,588.064,233.197,21325.582079,207,4,352.00250312891114,17.152879325205728,4096,0.050537109375,False
2026-10-09T00:58:08.812Z,552ec18f-ddf5-4312-bf05-7c29960a43ff,10265,22438.5,22249.1,22225.117394,189.40000000000146,23.98260599999776,4.74048,1718.572,155.703,20346.101914000003,392,3,228.0963497601497,19.267451494190862,4096,0.095703125,False
2026-10-09T00:58:10.179Z,545d7aa8-d32b-423f-bcf4-db6c8b8672c2,10266,23341.1,23158.7,23142.288785,182.39999999999782,16.411215000000084,1.977961,1043.092,315.196,21782.022824,275,5,263.6392571316816,15.863145471389233,4096,0.067138671875,False
2026-10-09T00:58:10.987Z,38b57eda-52d2-468a-82d9-c0043619acf4,10267,23943.8,23760.9,23748.605952,182.89999999999782,12.294047999999748,2.009171,490.447,308.273,22947.876781000003,192,5,391.4796094175313,16.219389956304962,4096,0.046875,False
2026-10-09T00:58:12.880Z,253e43e3-5159-4813-9502-fdbcf42de033,10268,25745.9,25547.4,25533.589846,198.5,13.810154000002512,1.87879,1637.465,236.029,23658.217055999998,374,4,228.40182843602764,16.94707006342441,4096,0.09130859375,False
2026-10-09T00:58:13.655Z,78fc93c3-5cd2-4654-bedd-7fbb90ef8a82,10269,26409.3,26097.9,26084.478993,311.3999999999978,13.421007000000827,1.821719,499.313,152.454,25430.890274,195,3,390.53659728466914,19.678066826714943,4096,0.047607421875,False
2026-10-09T00:58:14.772Z,e982f283-83e5-4e46-a264-62fb5136d88e,10270,25759.5,25530.1,25517.000999,229.40000000000146,13.09900099999868,2.173843,888.225,307.935,24318.667156,255,5,287.0894199104956,16.23719291408901,4096,0.062255859375,False
2026-10-09T00:58:15.848Z,d18dcb5b-7220-4524-b145-7444aeef8579,10271,24601.7,24128.4,24116.160848,473.2999999999993,12.239152000001923,1.770499,517.111999,305.576,23291.70235,194,5,375.16050754026304,16.362541560855565,4096,0.04736328125,False
2026-10-09T00:58:16.873Z,1761c219-77ce-4e7b-a1de-f17b7e32b14b,10272,25453.9,25282.8,25270.151788,171.10000000000218,12.648212000000058,1.807729,1010.053,314.168,23944.123058999998,277,5,274.24303477144264,15.915051819408724,4096,0.067626953125,False
2026-10-09T00:58:18.124Z,eb56068d-9437-40db-8820-59ebe6791eee,10273,21176.9,20854.0,20841.418881,322.90000000000146,12.58111899999858,1.804079,932.746,157.68,19749.188802,266,3,285.17945935978287,19.025875190258752,4096,0.06494140625,False
2026-10-09T00:58:20.699Z,4a7f6bb6-ae82-4de3-ad45-ec0995d3ae09,10274,22902.5,22734.4,22706.13178,168.09999999999854,28.268220000001747,7.763882,2413.069,309.513,19975.785898,497,5,205.96178559336678,16.154410315560252,4096,0.121337890625,False
2026-10-09T00:58:22.800Z,43620f10-65db-426d-a933-3aab0d87cb30,10275,24709.4,24509.4,24496.380751,200.0,13.019249000000855,1.969471,1738.891,309.831,22445.68928,383,5,220.25532365168374,16.13782997827848,4096,0.093505859375,False
2026-10-09T00:58:25.268Z,1c15709c-d7fb-452f-b271-f4aed25452b9,10276,26994.0,26810.3,26796.933836,183.70000000000073,13.366163999999117,2.506657,2314.395,155.831,24324.201179,486,3,209.99008380159825,19.251625158023757,4096,0.11865234375,False
2026-10-09T00:58:26.543Z,7f7646a9-2ea0-4458-9419-d12566dd651f,10277,27713.0,27502.7,27489.954146,210.29999999999927,12.74585400000069,1.992881,1090.667,153.956,26243.338265,289,3,264.9754691395265,19.486086933929172,4096,0.070556640625,False
2026-10-09T00:58:27.686Z,aad20830-8c11-4b34-b334-e4971d50da7d,10278,28100.7,27700.4,27688.139684,400.2999999999993,12.260315999999875,1.948051,779.846,153.67,26752.675633000003,238,3,305.1884602857487,19.522353094292967,4096,0.05810546875,False
2026-10-09T00:58:28.261Z,2eb30841-3d83-4513-80a3-71eb03a2a307,10279,27539.2,27342.0,27329.543809,197.20000000000073,12.456191000001127,1.959781,458.12,313.663,26555.801027999998,186,5,406.0071596961495,15.94067518323806,4096,0.04541015625,False
2026-10-09T00:58:29.069Z,169eca5c-6cdd-425b-816e-3d99e0a330dd,10280,28021.7,27750.4,27737.057067,271.2999999999993,13.342932999999903,1.95038,577.084,154.481,27003.541687,205,3,355.2342466607981,19.41986393148672,4096,0.050048828125,False
2026-10-09T00:58:31.895Z,7a2cbd71-10e1-4c40-a855-a72c09de6e4c,10281,30456.2,30264.7,30249.241361,191.5,15.458639000000403,3.099753,2740.522,160.755,27344.864608,549,3,200.32679905507052,18.66193897545955,4096,0.134033203125,False
2026-10-09T00:58:33.905Z,3b6690ec-ba19-43a3-aba9-ff6a9a155ed6,10282,27675.9,27494.7,27481.642223,181.20000000000073,13.057777000001806,1.91474,1843.188,156.513,25480.026482999998,408,3,221.35560778390484,19.16773686530831,4096,0.099609375,False
2026-10-09T00:58:34.788Z,6e9046d8-3966-444a-94d3-baec75a4f35b,10284,27810.5,27620.5,27598.81976,190.0,21.680240000001504,2.000052,709.061,153.449,26734.309707999997,224,3,315.91076085132306,19.55046953711005,4096,0.0546875,False
2026-10-09T00:58:36.339Z,5aed7c37-de5f-4c64-9f6e-c1ac9d2ad3dd,10283,29351.5,29151.1,29138.552622,200.40000000000146,12.547377999999298,1.977181,1382.648,154.152,27599.775440999998,337,3,243.7352095399552,19.46131091390316,4096,0.082275390625,False
2026-10-09T00:58:37.389Z,f72ba1ac-1e13-4042-892f-ac6b4ada5e7d,10285,29576.4,29378.6,29359.968905,197.8000000000029,18.631094999997003,2.041022,882.518,156.435,28318.974883000003,255,3,288.94594784468984,19.177294083804775,4096,0.062255859375,False
2026-10-09T00:58:38.781Z,eebaddee-3cdd-4909-9cd5-43e8ae1d8775,10286,30373.0,30178.5,30165.582936,194.5,12.917064000001119,1.9093,1156.23,232.132,28775.311636,301,4,260.32882730944533,17.23157513828339,4096,0.073486328125,False
2026-10-09T00:58:39.848Z,9b937653-515f-43d1-b97f-117c80395247,10287,30252.3,30079.4,30065.999003,172.89999999999782,13.400997000000643,4.202164,922.24,156.751,28982.805839,263,3,285.17522553782095,19.138633884313336,4096,0.064208984375,False
2026-10-09T00:58:41.316Z,079a3c0c-cb63-4490-a987-2bd484040a17,10288,31026.3,30857.2,30844.381895,169.09999999999854,12.818105000002106,1.90608,1306.538,154.104,29381.833814999998,321,3,245.6874579996908,19.467372683382653,4096,0.078369140625,False
2026-10-09T00:58:42.950Z,aed4bc77-365c-4c36-b0a0-39cf1bb68244,10289,26897.6,26744.6,26731.676317,153.0,12.923682999997254,2.001191,1405.273,234.249,25090.153126,335,4,238.38784350087136,17.075846641821308,4096,0.081787109375,False
2026-10-09T00:58:44.050Z,4815e711-d8d9-4e66-8d09-8f775cfc081d,10290,27229.7,27059.0,27038.156585,170.70000000000073,20.843414999999368,2.275255,828.18,232.094,25975.60733,250,4,301.8667439445531,17.234396408351788,4096,0.06103515625,False
2026-10-09T00:58:44.767Z,155ab533-e93b-44a3-be4f-666b89092442,10291,27514.4,27350.6,27338.52136,163.8000000000029,12.078639999999723,1.85083,569.119,157.341,26610.21053,204,3,358.44876027684893,19.06686750433771,4096,0.0498046875,False
2026-10-09T00:58:47.568Z,99335807-fdb3-42f2-84f4-dfe1b51c5cb1,10292,28942.1,28783.5,28769.665046,158.59999999999854,13.834954000001744,1.908921,2643.965,158.145,25965.646125,535,3,202.34761050165187,18.96993265673907,4096,0.130615234375,False
2026-10-09T00:58:48.160Z,7c08f19d-1018-497d-97a5-a01a24547ff6,10293,28268.5,28116.9,28092.301627,151.59999999999854,24.59837300000072,1.992411,430.096,151.444,27508.769216,183,3,425.48640303560137,19.809302448429783,4096,0.044677734375,False
2026-10-09T00:58:50.027Z,f7f68700-76b3-4a18-82bf-e7711b92db35,10294,29981.6,29793.3,29779.269702,188.29999999999927,14.030297999997856,1.987441,1518.482,308.339,27950.461261,359,5,236.42031976671439,16.215918193935895,4096,0.087646484375,False
2026-10-09T00:58:52.353Z,38cf9962-fd85-4714-8229-a2a4f176a8c2,10295,31241.4,31091.6,31078.044682,149.8000000000029,13.555317999998806,2.006591,2189.22,158.811,28728.007091,463,3,211.49085062259616,18.890379129909135,4096,0.113037109375,False
2026-10-09T00:58:53.645Z,e7a5050e-3b2a-410a-8de5-618e57ed61e1,10296,32303.5,32146.6,32133.893741,156.90000000000146,12.706258999998681,1.814169,1111.162,155.391,30865.526572,295,3,265.4878406568979,19.306137421086163,4096,0.072021484375,False
2026-10-09T00:58:54.354Z,42f9054c-6013-49fc-a8cb-fe44fb712a81,10297,31798.2,31619.3,31594.971824,178.90000000000146,24.328175999999075,5.047054,533.405999,152.238,30904.280771,199,3,373.074169343941,19.705986678753003,4096,0.048583984375,False
2026-10-09T00:58:55.138Z,4674fff8-b804-4b0c-a998-044369ab87ea,10298,31773.3,31535.6,31522.102909,237.70000000000073,13.497090999997454,3.294635,552.489,163.775,30802.544274,201,3,363.8081482165256,18.317814074187147,4096,0.049072265625,False
2026-10-09T00:58:57.647Z,843630bc-0b60-49d6-beb8-fa49c48de929,10299,31116.6,30918.3,30905.10873,198.29999999999927,13.19126999999935,1.88968,2388.569,155.567,28359.08305,492,3,205.98107067453358,19.284295512544432,4096,0.1201171875,False
2026-10-09T00:58:58.322Z,e5e01d31-6f16-467f-bab1-2ab04149fb17,10300,30620.0,30424.5,30411.651426,195.5,12.848573999999644,2.062112,507.906,152.059,29749.624314,198,3,389.83591451961587,19.729184066710946,4096,0.04833984375,False
2026-10-09T00:59:00.440Z,5fc2ac8b-e3bb-4261-8b91-3833fdaeb230,10301,32484.5,32302.3,32275.168488,182.20000000000073,27.13151199999993,4.951963,1816.433,311.138,30142.645525,405,5,222.96445836427768,16.07003966085788,4096,0.098876953125,False
2026-10-09T00:59:01.323Z,5f7d2aae-a536-41b9-b386-00e587ce5e60,10302,32457.7,32256.3,32242.840303,201.40000000000146,13.459696999998414,1.90147,692.745,155.78,31392.413833000002,225,3,324.79483792737585,19.257927846963668,4096,0.054931640625,False
2026-10-09T00:59:03.182Z,506c2c84-2bf8-45f5-8cf4-bea615e8dc8d,10303,31908.3,31694.2,31680.951228,214.09999999999854,13.248771999999008,1.978541,1610.592,232.614,29835.766687000003,375,4,232.83364129462956,17.19586955213358,4096,0.091552734375,False
2026-10-09T00:59:04.183Z,9d0b512a-b36d-4faf-bc27-38b5a6df0b9c,10304,32150.5,31969.4,31956.026118,181.09999999999854,13.373881999999867,3.004012,710.281,307.745,30934.996106000002,232,5,326.6312909960987,16.247217663975047,4096,0.056640625,False
2026-10-09T00:59:05.633Z,39a7d188-4310-4551-9dcf-45ea80852aef,10305,33509.9,33303.2,33290.705064,206.70000000000437,12.494935999995505,1.87739,1266.764,159.771,31862.292674,314,3,247.8756895522765,18.776874401487127,4096,0.07666015625,False
2026-10-09T00:59:06.225Z,e48ec99e-1029-4d3d-99ee-96f46764196f,10306,33385.5,33194.0,33181.609708,191.5,12.390291999996407,1.971221,438.696,152.856,32588.086487000004,178,3,405.7479439064865,19.62631496310253,4096,0.04345703125,False
2026-10-09T00:59:07.125Z,acadf2cb-0be9-465b-9d29-4a73bdf89900,10307,34250.2,34067.6,34052.009365,182.59999999999854,15.590635000000475,1.96493,596.984,309.559,33143.501435,208,5,348.41804805488925,16.152009794578742,4096,0.05078125,False
2026-10-09T00:59:10.227Z,f3297b01-30cd-426f-954f-63c14b9ad721,10308,36786.1,36588.2,36573.893443,197.90000000000146,14.306556999996246,2.043382,2923.513,157.949,33490.388061,575,3,196.68118458854127,18.993472576591177,4096,0.140380859375,False
2026-10-09T00:59:10.777Z,3ba3ed40-71c9-43ce-a5f8-afffd33f06b3,10309,37012.9,36826.3,36811.571721,186.59999999999854,14.728279000002658,1.965291,386.562,153.648,36269.39643,173,3,447.5349361810007,19.52514839112777,4096,0.042236328125,False
2026-10-09T00:59:13.136Z,617326a7-8e4c-43f7-9c39-83ac81f43343,10310,38798.5,38537.7,38524.437009,260.8000000000029,13.262990999995964,2.053642,2127.331999,155.634,36239.417368,447,3,210.122350535846,19.275993677474073,4096,0.109130859375,False
2026-10-09T00:59:14.070Z,18063ed4-0677-4bc3-887d-763a8e39e484,10311,39139.1,38959.5,38947.248157,179.59999999999854,12.251842999998189,1.976681,765.106,232.538,37947.627476,237,4,309.7610004365408,17.201489649003605,4096,0.057861328125,False
2026-10-09T00:59:15.037Z,bc2938da-d7dc-4c3a-bf68-db9ba35ab131,10312,38291.0,38100.5,38086.857521,190.5,13.642479000001913,2.032892,718.914,230.6,37135.310629,231,4,321.3179879651808,17.346053772766695,4096,0.056396484375,False
2026-10-09T00:59:17.271Z,543ab2e6-9a51-45f3-91f7-e42acafe56bd,10313,40171.4,39934.7,39909.14247,236.70000000000437,25.557529999998224,4.913342,2038.046,155.524,37710.659128,440,3,215.8930662016461,19.289627324400094,4096,0.107421875,False
2026-10-09T00:59:18.630Z,0fdf3af4-51b5-4f12-bd22-3629bc9c09f0,10314,41080.5,40884.6,40871.900909,195.90000000000146,12.69909099999495,1.925271,1214.123,155.789,39500.06363800001,312,3,256.97561120248935,19.25681530788438,4096,0.076171875,False
2026-10-09T00:59:20.055Z,9e5cb50a-60a5-4f39-a80c-ae3e15859ff8,10315,40306.6,40145.8,40132.339958,160.79999999999563,13.46004200000607,2.011121,1217.515,235.058,38677.755837,311,4,255.43833135526054,17.01707663640463,4096,0.075927734375,False
2026-10-09T00:59:21.189Z,68e8cdf2-df28-4f81-94fc-d7421ab9faa3,10316,41104.4,40933.0,40919.470383,171.40000000000146,13.529617000000144,1.991491,877.787,232.259,39807.432892,256,4,291.6425055281065,17.22215285521767,4096,0.0625,False
2026-10-09T00:59:24.032Z,7d1629fa-a73a-49d0-86f3-0b645199a402,10317,43403.2,43209.7,43194.65774,193.5,15.042259999994712,2.081282,2653.53,158.709,40380.337458,535,3,201.6182217649697,18.902519705876795,4096,0.130615234375,False
2026-10-09T00:59:26.024Z,14162a0b-f267-42be-b4da-cd50df825469,10318,44436.9,44261.5,44248.675015,175.40000000000146,12.824984999999288,1.87795,1836.034,157.014,42253.749065,411,3,223.852063741739,19.106576483625666,4096,0.100341796875,False
2026-10-09T00:59:26.975Z,5c0f8add-f641-43cb-943b-4a03dc213d96,10319,44047.0,43809.5,43796.460016,237.5,13.039984000002733,1.8854,718.986,157.053,42918.535615999994,230,3,319.8949631842623,19.10183186567592,4096,0.05615234375,False
2026-10-09T00:59:28.025Z,7796386a-4d48-4883-b434-dcb141fd9ba6,10320,44154.3,43927.7,43915.378772,226.60000000000582,12.321228000000701,1.806229,743.65,311.413,42858.50954299999,233,5,313.31943790761784,16.055848663992833,4096,0.056884765625,False
2026-10-09T00:59:31.060Z,a53c30f4-6119-4109-86a2-2d4f8b640514,10321,46745.0,46556.0,46542.763489,189.0,13.236511000002793,2.102522,2824.237,237.178,43479.245966999995,559,4,197.92956469304806,16.864970612788706,4096,0.136474609375,False
2026-10-09T00:59:32.718Z,33259359-ab0d-4289-a084-11cef15e1dcc,10322,43919.7,43702.6,43674.816779,217.09999999999854,27.783220999997866,1.91413,1444.028,154.621,42074.253649,349,3,241.68506427853197,19.402280414691404,4096,0.085205078125,False
2026-10-09T00:59:34.027Z,4f2b9b6d-cf99-4b61-83b9-1a2a066bc6c0,10323,45099.9,44901.6,44888.373567,198.3000000000029,13.226432999996177,1.944671,1172.255,156.529,43557.644896000005,305,3,260.18229822009715,19.16577758753969,4096,0.074462890625,False
2026-10-09T00:59:34.794Z,084e6791-eda5-41dd-b195-dfd2a47e0da4,10324,45335.8,45150.4,45129.634766,185.40000000000146,20.7652339999986,1.943621,463.783,309.326,44354.582145,186,5,401.0496288134753,16.164176305903805,4096,0.04541015625,False
2026-10-09T00:59:36.996Z,a0e2ba1f-163e-49e5-8929-839a3e08b865,10325,47186.5,46993.6,46965.624717,192.90000000000146,27.975282999999763,2.640308,2031.227,159.88,44771.877409,440,3,216.61783739582037,18.764073054791094,4096,0.107421875,False
2026-10-09T00:59:39.071Z,d44cb898-a1a1-44de-afcb-f31bd35a1e29,10326,48644.8,48454.5,48441.705757,190.3000000000029,12.79424299999664,1.962591,1748.171,310.155,46381.41716600001,399,5,228.23854188177245,16.120971772178425,4096,0.097412109375,False
2026-10-09T00:59:40.296Z,018b4b8f-58f1-41ef-9a56-0164ce7c2d30,10327,47199.1,46986.2,46963.521819,212.90000000000146,22.678180999995675,1.955371,863.718,313.641,45784.207448,258,5,298.7086062812168,15.941793324214627,4096,0.06298828125,False
2026-10-09T00:59:42.822Z,63d23655-2f5f-4d58-89f9-11e3cdd65427,10328,48295.3,48117.1,48103.877773,178.20000000000437,13.222226999998384,2.010471,2402.814,155.77,45543.283302,491,3,204.34374029783413,19.259164152275794,4096,0.119873046875,False
2026-10-09T00:59:43.314Z,87eb435d-6a89-491d-959c-1db24cf143db,10329,47598.5,47441.8,47429.432602,156.6999999999971,12.36739800000214,1.944511,343.883,151.117,46932.488091,167,3,485.6302870453032,19.85216752582436,4096,0.040771484375,False
2026-10-09T00:59:44.698Z,2f1615f9-9696-44d3-991f-92f1a39e8138,10330,48529.6,48337.9,48325.372771,191.6999999999971,12.527228999999352,2.170233,1115.315,230.597,46977.290538,294,4,263.60265933839315,17.346279439888637,4096,0.07177734375,False
2026-10-09T00:59:46.991Z,389e040e-e8ff-4c30-a418-59c3c2d59d13,10331,49858.6,49686.5,49673.764706,172.09999999999854,12.735293999998248,2.088812,2151.683,158.38,47361.612894000005,460,3,213.78613857152752,18.941785578987247,4096,0.1123046875,False
2026-10-09T00:59:48.341Z,8d4b94f5-b81d-44b6-b6bb-8e9ca59c6c2c,10332,49390.3,49227.4,49214.187563,162.90000000000146,13.212437000001955,2.059262,1108.746,231.616,47871.766300999996,296,4,266.9682686566626,17.269964078474718,4096,0.072265625,False
2026-10-09T00:59:50.184Z,4d492e4d-9c6d-4f86-a543-aa963df707e4,10333,50287.0,50099.6,50085.257827,187.40000000000146,14.342172999997274,3.80971,1571.366,231.78,48278.302117,369,4,234.8275322235558,17.257744412805245,4096,0.090087890625,False
2026-10-09T00:59:50.909Z,e46a0797-5459-4cca-a97e-17dab5d02dbd,10334,50862.2,50669.3,50636.955582,192.89999999999418,32.34441800000059,4.564889,402.699,306.866,49922.825693,173,5,429.60126546129993,16.29375688411228,4096,0.042236328125,False
2026-10-09T00:59:52.534Z,4096849f-3de4-4197-9088-2e6c0b5ec76f,10335,50084.0,49904.4,49891.68772,179.59999999999854,12.712279999999737,2.364915,1323.537,311.209,48254.576805000004,329,5,248.5763526066895,16.066373401797506,4096,0.080322265625,False
2026-10-09T00:59:54.160Z,2bbf9b60-508f-4bff-a777-7c818b692fce,10336,50046.2,49856.5,49843.5763,189.6999999999971,12.923699999999371,1.90341,1446.356,154.402,48240.91489,345,3,238.53048627032348,19.42980013212264,4096,0.084228515625,False
2026-10-09T00:59:55.544Z,e44bc595-37d8-422e-bc71-ef0b77ff267e,10337,50749.5,50554.7,50542.213351,194.8000000000029,12.486648999998579,1.86038,1055.915,308.071,49176.366970999996,282,5,267.06695141180876,16.230024896858193,4096,0.06884765625,False
2026-10-09T00:59:56.094Z,84353d8e-da45-4c46-b66c-ecdddb1d9f48,10338,49526.3,49363.5,49350.38314,162.8000000000029,13.116860000001907,2.201463,422.105,153.005,48773.071677,177,3,419.32694471754655,19.607202379007223,4096,0.043212890625,False
2026-10-09T00:59:58.370Z,6c53bcf0-3466-4e93-a451-0d3e5564df56,10339,49304.4,49111.3,49097.064662,193.09999999999854,14.235338000005868,1.93333,2084.915,156.29,46853.926331999995,451,3,216.315773065089,19.19508605796916,4096,0.110107421875,False
2026-10-09T00:59:59.429Z,6d67a10f-31da-46fa-b7e1-b97e5e0de8b9,10340,50301.2,50113.6,50099.891317,187.59999999999854,13.708682999997109,2.062432,746.298,308.951,49042.579885,232,5,310.86777667902095,16.183796135956836,4096,0.056640625,False
2026-10-09T01:00:00.346Z,a9fac454-7039-441b-8e7b-012174d67b28,10341,49772.2,49594.2,49574.804528,178.0,19.395471999996516,3.591328,739.351,177.321,48654.5412,234,3,316.4937898237779,16.918469893582824,4096,0.05712890625,False
2026-10-09T01:00:02.822Z,2a7fffd7-dbb5-4ecb-be28-bbf4665e7cbd,10342,51850.5,51690.5,51665.671503,160.0,24.828497000002244,1.961691,2321.711,162.663,49179.335812,485,3,208.89766211212333,18.4430386750521,4096,0.118408203125,False
2026-10-09T01:00:05.048Z,0402f29f-4173-4eb1-8988-9922367f9dc8,10343,53343.7,53112.8,53098.198025,230.89999999999418,14.60197500000504,1.965541,1817.661,318.941,50959.630484,409,5,225.0144553907467,15.676880676990416,4096,0.099853515625,False
2026-10-09T01:00:08.015Z,9e83f230-1635-478a-92cd-4b085a627a8e,10344,56247.4,56063.0,56048.732447,184.40000000000146,14.26755299999786,1.96418,2836.803,160.348,53049.617267,567,3,199.8728850752061,18.70930725671664,4096,0.138427734375,False
2026-10-09T01:00:08.974Z,931fd747-19eb-476f-ad60-1778b910f780,10345,57182.4,57013.5,57001.261757,168.90000000000146,12.238242999999784,1.88246,647.756,307.59,56044.033297,218,5,336.546477377284,16.255404922136613,4096,0.05322265625,False
2026-10-09T01:00:09.941Z,2c3367da-5551-47f4-b580-4e583f77793e,10346,54498.0,54325.5,54313.421766,172.5,12.07823400000052,1.954751,728.447,232.118,53350.902015,231,4,317.1129814523226,17.23261444610069,4096,0.056396484375,False
2026-10-09T01:00:11.283Z,278eb361-26af-4737-98a2-b8604c42743a,10347,55440.2,55244.9,55225.692311,195.29999999999563,19.207689000002574,1.96268,1055.965999,250.059,53917.704632,274,4,259.4780516223799,15.996224890925744,4096,0.06689453125,False
2026-10-09T01:00:13.584Z,d9e7c6d3-c756-4606-ae79-9c67830d2338,10348,56915.8,56626.3,56611.655764,289.5,14.644236000000092,4.250076,1888.851,313.629,54404.925688,411,5,217.59259994568126,15.94240328541047,4096,0.100341796875,False
2026-10-09T01:00:16.327Z,649e314f-78ea-4f03-aa94-a576e42abdcb,10349,57397.9,57206.8,57193.504091,191.09999999999854,13.295909000000393,1.92933,2665.678,157.68,54368.216761,527,3,197.69829664348055,19.025875190258752,4096,0.128662109375,False
2026-10-09T01:00:18.711Z,4b21c2d1-bc74-4500-af6f-dc735e6b29d9,10350,58942.5,58715.1,58680.979724,227.40000000000146,34.12027600000147,4.531898,2037.348,309.23,56329.869825999995,440,5,215.96703165095013,16.169194450732466,4096,0.107421875,False
2026-10-09T01:00:19.795Z,79b085c6-bbc6-43b7-b061-b3723f3325e8,10351,59170.3,59011.2,58998.614111,159.10000000000582,12.585888999994495,1.935391,813.529,306.584,57876.565720000006,244,5,299.92784522739817,16.308744096234637,4096,0.0595703125,False
2026-10-09T01:00:21.770Z,db6d2b20-5a1a-42c5-87df-b2eb11268b01,10352,59057.5,58876.4,58863.645679,181.09999999999854,12.754321000000346,1.979461,1790.192,156.666,56914.808218,401,3,223.99831973330234,19.149017655394278,4096,0.097900390625,False
2026-10-09T01:00:23.721Z,af1e36e1-90ed-48d7-a282-28e501ade600,10353,60937.2,60734.5,60721.720621,202.6999999999971,12.779378999999608,1.976141,1758.553,154.434,58806.75748,396,3,225.18513800835117,19.42577411709857,4096,0.0966796875,False
2026-10-09T01:00:26.331Z,67e7baff-dfaa-42cb-8242-7d3271d9ed5b,10354,60624.6,60451.1,60427.856649,173.5,23.243350999997347,4.75594,2470.443,156.084,57796.573709000004,507,3,205.22635009186612,19.220419773967862,4096,0.123779296875,False
2026-10-09T01:00:26.931Z,0aba051e-6afe-4e9a-96f2-b6852dcf5abb,10355,60040.0,59820.4,59807.545168,219.59999999999854,12.854832000004535,2.096802,382.109,152.43,59270.909366,173,3,452.750393212408,19.681165124975397,4096,0.042236328125,False
2026-10-09T01:00:28.240Z,b5899dc8-2184-427e-97d5-fb2730563e1d,10356,60144.0,59936.0,59922.885254,208.0,13.114745999999286,2.006761,1084.976,232.601,58603.301493,287,4,264.52198020970053,17.196830624115975,4096,0.070068359375,False
2026-10-09T01:00:31.441Z,ba8649d1-0dad-42ab-891e-554eae7af89d,10357,61295.0,60180.3,60157.87793,1114.699999999997,22.42207000000053,2.013672,1967.237,318.997,57869.630258000005,429,5,218.07235223818992,15.674128596820662,4096,0.104736328125,False
2026-10-09T01:00:31.670Z,581b07aa-1547-4ff1-a650-d43009bb346c,10358,60487.3,60223.2,60209.520095,264.1000000000058,13.679904999997234,1.91284,907.885,154.491,59145.231255,261,3,287.4813440028197,19.41860690914034,4096,0.063720703125,False
2026-10-09T01:00:34.542Z,b4f0e4dd-6526-4575-bb58-58d1ed495675,10359,62735.7,62546.2,62531.221556,189.5,14.978444000000309,2.059422,2779.458,159.028,59590.676133999994,551,3,198.2400885352468,18.86460245994416,4096,0.134521484375,False
2026-10-09T01:00:35.217Z,6e5da4eb-dae2-42f2-aeaa-2603d91ed69a,10360,63100.0,62904.9,62891.560523,195.09999999999854,13.339477000001352,1.92288,423.725,232.246,62233.666643,181,4,427.16384447460024,17.223116867459503,4096,0.044189453125,False
2026-10-09T01:00:36.226Z,5026accc-edbc-4f8e-8259-ff52dcc9cbbc,10362,63743.0,63319.3,63297.516802,423.6999999999971,21.78319800000463,2.157663,623.812,154.125,62517.422138999995,210,3,336.63988509358586,19.4647201946472,4096,0.05126953125,False
2026-10-09T01:00:37.143Z,a635ddc2-09b0-457a-a100-a47a14bfa325,10361,64650.0,64443.6,64430.632094,206.40000000000146,12.967905999998038,2.249464,819.424,310.972,63297.98663,248,5,302.65161869801227,16.078618010624748,4096,0.060546875,False
2026-10-09T01:00:37.735Z,aea23d78-7264-4455-9d9a-a5a2de015fee,10363,65069.8,64864.5,64848.883976,205.3000000000029,15.616024000002653,1.88665,431.681,152.886,64262.430325999994,179,3,414.65804610348846,19.622463796554296,4096,0.043701171875,False
2026-10-09T01:00:38.977Z,fe8ff802-b718-4f20-8867-cb430a444caa,10364,64026.0,63852.7,63840.084761,173.3000000000029,12.615238999998837,1.699888,1037.75,233.319,62567.315873,281,4,270.77812575283065,17.143910268773652,4096,0.068603515625,False
2026-10-09T01:00:39.936Z,e7088357-1558-48e8-a7c0-c6a5de9ac2ed,10365,63292.5,63097.8,63073.404332,194.6999999999971,24.39566800000466,3.984102,773.52,157.085,62138.81523,238,3,307.68435205295276,19.097940605404716,4096,0.05810546875,False
2026-10-09T01:00:40.953Z,481b44af-d4a8-47ca-a684-e1b4bd758da9,10366,63400.0,63219.0,63204.738823,181.0,14.261177000000316,1.997741,868.716,154.9,62179.125082,253,3,291.234419534117,19.367333763718527,4096,0.061767578125,False
2026-10-09T01:00:42.720Z,6dd62a07-c214-42dc-9080-4c440e9fbbcb,10367,62876.8,62684.6,62660.327334,192.20000000000437,24.272665999997116,4.399096,1586.782,157.427,60911.719238000005,372,3,234.4367405226427,19.056451561676205,4096,0.0908203125,False
2026-10-09T01:00:43.862Z,7ab2cc38-8e79-4cb8-906f-43162d44ff0e,10368,63792.8,63584.8,63573.557843,208.0,11.242157000000589,1.999062,966.633,154.82,62450.105781000006,270,3,279.32007287150344,19.377341428755972,4096,0.06591796875,False
2026-10-09T01:00:44.838Z,5dfabc05-1680-4824-b7fd-b9264be84299,10369,63389.6,63199.1,63185.466958,190.5,13.633042000001296,1.935541,669.785,305.575,62208.171417,220,5,328.463611457408,16.362595107584063,4096,0.0537109375,False
2026-10-09T01:00:46.688Z,6dc20109-292e-4e14-b3df-a0b6ec5aaf4a,10370,64583.5,64399.4,64385.332328,184.09999999999854,14.067672000004677,1.9528,1698.749,154.469,62530.161528,386,3,227.22603515881391,19.421372573137653,4096,0.09423828125,False
2026-10-09T01:00:48.447Z,418bdbd0-7376-45cb-92cf-e3fefba0991d,10371,65730.0,65524.6,65511.433789,205.40000000000146,13.16621099999611,2.010811,1479.193,243.656,63786.573978,347,4,234.5873729797261,16.416587319827954,4096,0.084716796875,False
2026-10-09T01:00:49.723Z,55c7aedf-8411-4b4e-b289-798912c487bd,10372,65925.7,65496.3,65483.009377,429.3999999999942,13.290623000000778,2.031672,734.448,306.705,64439.824705,233,5,317.24506023571445,16.30231003733229,4096,0.056884765625,False
2026-10-09T01:00:50.290Z,9291e66d-0cce-4f1c-9338-861338f27387,10373,59705.8,59503.1,59477.519506,202.70000000000437,25.580494000001636,4.830921,631.395,156.136,58685.15758499999,215,3,340.51584190562164,19.21401854793257,4096,0.052490234375,False
2026-10-09T01:00:50.965Z,ddc51832-3bb6-4f1a-afa5-6ac4ac0935cb,10374,60323.0,60141.6,60116.444513,181.40000000000146,25.155486999996356,4.464217,540.778,152.849,59418.353296,200,3,369.83753037290717,19.62721378615496,4096,0.048828125,False
2026-10-09T01:00:52.583Z,368e23aa-9498-4fc2-96d2-5978db2a8828,10375,61760.2,61548.6,61534.521462,211.59999999999854,14.078538000001572,2.115153,1429.375,154.728,59948.303308999995,345,3,241.36423261915172,19.388863037071506,4096,0.084228515625,False
2026-10-09T01:00:54.733Z,ce3c758b-31a2-4ae4-8a51-d1e5dcd315e5,10376,63383.9,63176.5,63154.050092,207.40000000000146,22.449908000002324,2.090502,1983.306,155.226,61013.42759,432,3,217.8181279136956,19.32665919369178,4096,0.10546875,False
2026-10-09T01:00:55.683Z,3d1f0732-0abc-4330-bdcf-08e47041c36d,10377,63223.7,63042.9,63030.380071,180.79999999999563,12.519929000001866,1.752108,809.627,153.94,62065.060962999996,245,3,302.6084851419234,19.48811225152657,4096,0.059814453125,False
2026-10-09T01:00:57.201Z,c42032fa-5cbf-482a-ad69-5f3cb9483c06,10378,64693.0,64492.2,64479.580508,200.8000000000029,12.61949199999799,2.476546,1175.651,311.9,62989.552962,309,5,262.83310268098273,16.03077909586406,4096,0.075439453125,False
2026-10-09T01:00:58.668Z,e5456a23-81ce-43b1-9c84-a82c9ef250b4,10379,65296.1,65090.9,65077.945219,205.1999999999971,12.954781000000366,1.91594,1296.072,155.88,63624.077279000005,325,3,250.75767395638516,19.24557351809084,4096,0.079345703125,False
2026-10-09T01:01:00.635Z,55070509-fc3f-49bc-89f7-94e69bb01d6c,10380,66523.9,66344.9,66319.490384,179.0,25.40961599998991,3.298725,1672.526,312.68,64330.985659000005,384,5,229.59284339974386,15.990789305360112,4096,0.09375,False
2026-10-09T01:01:02.902Z,3a92c5e7-65ab-4111-a943-14c935328eff,10381,68776.9,68061.5,68048.964844,715.3999999999942,12.535155999998096,3.70876,1400.966,312.968,66331.322084,348,5,248.4000325489698,15.976074231231307,4096,0.0849609375,False
2026-10-09T01:01:04.879Z,97409103-d2d6-46e3-bcc3-acba68b21f15,10382,69907.0,69695.7,69682.5625,211.3000000000029,13.13749999999709,2.439276,2316.266,154.841,67209.016224,482,3,208.09354366035677,19.374713415697393,4096,0.11767578125,False
2026-10-09T01:01:05.929Z,312087c0-8adf-42e5-a6b6-ef3d0b4c0bbf,10383,68978.1,68778.4,68766.45962,199.70000000001164,11.940380000000005,1.995432,894.294,154.147,67716.02318799999,259,3,289.61393009457737,19.46194217208249,4096,0.063232421875,False
2026-10-09T01:01:07.088Z,a4783432-5b6b-4a92-8e98-7a3f45cd63cc,10384,69062.6,68837.9,68814.094929,224.70000000001164,23.805070999995223,4.902622,972.127,154.146,67682.919307,269,3,276.7128163295537,19.462068428632595,4096,0.065673828125,False
2026-10-09T01:01:08.480Z,d62d8eb5-3813-4305-a976-7d671019489a,10385,69945.0,69770.5,69754.533492,174.5,15.966507999997702,1.86705,1121.429,310.537,68320.700442,298,5,265.73238252265634,16.101140926846075,4096,0.07275390625,False
2026-10-09T01:01:09.880Z,0a234efb-2df2-472a-a622-3a0a37186290,10386,71279.9,71081.6,71068.15672,198.29999999998836,13.44328000000678,1.996791,1206.832,157.177,69702.150929,312,3,258.5281132750872,19.08676205806193,4096,0.076171875,False
2026-10-09T01:01:10.939Z,7d58e50b-3dc9-4a69-9f11-d3bf033d3583,10387,71857.3,71681.5,71657.173086,175.8000000000029,24.326914000004763,4.114124,753.987,314.015,70585.056962,238,5,315.6553097069313,15.922806235370922,4096,0.05810546875,False
2026-10-09T01:01:11.940Z,67cf1eec-5a2d-4b1b-b08e-b7e9a9090d0a,10388,71392.8,71233.2,71221.115253,159.60000000000582,12.084747000000789,2.131582,775.974,231.327,70211.682671,239,4,308.00001030962375,17.291539681922128,4096,0.058349609375,False
2026-10-09T01:01:13.349Z,7a8cb628-e1c3-4c07-98bb-2e8427c10748,10389,71776.7,71583.4,71570.499504,193.3000000000029,12.90049599998747,2.085973,1128.19,240.015,70200.20853100001,294,4,260.59440342495503,16.665625065100098,4096,0.07177734375,False
2026-10-09T01:01:14.307Z,2028e710-8757-464c-95ca-5834ea70e133,10390,71752.4,71565.6,71542.326404,186.79999999998836,23.27359599999909,4.380557,802.357,154.799,70580.78984700001,241,3,300.3650494729902,19.379970154845964,4096,0.058837890625,False
2026-10-09T01:01:15.274Z,9a7fb51a-697c-4425-a098-eb6f03bd69f4,10391,72503.2,72301.0,72287.84532,202.1999999999971,13.15468000000692,2.063611,787.392,153.042,71345.347709,239,3,303.5336909696822,19.602462069235894,4096,0.058349609375,False
2026-10-09T01:01:16.650Z,df7a3fd0-acf8-4eaf-9ce7-28ce1d6b3038,10392,72839.2,72651.0,72637.376831,188.1999999999971,13.623168999998597,3.73607,1074.523,307.11,71252.007761,286,5,266.1646144382205,16.280811435641954,4096,0.06982421875,False
2026-10-09T01:01:17.492Z,69e39cd8-d3c3-4f67-8877-9c0d0be77e3a,10393,73518.9,73325.6,73312.346612,193.29999999998836,13.25338800001191,1.84293,667.49,156.813,72486.200682,221,3,331.09110248842677,19.131066939603222,4096,0.053955078125,False
2026-10-09T01:01:19.234Z,ef7a4400-c62a-4ce9-883e-79f64e56b039,10394,75027.2,74830.2,74816.88911,197.0,13.310889999993378,3.027712,1580.405,154.896,73078.560398,372,3,235.38270253510967,19.36783390145646,4096,0.0908203125,False
2026-10-09T01:01:20.518Z,0c5bd622-d522-45db-befb-49a1aa6c3495,10395,74954.2,74777.9,74764.95338,176.3000000000029,12.946619999987888,1.90773,983.874,307.077,73472.09465000001,268,5,272.39260311787893,16.282561051462665,4096,0.0654296875,False
2026-10-09T01:01:22.243Z,941f103f-0411-4ec8-8549-a84c9cf7af12,10396,76028.7,75854.8,75839.832945,173.89999999999418,14.967055000000983,9.112126,1405.21,315.324,74110.186819,343,5,244.09163043246204,15.85670611815149,4096,0.083740234375,False
2026-10-09T01:01:24.644Z,0bd68382-2586-4993-a378-6172574caf78,10397,77849.3,77661.4,77647.729479,187.90000000000873,13.670520999992732,1.987541,2065.292,309.244,75271.205938,446,5,215.9500932555784,16.168462443895436,4096,0.10888671875,False
2026-10-09T01:01:26.662Z,80af3ba1-d1f2-41c6-a029-763292783e31,10398,79399.3,79214.3,79201.006564,185.0,13.293436000007205,1.954661,1853.475,153.933,77191.64390299999,412,3,222.28516705107972,19.488998460369125,4096,0.1005859375,False
2026-10-09T01:01:28.054Z,75e0a8b1-cdd9-4512-918f-36b8984aa6ae,10399,77653.2,77412.5,77399.752523,240.6999999999971,12.747476999997161,1.906811,1010.311,310.09,76077.444712,283,5,280.111767564641,16.124350994872458,4096,0.069091796875,False
2026-10-09T01:01:29.788Z,c3b2140d-c1ce-45e4-bca4-3f1cc06ea713,10400,79053.0,78897.2,78883.325942,155.8000000000029,13.874058000001241,2.057562,1657.798,154.255,77069.21538,379,3,228.6165141953362,19.448316099964345,4096,0.092529296875,False
2026-10-09T01:01:31.364Z,067f8f38-533e-466a-8bb6-09cf0904909f,10401,80292.9,80119.2,80106.270646,173.6999999999971,12.9293539999926,1.995801,1393.626,158.574,78552.07484500001,341,3,244.68544645407016,18.9186121306141,4096,0.083251953125,False
2026-10-09T01:01:33.023Z,a9214ef0-54fb-4395-8e27-cfc4a34bc4b0,10402,81824.0,81633.7,81620.705136,190.3000000000029,12.994863999992958,1.928501,1388.503,233.326,79996.947635,353,4,254.23063543975059,17.143395935300823,4096,0.086181640625,False
2026-10-09T01:01:34.948Z,cfa0991e-9067-407a-9948-30a002e6b3fd,10403,82941.0,82239.1,82224.756698,701.8999999999942,14.343302000008407,2.209593,1168.34,231.664,80822.543105,306,4,261.9100604276153,17.26638580012432,4096,0.07470703125,False
2026-10-09T01:01:36.299Z,29983f79-9a22-4cfe-a034-086348ef9c98,10404,82640.1,82472.7,82459.085743,167.40000000000873,13.614256999993813,1.891201,1713.205,157.707,80586.282542,387,3,225.8924063378288,19.02261789267439,4096,0.094482421875,False
2026-10-09T01:01:38.100Z,502b00f8-57b7-4b95-a6dc-589c793db264,10405,81608.3,81415.9,81402.677001,192.40000000000873,13.222998999990523,1.91256,1530.567,232.904,79637.293441,362,4,236.51365801039745,17.1744581458455,4096,0.08837890625,False
2026-10-09T01:01:39.133Z,767ddd72-4de8-475d-bc4c-572e62563634,10406,81816.5,81629.6,81616.54421,186.89999999999418,13.055790000013076,3.391546,873.311,154.716,80585.12566399999,255,3,291.99219980052925,19.3903668657411,4096,0.062255859375,False
2026-10-09T01:01:40.984Z,b59348b1-4825-43a4-84aa-ad07d93e29c8,10407,83157.7,82971.2,82949.010344,186.5,22.189656000002287,1.889881,1608.979,234.679,81103.46246299999,370,4,229.9594960530871,17.04455873767998,4096,0.09033203125,False
2026-10-09T01:01:42.301Z,bf2c34d7-c425-4496-8e2a-78aa5012dfba,10408,83660.8,83399.3,83385.451084,261.5,13.848916000002646,1.947901,991.886,237.294,82154.323183,272,4,274.22506215432014,16.85672625519398,4096,0.06640625,False
2026-10-09T01:01:42.979Z,a0d75b81-9ae0-405c-be85-0efae83f4a27,10409,81836.4,81409.0,81395.833114,427.3999999999942,13.166886000006343,1.92813,349.224,151.535,80893.14598399999,163,3,466.7491352255286,19.797406539743292,4096,0.039794921875,False
2026-10-09T01:01:44.760Z,7570a826-ddf5-4122-bed6-c066a9ce59cd,10410,83210.0,82995.0,82971.455258,215.0,23.544741999998223,4.955832,1684.569,306.518,80975.412426,381,5,226.17061099901517,16.312255723970534,4096,0.093017578125,False
2026-10-09T01:01:45.761Z,8fdc2158-a374-4417-b875-08045c101e81,10411,83637.6,83279.5,83264.891823,358.1000000000058,14.608177000001888,2.080442,695.599,151.921,82415.291381,224,3,322.02461475649045,19.747105403466275,4096,0.0546875,False
2026-10-09T01:01:46.644Z,6c4c8c6f-e476-45de-8d11-592ef2be4943,10412,84281.7,84101.0,84079.577882,180.6999999999971,21.42211800000223,2.261664,910.373,153.785,83013.158218,261,3,286.695673092238,19.50775433234711,4096,0.063720703125,False
2026-10-09T01:01:48.528Z,86aad578-df47-414e-9f6c-ef7e0f2dfb72,10413,86150.1,85954.8,85942.438108,195.3000000000029,12.361892000000807,1.97073,1695.719,157.493,84087.255378,389,3,229.40121564952685,19.048465646092207,4096,0.094970703125,False
2026-10-09T01:01:49.946Z,b464002f-095c-4765-9ad4-5464bde467eb,10414,86974.5,86817.3,86804.446028,157.1999999999971,12.853971999997157,2.097282,1283.404,156.896,85362.048746,326,3,254.01198687241117,19.12094635937181,4096,0.07958984375,False
2026-10-09T01:01:51.846Z,090ee72b-b073-4bdb-b3f0-a9a470673560,10415,88585.0,88264.4,88249.593433,320.6000000000058,14.806566999992356,3.601718,1573.684,155.214,86517.093715,369,3,234.48163671995138,19.32815338822529,4096,0.090087890625,False
2026-10-09T01:01:54.006Z,1e60f695-d44a-4d3c-90fc-9f5b375b924f,10416,90312.8,90146.5,90133.026392,166.3000000000029,13.47360800000024,2.006201,2137.789,161.064,87832.167191,459,3,214.707812604518,18.62613619430785,4096,0.112060546875,False
2026-10-09T01:01:54.689Z,6df6f9ff-ecce-43f0-908f-ab7a14934835,10417,90919.1,90761.6,90746.850862,157.5,14.74913799999922,2.361995,527.153,152.602,90064.733867,199,3,377.49951152701396,19.65898218896214,4096,0.048583984375,False
2026-10-09T01:01:55.631Z,d86ddb2f-ca80-4ddd-b5c8-6c111244894e,10418,90465.4,90277.7,90265.29997,187.6999999999971,12.400030000004335,1.674198,605.59,304.789,89353.246772,210,5,346.7692663353094,16.40479151150468,4096,0.05126953125,False
2026-10-09T01:01:56.189Z,ea347d75-f473-4223-a90d-e842382b6ca4,10419,90641.3,90467.8,90455.011253,173.5,12.788746999998693,1.949101,415.724,153.242,89884.096152,180,3,432.97957298592337,19.576878401482624,4096,0.0439453125,False
