row_number,narrative,raw_label
10000,I got a XXXX XXXX promotional period when applying for a credit card with Bank of America. The promotional period ended on XX/XX/XXXX statement and the due date of that statement is XX/XX/XXXX. If not paid in full by XX/XX/XXXX then I will be charged an interest rate. I paid the balance in full and money taken from my account on XX/XX/XXXX. They still charged me some interest and claimed that the balance expired on XX/XX/XXXX and had to be paid by then. Ive never seen it in any written paper and had requested a refund but was denied.,Credit card
10001,"Essentially I've applied several times through FBC mortgage to lower my mortgage payments as I fell behind after I lost my job. I was unemployed for XXXX  months and my ex-wife ( whose only on the deed ) declined to help with payments. I accumulated XXXX in delinquency. 

My payments have increased from purchase in XXXX from approximately {$3000.00}, to now $ XXXX the latest loan modification as of XX/XX/XXXX, is an offer asking to push my intrest rate from XXXX to XXXX and increase the mortgage to {$4400.00}, but wipes out the delinquency. 

This does not help me at all however as ill be back in the same situation even though im now employed again. But I may be forced to accept this offer as I hold a XXXX XXXX",Mortgage
10002,I was sending money through PayPal on XXXX to a family member. I clicked on resend this transaction ; as I have sent money to this person in the past and verified that the phone # was there and changed the amount to {$95.00} the amount I was wanting to send. I send the funds and now when I go into the payment the recipient is now an email address. It is a fraudulent email address of the recipient XXXX. This is not the place I authorized the funds to go. I opened a case with PayPal and they closed it stating I authorized the transaction. Which is not true as the recipient has been changed. I tried closing my account with them as I don't want to use their service any longer and was getting an error message. When I contacted Customer Service they said they couldn't close the account due to the outstanding payment. Which cleared my account today. Since they haven't received payment I would say they recipient didn't get the money so why couldn't they stop the transaction and send it to the correct recipient. I'm attaching both the receipt for the previous payment and the current one from  XXXX. I also included a screen shot of the screen showing the correct account when I click on resend.,Money transfer or service
10003,"I have reached out to XXXX, Transunion, and XXXX via dispute by mail to only receive a response stating that the dispute was not done by me, which is false. I notified all 3 bureaus that I never had credit before and that I always paid cash for everything and now that I am older and most things/creditors require you to have credit, after obtaining a copy of my copy report only to find out that someone has been fraudulently using my credit already. I requested that the bureaus remove the fraudulent information from my report which is XXXX XXXX XXXX XXXX and XXXX XXXX XXXX XXXX which has been has been assigned to 2 different collections ( XXXX XXXX and XXXX XXXX, XXXX ) that are not authorized to collect debts in the state of Tennessee. I filed a Identity Theft report with the Federal Trade Commission which is attached along with proof of the collections company that are not licensed in the state of Tennessee.",Credit reporting
10004,"I deposited an {$11000.00} cashiers check from XXXX XXXX XXXX at U.S. Bank in XXXX, TN on XX/XX/2025. I verified the check with the issuing bank prior to deposit. The issed check date was XX/XX/2025. 

U.S. Bank placed a full hold on the deposit until XX/XX/2025, even though Regulation CC ( 12 CFR 229.10 ( c ) ( 1 ) ( v ) and 229.13 ( b ) ) generally requires next-day availability for the first {$5000.00} of a verified cashiers check.

This hold caused overdraft fees on my account. I have contacted both my branch and corporate customer service, but they are giving conflicting information and will not release any portion of the deposit.

I request CFPB assistance to : 1. Ensure the first {$5000.00} is made available immediately, 2. Reverse all overdraft fees caused by this hold, and 3. Obtain written confirmation of any exception hold code applied by U.S. Bank.",Bank account or service
10005,"In XXXX, a national bank allowed an unauthorized third party to gain control over a consumer checking account through identity theft and impersonation. The third party was never an account holder, authorized signer, or lawful agent on the account. 

Without authorization from the consumer or the lawful agent already on file, the bank changed core account contact and authentication information including mailing address, phone number, and email to information controlled by the impersonator. As a result, the consumer and lawful agent lost access to and control over the account. 

After the unauthorized changes were disputed, the bank partially reversed the takeover by restoring the lawful agent and correcting only the mailing address. However, other authentication channels, including phone number and email, were not fully corrected. This left the account in a compromised state, with the consumer unable to verify whether the impersonator continued to receive account notifications or influence account activity. 

Rather than treating the matter as identity theft or unauthorized access, the bank restricted the account and continued to characterize the situation as involving conflicting authority, despite having notice that the third party had no authority and had affirmatively disclaimed any authority related to the account. 

A police report documents the identity theft and impersonation. Despite notice of the unauthorized access and supporting documentation, the bank has not confirmed full removal of the impersonator from all account systems, has not fully restored correct authentication information, and continues to restrict the account. As of the date of this complaint, the consumer still can not verify that all unauthorized access points and notifications have been fully removed. 

I want the CFPB to publish this description on consumerfinance.gov so that others can learn from my experience.",Bank account or service
10006,I am filing this complaint because there is a debt collection tradeline in my consumer reports. I have not received any notice of information regarding this alleged debt which is in fact a statutory violation of the FDCPA. I am uploading a notice of debt validation to ensure compliance from the collection company.,Debt collection
10007,"Iam writing to formally express my concerns Zelles handling of disputes, particularly in light of the recent CFPB lawsuit highlighting significant issues with the platform. Despite using Zelle numerous times and reported discrepancies my financial institution and Zelle failed to investigate my claims adequately.They informed me thst recovering lost funds was impossible and thst tracking these transactions was infeasible. The CFPBs findings indicate that Zelle has not only neglected to protect consumers but has also allowed repeat offenders to exploit the system, leaving users vulnerable to scams. This lack of accountability and transparency is unacceptable and raises serious concerns consumers safety",Money transfer or service
10008,My information was given to you which is a direct violation of my rights under 15 USC 1692 are you familiar with that law? I never signed a contract with you guys therefore you should not have my information. You are also reporting inaccurate information due to i have not signed any contract with you. I would also like to enable a cease and desist so that you do not attempt to contact me again via phone mail or email. Thank you in advance.,Debt collection
10009,"On the XXXX XXXX, when transferring XXXX $ to XXXX on TransferWise, it will be XXXX until it's finished, after waiting until today, My account has been deactivated. site signs of appropriating money, my account was deactivated by no reason. TransferWise don't send any email about the completion then blocked my account for no reason. 
Please give my money back",Money transfer or service
10010,"In process with short sale for property on XXXX XXXX XXXX, XXXX, CA. XXXX. Accepted offer of {$240000.00}. 1st and 2nd asked for new price of {$250000.00}. Buyer obliged to pay {$250000.00}. XXXX is the loan on the first, through XXXX XXXX. XXXX has accepted the offer, and from XXXX procedures, is offering the 2nd loan with 21st Mortgage the industry protocol of {$6000.00}. 21st is holding up the short sale and is insisting on {$44000.00} and that the first mortgage should pay them the difference of {$6000.00} and {$44000.00}. XXXX is saying no, due to industry standard. Short sale specialist and myself have contacted 21st. 21st is stating we should do a deed in lieu, which makes no sense, as 21st would have to buy out XXXX and come up with {$240000.00} to do that. 21st was not the original loan, they bought the loan from XXXX. 21st has an acceptable offer, and is industry standard, but would rather get nothing and ruin my credit when I have done everything they have asked of me to make this difficult situation better.",Mortgage
10011,"I am a victim of identity theft, and this company has no record of me signing a contract with them claiming this debt belongs to me. I asked the company XXXX  times to provide documentation that this debt belongs to me, and they haven't provided any documentation yet. I need this removed from my account immediately please.",Consumer loan
10012,"There is a billing error on my discover statements that were sent to me. I have notified Discover of the billing error thats on the account. A consumer credit transaction took place when this account was opened. I used my credit card Pursuant to Truth In Lending Act 15 USC 1602 ( l ) the definition of a credit card is a card, plate coupon book, or other credit device to obtain money, property, labor or services on credit. The credit card has an open end credit plan because there are repeated transactions that takes place when I use the credit card. There was an uninformed use of credit with this transaction and this is unfair billing practices. Discover failed to give an adequate notice Pursuant to 15 USC 1602 ( k ) ( k ) The term adequate notice, as used in section 1643 of this title, means a printed notice to a cardholder which sets forth the pertinent facts clearly and conspicuously so that a person against whom it is to operate could reasonably be expected to have noticed it and understood its meaning. Such notice may be given to a cardholder by printing the notice on any credit card, or on each periodic statement of account, issued to the cardholder, or by any other means reasonably assuring the receipt thereof by the cardholder. 

I made an uninformed decision because the pertinent facts of this credit card agreement was not clear and conspicuous to me and to which I could understand its meaning. 

This would result in unauthorized use on my credit account Pursuant to 15 USC 1602 ( p ) ( p ) The term unauthorized use, as used in section 1643 of this title, means a use of a credit card by a person other than the cardholder who does not have actual, implied, or apparent authority for such use and from which the cardholder receives no benefit. 

I did not benefit from this transaction. 

Please see the attached letter as well for more explanation of the billing error on the account",Credit card
10013,My uncle was sending me money into my account and they froze the account and then closed it talking about suspicious activity! And now I cant get my account back dont think its fair especially knowing somebody else was using my account and had an account under my information for years and they held that against me!,Bank account or service
10014,"Capital One closed my credit card without my knowledge. I spent over 3 hours on the phone in one day, trying to find answers and proper documentation. It turns out, capital one didnt disclose that they can close your account without your knowledge. They stated due to payment return which is outside of normal monthly payments. Basically if you try to transfer money from another bank to capital one account, they can take up to a week to post the transaction leaving consumers confused about the funds available in either accounts. Also, customer service is poor and no one is able to disclose these terms before you find out the hard way ( account closure ). Capital One collected a {$600.00} payment to the card after closing it, without my knowledge that Id have no access to the funds. 
At one point, when my call was escalate, the agent who identified herself as XXXX ( spelling ), said that too many payment returns as a reason for account closure without notifying the customer, was proprietary company information and didnt have to be disclosed with the customer.",Credit card
10015,"I reached out to the XXXX post for a personal assistant job with XXXX XXXX. He interviewed me and offered me the position. He said that I would be doing some finance items for him - including depositing checks and invoices. He emailed me a check for {$2500.00} to deposit into my account and instructed me to go to the Post Office and get a money order for {$2000.00} and deposit them into an account at XXXX XXXX  for XXXX XXXX ( Account # XXXX Routing # XXXX ). After I did that, XXXX told me to take out the remaining cash of {$500.00} and go to XXXX  for a gift card, a XXXX XXXX Gift Card. After telling him that they did not sell the XXXX XXXX gift cards in the store, he told me that he would get back to me with what other types of gift cards "" they '' accepted. After hearing this, I told him that I did not want any more part in this and that I would just mail him back the remaining money. He had a bit of a hissy fit but I have not heard from him since. Two days later, my bank informed me that the check was fraudulent and that I was on the hook for the {$2500.00}. I am currently unemployed due to the pandemic which is why I took the job even though it did sound a little too good to be true. I have the money order receipts and the deposit receipt as well and have reached out to my bank. My bank is now canceling my relationship with them and is holding me accountable for the full {$2500.00}, saying that since I initiated the money orders I am accountable. I tried to explain to them that I fell victim to a scam and that I have the emails and text messages that prove that I was not doing this to take the money, that I was doing this for my boss ( as I was hired ). Now, I have to find a new bank and somehow come up with {$2500.00} that I do not have. If I was not unemployed due to the pandemic, I would have never taken this job nor would I be in this position. BE CAREFUL.",Bank account or service
10016,I recently reviewed my credit report and noticed an account that was not reporting accurately. i had two late payments on an account that i was in fact paid on time. The consumer reporting agencies need to report all information with complete accuracy. this account has not been late on payments i've attached a copy of my report to this complaint on the following dates ( XX/XX/year> ) I'm now requesting you investigate this account and update these payments to paid on time immediately. Thank you for your understanding and prompt action,Credit reporting
10017,"I need to inform you I was the victim of identity theft. I'm disputing the following accounts as they were opened without my knowledge, consent or authority. I contacted the companies and they said to file the FTC affidavit from the site identitytheft.gov. 

Please dispute the following accounts. They were opened without my knowledge, authority or consent. 

XXXX XXXX XXXX XXXX and XXXX XXXX XXXX XXXX.",Credit reporting
10018,I never received information for an unauthorized charge. XXXX was returned with item sent. Company is being difficult. American Express gave me a solid decision they refunded the {$3600.00} and it was final then they reversed it after that. I need item or my money or someones name I can file a police report.,Credit card
10019,I have been getting repeated emails from TrueAccord ( on behalf of XXXX  XXXX ) for debt I do not owe. Nothing was showing up on my credit report for this debt and Ive never taken out of loan from XXXX  XXXX. I called TrueAccord finally because I was tired of getting emails. They are investigating it as potential fraud but Im concerned theyll keep trying to collect from me. How are they getting my information to collect a debt that I do not owe?,Debt collection
10020,"the company Ally financial repossessed my car. They gave me a set number of days to pay of the overdue balance and get my car back. the total amount due was approx {$1200.00}. 
i paid them {$750.00} and was to pay off the balance with them after they confirmed that i should pay the balance off the upcoming friday. they confirmed the vehicles location and that i could go get it then. they confirmed the car was at the tow yard. 

on the repayment day, Ally through their towing company had already SOLD my car even when they asked me for the {$750.00} payment. the car had been sold few days into the repossession by the towing company at about 1/3 the fair market value rate. 

ally is now demanding {$5600.00} even after all my deposit and monthly payments i had made for 2 and half years on the car. the loan total was {$11000.00}. the {$750.00} payment that i made they did not even include it in the final tally. they lied that the car was at the tow yard when in fact they had already sold the car for a throwaway price. 

they sold my XXXX  XXXX XXXX XXXX  for 1/4 -1/3 the current fair market value at time of repossession. 

these people stole my payment and used the tow company to sell the car cheap quickly to a friend for a low price then still demand XXXX $ from me and take me and my cosigner to collections. they are criminals why accept a payment after they had already sold the car and lie to me that the car was at the tow yard. they have then come up with this figure and reported it to my credit.",Debt collection
10021,"I signed up for the Chase XXXX XXXX XXXX back in XX/XX/XXXX with the promise of perks and a {$75.00} statement credit valid for up to XXXX year from account opening for any XXXX XXXX purchases. I purchased tickets on XX/XX/XXXX for a trip in XX/XX/XXXX. I called Chase XXXX Customer Service XXXX asking about when I would receive my {$75.00} statement credit and to my surprise, I was informed I will not be receiving it because apparently, this program was changed and the benefit ended on XX/XX/XXXX. According to the customer service rep, communication for this change went out in XX/XX/XXXX. I scoured through all my emails for any information on this ( note : I do not delete emails pertaining to Chase XXXX for future reference ) but did not find any email sent in XX/XX/XXXX from Chase XXXX. So I was surprised such changes were implemented without my knowledge. I escalated this to the highest customer service point over the phone to ask for reconsideration on the {$75.00} statement credit but was told the best they can do is to escalate to the marketing team for their action. I completely find this unacceptable as a Chase and XXXX customer. So far, I have received XXXX rejections and no resolution to the problem. I have approached both Chase and XXXX XXXX for this problem but each XXXX are pointing fingers, none taking responsibility for the failure to communicate and provide statement credit as originally agreed upon.",Credit card
10022,"b'El 23/04/2026 mi cuenta fue reactivada, pero no se me devolvieron los fondos. Solicitud de confirmacin a la empresa sobre la recepcin del dinero, pero no obtuve respuesta. La cantidad involucrada fue de 1470 y no se ha reflejado en mi cuenta.'",Money transfer or service
10023,"I just received my credit card statement with a {$380.00} Interest charge on my statement. My statement balance previous statement was {$530.00}. My statement has been as high as {$1000.00} approximately and have been paying down since I got it that high. They told me that I made a purchase 2 years ago that I agreed for no interest however been paying interest all along and not sure my payments actually paid down the zero percent side as it should. They then told me they would waive the interest charge if I paid the entire credit card balance off, extorsion!",Credit card
10024,I paid my Citibank the entire balance of my account. I mistakenly over paid the amount due and my account ( which is currently closed ) has a negative balance of XXXX. I have requested to have have the funds returned and the Citibank is holding the return for an unspecified period of time. Citibank had confirmed that funds have been received by them but they still refuse to refund the outstanding balance inspite of repeated attempts to have them wire the funds to my account.,Credit card
10025,"I need pennymac to buy me my identical insurance line by line and word by world to show me the coverages, liability just like I have for XXXX and I have with XXXX. 

See the description of personal liability with XXXX for instance it covers also this type of problems.",Mortgage
10026,"Chase Bank is now denying customers the right to login to their accounts unless they sign a Consent Agreement to receive statements and other documents electronically. Based on my understanding, this is a violation of Federal law. Customers have the right to instruct financial institutions as to what documents, if any, they would like to receive electronically. This consent should not be procured via extortion. Your prompt attention to this matter would be greatly appreciated.",Bank account or service
10027,"I setup an auto payment of XXXX to be scheduled on the XXXX of XXXX, with my XXXX XXXX XXXX checking account, for my auto loan for my XXXX XXXX XXXX with westlake XXXX dollars. 

However, the auto payment was not successful for some reason, and I was late on my payment, which negatively impacted my credit score. I had to manually pay the money myself whivh processed 2 days later, with the exact same details of the same checking account which was successful. 

I tried to contact Westlake Financial through their customer service phone number, but I was unable to reach and agent, and their ai assistant bot was unable to assist me properly.

For reference, my account number for Westlake Financial is XXXX.",Consumer loan
10028,I get phone calls and letter for a collection agency trying to collected money for bills who I did n't know was on collection. I get multiples phone calls treated me of jail. I never received a bill for the previous company with an amount to paid. I want this harassment to stop immediately before I request some compensations for this issue. I am on DO NOT CALL list and still get call from collections who used difference number to get me answer. I returned my equipment from XXXX when I closed my account and the company send my account to collection agency.,Debt collection
10029,"I was sold a vehice by drivetime and XXXX XXXX-upon trying to switch insurance companies I discovered that my car has a salvage title which was not disclosed to me in any of my loan documents and nor does it show in the banks system according to drivertime and XXXX  I have spent over an hour on the phone with both companies and nothing has been offered to me except for an image of my title and they told me to take the matter up with the XXXX. Drivetimes address is XXXX XXXX XXXX XXXX XXXX, XXXX, Az XXXX please help me at this point I feel powerless and they are not helping me.",Consumer loan
10030,"Thank you for giving me the oportunity to solve this problem through this portal. I hope to get a fair solution. This situation is overwhelming for me now. 

I am writing to you today regarding the following account : Designated Receivable Solutions, account # XXXX, opened date reported : XX/XX/2015. 

This company is committing so many violatoins to my rights as a consumer : 1. Failing to investigate account : I sent validation request last month which wasnt responded to Designated Receivable Solutions.

2. Misreporting activity dates.

3. Inconsistently reporting accounts off bureaus- California Rosenthal Act violation.

4. Unfair business practices. 
5. Reporting incorrect opening date.

Please, I am asking you to send the attached documents to Receivable Solutions. 

I thank you for your help.",Debt collection
10031,"Account name : XXXX XXXX XXXX acct # XXXX, XXXX XXXX XXXX acct # XXXX file number XXXX, XXXX  Acct # XXXX, XXXX  Acct # XXXX has violated my rights. 

15 U.S.C 1681 section 602 A states I have right to privacy.

15 U.S.C 1681 section 604 A section 2 It also states a consumer reporting agency can not furnish a account without my written instructions.

15 U.S.C 1681c. ( a ) ( 5 ) section states : no consumer reporting agency may make any consumer report containing any of the following items of information. Any other adverse item of information, other than records of convictions of crimes which antedates the report by more than seven years.

15 U.S.C 1681-2 ( a ) ( 1 ) A person shall not furnish any information relating to a consumer to any Consumer Reporting Agency if the person knows or has reasonable cause to believe that the information is accurate.",Credit reporting
10032,"I brought a vehicle XXXX XXXX XXXX on XX/XX/XXXX in XXXX XXXXXXXX XXXX, and financed an amount of {$23000.00} with Nissan Finance ( 7.87 percent interest rate ). I didnt pickup the car on the same day, because I had to leave on the next day to XXXX XXXX XXXX XXXX  training. About a week later, my mom went to pick up the car. She and my uncle found out that the car had XXXX miles already. The car dealer didnt even mention that when I signed the contract. They didnt pick up the car but the car dealer didnt cancel my loan contract either. I didnt realize that the car dealer didnt cancel my contract until two months later after my XXXX XXXX training. I found out that my credit score dropped very low because of this car loan, and didnt receive any notice about that I had to pay for the loan. I called the loan company, and they told me if I want to cancel this loan I have to talk to the car dealer. Then I called the car dealer, they told me to call the loan company. They kept pushing me to each other and didnt help me solve my problem. I went to talk to the car dealer face to face on XX/XX/XXXX. I was trying to get them to at least change the car, but it couldnt be achieved based on my low credit score. I waited for a whole day and didnt get any solution. They didnt even call me for any update after that day. On XX/XX/XXXX, I went to the car dealer again, they couldnt help me with any thing, I had nothing to do but to pick up the car and start paying for the loan.",Consumer loan
10033,"in 1998 we put our home in our sons name due to health problem. we knew he took a mortgage on it. we have lived in our home 31 years. when we saw it in the paper it had been foreclosed on we immediately went to our banker, got a loan approved had our insurance lined up. everything was ready all our banker needed was to know how much money to send and who to send it to. that is when the nightmare started. we couldn not get them to send us a pay off amount. Our banker and the closing lawyer was constantly sending emails and calling try to get it. once they sent XXXX it was only good till the next day. our banker told them he had to have 48 hours to finish the paper work and write the check. The next payoff they send was out of date when we received it. While we were trying our best to pay them their money they had the foreclosure sale now they are sueing to evict us from our home. We have plenty of documentation showing how hard we all worked trying to save our home. They would not cooperate with us at all. The closing attorney that was helping us was checking the paper work he could get his hands on said said there was a glitch in the deed. The deed they took the mortgage on has our physical address on it but the land description does not include the land our home is on I do not think they have the right to take our home we have owned for over 30 years",Mortgage
10034,"This letter is a formal complaint disputing the inaccurate reporting to XXXX, XXXX, and XXXX by XXXX XXXX XXXX. 

Due to XXXX XXXX, XXXX reporting inaccurate information, it has damaged my good credit standing and caused me a tremendous amount of stress. The inaccurate information is a mistake on either youre or the reporting creditor 's part. Due to the mistakes on my credit report, I have been charged higher interest and wrongfully denied credit/services recently. Which was extremely inconvenient and embarrassing. I am attaching proof that this information does not belong in my file and/or is inaccurate and needs to be updated. I have reported this numerous times with a direct dispute to XXXX, XXXX, and XXXX along with XXXX XXXX, XXXX. XXXX XXXX, XXXX continues to provide inaccurate information and report misleading details. I hereby request that you make these changes within 30 business days to avoid additional violations of the FCRA. This account has been paid in full for the amount of {$450.00} and continues to be reported incorrectly either as open, settled for less and listed as a charge off with late historical remarks. 

Please verify the inaccuracy of this information and delete it from XXXX, XXXX, and XXXX and provide me written proof that this has been completed.",Credit reporting
10035,My Barclays arrival credit had a balance that I was paying consistently. I was then enrolled into a credit relief program. They settled the account with Barclays. This was settled and paid off however Barclays still shows it as a charge off which negatively affects my credit.,Debt collection
10036,"Reference number from previous complaint : XXXX Amsher Services on behalf of XXXX. Previously requested no further contact. 
Yet Amsher Services persists with mailing me letters demanding payment. 
I have previously demanded they no longer contact regarding this matter. 
Current mailing has a XXXX form for fraud dispute investigation. 
Note : I have never had XXXX services or devices. Never subscribed to or cosigned for XXXX services. Made a payment for another party. This other party defaulted on their account. XXXX fraudulently used my personal information without my permission in attempt to collect for a service that was not mine. 

There is statutorily an interstate aspect to this matter with respect to fraud. 
XXXX is in multiple states. 
Amsher Services is in Alabama. 
I live in Texas. 
The form from Amsher Services for XXXX requires a police report. 

XXXX  would not provide me any details about how my name came to be associated with this account in such a manner that would allow them to pursue a debt defaulted on by another party. 
The only name ( XXXX ) I can provide for a police report would be : XXXX and Amsher Services I contacted Amsher Services on their toll free number on XX/XX/2023 and reiterated about the facts of this situation. Paid a payment for another party, other party defaulted on the account, I was not the subscriber, did not cosign or otherwise allow my personal information to be used outside of the payment made on behalf of another party, never had any subscriptions or devices for XXXX, XXXX is attempting to commit fraud.",Debt collection
10037,I contacted the company on my due date and made arangements to pay the payment in 5 days when I had a paycheck come in. They said that was fine and told me to come in and pay on my payday. I then contacted them on my payday to see how much the payment was and they said I had to pay the total amount of the loan. I did n't have that much money to pay in full. I told them of my situation and they said I had to pay the whole amount. On my next payday I attemed to pay the full amount and they sent me an email saying that I had to pay the full amount plus {$500.00} to pay off the debt. They then proceeded to call roughly 20 times a day harassing me leaving me countless messages on my voice mail. They called so many times that I was reprimanded at work for my cell phone ringing twice an hour. I just want to settle the correct amount that is owed so the harassment will stop. The company is ace cash express.,Debt collection
10038,"I hope you're doing well. I've run into a bit of a problem. While going through my credit report, I noticed some things that don't seem quite right, and it appears my identity have been stolen online. My nephew, who's studying XXXX XXXX, helped me out by finding a way to check if my XXXX emails were involved in this breach. To my surprise, it turns out that XXXX out of XXXX of my emails contain a lot of my sensitive and personal information. I want to emphasize that I'm not the one behind these accounts. It would mean a lot to me if you could assist in removing the following from my credit report. these are the inquiry : XXXX XXXX  || Date of inquiry : XX/XX/year>",Credit reporting
10039,"Consumer Financial Protection Bureau XXXX XXXX XXXX XXXXXXXX XXXX XXXXXXXX Subject : Dispute of Issue/Account with XXXX, Equifax Dear CFPB Team XXXX I am writing to file a formal dispute regarding an issue with XXXX, Equifax. Below are the details of my concern : Nature of the Dispute : Incorrect information on my credit report and Violation of my consumer rights. 
Report # XXXX  ( XXXX ) Equifax XXXX XXXX ) XXXX XXXX of Events : I have reached out to dispute from 2021 to date. Despite my efforts to resolve this matter directly with XXXX, including contacting their customer service departments, the issue remains unresolved. I believe this matter warrants CFPB 's attention as it involves potential violations of consumer protection laws. 

I kindly request that the CFPB investigate this matter and take appropriate actions to ensure a fair resolution. Please let me know if you require any additional information or documentation from me. 

Thank you for your assistance. I appreciate your dedication to protecting consumers like me. 

Sincerely, XXXX XXXX",Credit reporting
10040,"I sent a letter to you to reinvestigate my negative accounts and even sent you my credit reports showing that you didn't update anything and according to the FCRA 15 U.S.C 1681 e ( b ) the dates, balance & etc had to be the same on all 3 credit reports and it was in aaccurate ; so by law it was supposed to be deleted but you took it upon yourself to update it which was illegal. 

The accounts name and number are XXXX XXXX XXXX XXXX XXXX XXXX XXXX XXXX XXXX XXXX XXXX XXXX XXXX XXXX XXXX XXXX XXXX XXXX XXXX XXXX XXXX XXXX XXXX XXXX XXXX XXXX XXXX XXXX XXXX XXXX Also 15 U.S.C 1681 a ( 2 ) a ( 1 ) Exclusions Transactions between the consumer and person ( Corporation ) are excluded from the consumer report so this is what it states; so where does my late payments come from.

This is Federal Law. It looks like yall are not following the Federal Law to me",Credit reporting
10041,On Several Occasions I have contacted National Credit Adjusters with regards to this old debt that they keep adding and removing from my credit report which is causing harm to my credit score. I have attempted several times to ask for debt validation since this account does not belong to me and not once have they attempted to provide any kind of documents at all. This company has more than enough complaints on them and how they harass consumers all day long. I want this untrue/non-compliant derogatory account deleted from my credit report immediately. This company should not even be in business with the number of complaints against them.,Debt collection
10042,"ON XXXX I sent letters to XXXX all ACH debits from my account for Payday loan companies ... sent a letter for each company as I got into a Payday Loan Consolidation program ... On XXXX I called Huntington and closed my account ( while it was still positive balance ) on XXXX and now XXXX they continue to take ACH Debits out - which now has my "" so called '' closed account at - {$2000.00} ... this is not acceptable - I did everything on my end as I was told to.",Bank account or service
10043,"I sent {$200.00} USD to XXXX on XX/XX/2020 with the agreement that it would take "" 0-2 days '' for the transfer to show in the receivers bank account, The XXXX XXXX XXXX. Once the transaction is completed, I received an email stating it will be deposited "" by XX/XX/2020. '' I am now being told that the received needs to be registered with a third party bank in XXXX prior before the transaction can be completed. The third party company was never mentioned at the initial and during the transaction. The receiver does not meet all the requirements for the third party and now I am being told I can not get a refund, I will have to wait on when they get the funds back to Western Union. I also called Western Union, spoke to XXXX twice and XXXX several times which resulted ion me being disrespected, hung upon, refused a supervisor, promised a call from a supervisor within hours, transferred to a ringing number with no answer or voice mail.My email today is to let you know that Western Union breached our contracted ad did not provide full disclosure prior to taking my money. It is now XX/XX/2020 and the receiver is not in receipt of the funds. Western Union mislead me to believe the money will go to XXXX XXXX XXXX XXXX and within 2 days.",Money transfer or service
10044,"I have XXXX in loans and the repayment plans maximize your interest. I am on a payment plan and I am getting no where with them. Each time I set up a payment plan, it maximizes the interest and nothing gets paid on the principal balance. While this is happening, I am still occurring Intrest even though I am paying on it every month. It 's hard to pay something off when you keep occurring charges.",Consumer loan
10045,"As a person who was under the XXXX XXXX  I was in line for XXXX  to be forgiven last year in XXXX. I was paying {$1200.00} a month. Now because of this ridiculous litigation hold and an attempt to pay the remaining XXXX months for forgiveness, my payment has now increased to $ XXXX  month now under the ICR? In what ways has this helped the people! This only increases the financial burden to a person who would not even be paying these loans if there was no litigation. Now I have to come up with an additional {$3000.00} to even pay off the next XXXX months to qualify for something I qualified for over a year ago - or would have qualified for had there not been a litigation hold in XXXX. This hold took place in XX/XX/year>, my XXXX would have been completed in XX/XX/year>. How is this appropriate for individuals who were actually making payments?",Consumer loan
10046,"I disputed a an unverified and unvalidated bankruptcy on my credit report with TransUnion. Within less than 24 hours the results of the investigation were stated that the information was accurate and verified with the company ) creditor. Due to being a victim of identity theft and accounts being created in my name, I have frozen all my credit reporting accounts with all agencies and their subsidiaries. I have purchased a credit monitoring service and have disputed all prior and recent inaccurate information due to my social security number and private financial information being compromised. TransUnion has not verified or validated the information I have disputed, they have only referred to my last request for my credit profile and closed the investigation. 
In accordance with the Fair Debt Collections Act and the Fair Dept Reporting Act, TransUnion must verify and validate all information with the original source and creditor of all information they report on consumers credit reports which they have failed to do.",Credit reporting
10047,"Experian claims it verified 2 collection accounts reported on my credit profile, one with XXXX XXXXS and the other with XXXX XXXX XXXX XXXX. 

I sent a Method of Verification request, which they received on XX/XX/2018. By law they have 15 days to comply with my request, ot delete items from my credit profile. 

To date neither has been done.",Credit reporting
10048,"Dear Madam, Dear Sir On Thursday XX/XX/XXXX an international wire transfer was initiated from XXXX with the intent to transfer money into a Ally Bank account. The money was wired to the following account : Receiving Bank : XXXX XXXX XXXX XXXX, XXXX. 
ABA/Routing Number : XXXX Address : XXXX XXXX XXXX XXXX, XXXX XXXX, NY XXXX SWIFT Code or Bank Identification Code : XXXX Beneficiary Account Number : XXXX as in accordance to Ally guidelines for receiving wires from a non U.S. bank However, the sender of the money made an incorrect entry into the "" further credit '' field which is required to correctly forward the money into the intended Ally account Correct information : XXXX XXXX XXXX XXXX Information as incorrectly entered by the sender : XXXX XXXX XXXX XXXX Further information : wired amount : XXXX ( euros ) unique transaction ID as per the sender 's bank : XXXX sender 's full name : XXXX XXXX sender 's account number : XXXX sender 's bank : XXXX XXXX  XXXX XXXX All attempts of the sender 's bank to stop the transfer proved unsuccessfull. The money left the sender 's bank account. Despite obviously incorrect recepient information, Ally Bank does not cooperate in the process or returning those funds. Multiple calls to the customer care hotline resulted in straight up conflicting responses on when and if the money would ever be returned. As of now, Ally Bank more or less kept the money.",Money transfer or service
10049,XXXX XXXXXXXX XXXX XXXX XXXX Account # XXXX I looked at my current reports All 3 reports do not match. Also there are late payments being delinquently reported in the status of XXXX but XXXX or Equifax. Also account was removed from XXXX but not from other bureaus. The comments also do not match. there are discrepancies all throughout my reports which they do not match. this is supposed to be a trip-merged account that is reported to all 3 major bureaus with matching information but it is currently not. this is in violation of 15 us code 1681e ( b ) I demand immediate removal of delinquencies and/or account.,Credit reporting
10050,"Shellpoint Mortgage also Known as New Rez purposely caused delays resulting in financial harm for our family while dealing with an insurance claim. They requested numerous inspections when they realized that our insurance company XXXX still owed us money. They marked the job at 80 % -85 % complete 6 months ago and sat on the money, requested another inspection and billed us for it and then said the job was 60 % complete. Things started getting really weird when they were communicating with XXXX and we decided to ask for proof that our money was in an escrow account instead of sitting somewhere gaining interest with another pot of money ( which we suspect is the truth and is illegal ). Then when I copied our litigation lawyer on the email and confessed our suspicions with them, they sent us all the money. Since this is our mortgage company, we need to see evidence of each month our money sat in escrow since they held it for nearly a year. If these request go ignored, we plan to take further action.",Mortgage
10051,"My significant other is experiencing a declining health that placed her on hospice so I needed time off to care for her and was eventually let go after working there for XXXX years. I am continually calling XXXX XXXX trying to make payment arrangements but they are unwilling to do so. I contacted XXXX XXXX XXXX, who offered to assist me but XXXX denied allowing XXXX XXXX XXXX to assist in restoring my mortgage back to compliance. XXXX states that the loan is also under XXXX, who gave the mortgage to XXXX XXXXXXXX XXXX. I've been trying to call XXXX XXXXXXXX but they are refusing to talk with me because XXXX sold the mortgage which took my name off the mortgage. XXXX reports that I am {$8000.00} delinquent but refused XXXX XXXX XXXXXXXX assistance.",Mortgage
10052,"Wells Fargo incorrectly applied an automatic biweekly payment, charged me a late fee, accused me of being two months behind, and harassed me at my place of employment. 

Wells Fargo misapplied my 2nd biweekly payment XX/XX/XXXX, wanted to charge me a resulting late fee and was telling me I was two months late on my mortgage ( XX/XX/XXXX & XX/XX/XXXX ) ; today is XX/XX/XXXX! It is absurd that they are calling it late and the day is n't even over! 

In XX/XX/XXXX XXXX payments should have been made, one on XX/XX/XXXX ( was correctly taken out ) and another payment on XX/XX/XXXX, which was not debited from my checking account. 

They made no attempts to call me at my primary number or by mail, but instead opted to call me at work to harass XXXX payments out of me. 

Note : Wells Fargo may be doing this to make up for loss of revenue due to the fraud committed by it 's executives and employees. When I mentioned I would contact the CFPB I was placed on hold and was cut off. I had to call back to proceed any further.",Mortgage
10053,Funds received into bank of america XXXX XXXX  I was ask to pay transfer fees I did so the ceo of bank of america is still holding my funds I have paid all fees for transfer also for XXXX XXXX  for the funds they refuse to pay me I have statment of account and proof of funds tell them pay me all fees for transfer have been paid,Bank account or service
10054,"I do not have a M & T Bank account, yet I keep receiving numerous spam texts saying my M & T Bank account needs review. This text I've just received led me to a link ( which I've followed on my PC in VPN and hidden IP mode ) which looks extremely suspicious. The number that texted it is XXXX, and the website address they say to follow is XXXX XXXX XXXX It has "" login '' details to enter, but I'm 100 % certain it's just a puppet page that logs the information for more scammers to use. Again, I have no account, so nothing happened to me, but this looks like a very easy situation to fool anyone with a M & T Bank account.",Bank account or service
10055,"i can never get a real person on the phone with mohela. if i do, they put me on hold to transfer me to someone else that can help.Then the call will eventually drop. I have called almost everyday since XX/XX/year> to just trying to call again at XXXX XXXX  on XX/XX/year> with same thing happening, being transfered to the call then dropping. 
I have called on : XX/XX/year> @ XXXX XXXX- no answer or call back, XX/XX/year> @ XXXX XXXX no answer, XX/XX/year> @ XXXX - no answer, XX/XX/year> @ XXXXXXXX XXXX- no answer, XX/XX/year> @ XXXXXXXX XXXX finally was able to talk to someone, said they fixed the issue. still is not fixed. reported me to credit bureau, dropped credit score XXXX points for account being delinquent when it is not. 
called on XX/XX/year> @ XXXXXXXX XXXX- no answer, called on XX/XX/year> @ XXXXXXXX XXXX- no answer, XX/XX/year> @ XXXX no answer, XX/XX/year> XXXX - no answer. 
I think you get the point. have more dates and several unanswered emails if you need them as well.",Consumer loan
10056,"I am writing to formally express my concerns regarding Zelle 's handling of disputes, particularly in light of the recent CFPB lawsuit highlighting significant issues with the platform. Despite using Zelle numerous times and reporting discrepancies, my financial institution and zelle failed to investigate my claims adequately. they informed me that recovering lost funds was impossible and that racking these transactions was unfeasible. the CGPB 's findings indicate that Zelle has not only neglected to protect consumers but has also allowed repeat offenders to exploit the system, leaving users vulnerable to scams. This lack of accountability and transparency is unacceptable and raises serious concers about consumer safety.",Money transfer or service
10057,"I am writing formally express my concerns my concerns regarding Zelles handling of disputes, particularly in light of the recent CFRB lawsuit highlighting significant issues with the platform. Despite using Zelle numerous times and reporting discrepancies, my financial institution and Zelle failed to investigate my claims adequately. They informed me that recovering lost funds was impossible and that tracking these transactions was unfeasible. The CFPBs findings indicate that Zelle has not only neglected to protect consumers but has also allowed repeat offenders to exploit the system, leaving users vulnerable to scams. This lack of account and transparency is unacceptable and raises serious concerns about consumer safety.",Money transfer or service
10058,"the following is the problem : i cant do a transaction because of an error of the platform, i wrote to the support area of the company called trust wallet ( a digital currency wallet ) telling this problem, the date of that email was XX/XX/2023, but i have not received any answer from this company and in need to use my money, i want to buy something in a platform that accept bitcoin called XXXX, but trustwallet shows an error at the moment of the purchase, i attach the support of the email to trustwallet and the error. My trustwallet account email is XXXX. Thanks",Money transfer or service
10059,"Dear Sir/ Madam, I have a loan borrow with Net Credit in XX/XX/XXXX, I made regular payments to this company until XX/XX/XXXX, ( Payment has been made totally 18 months, set up auto electronic payment every other week, total {$130.00} each month. 

My borrowed amount is {$2500.00} ( XXXX XXXX ) My total payment to Net Credit {$2000.00} ( XXXX XXXX XX/XX/XXXX ) My balance in XX/XX/XXXX was {$3100.00} ( this is not fair ) In XXXX, Net Credit told me my Balance was {$3100.00}, so I stop paying to this loan shark company, and have a law office named XXXX XXXX to write them an offer of {$300.00} to settle the case, but Net Credit refused, I called them few times but they refused my offer but have no resolution to me and keep emailing me ( every 2 weeks ) and charging me with unknown charges!!!! 

The mail from this week saying that I owed them already over {$900.00} I hope your office can help and advice Sincerely XXXX XXXX XXXX",Consumer loan
10060,"bait and switch company. They presented me with a 4.75 % rate when I pre-qualified. Then once I hard checked and my credit score went down ( meaning its harder to get a better rate from a competitor ) they then raised their rate. They said for mine it was because they couldn't verify all of my income ( $ XXXX ), which was a lie because I showed my offer letter, vesting schedule for stocks, planned ( guaranteed bonus ' ), stock XXXX XXXX account, pay stubs, and had employed for more than a year. 

HOWEVER, the illegal part was that when I went in and created a new application, with the lower $ XXXX income, I received a lower APR than they offered me on my hard checked application ( greater than .8 % difference ). The know that they are bringing people in at a lower than realistic rate, then increasing the rate once they hard check because they've impacted their credit negatively after. 

Put in a formal request from SoFi and ask how many of the original rates are honored for individuals and what percent are increased. You'll find out how they are bait and switching hard working students with student loan debt. HORRIBLE COMPANY.

Check the screen shots. I adjusted the income from XXXX to XXXX on my new application, and received a lower rate than they offered me after the hard check. It's a ploy to get more people to do the hard credit check and commit. After that, they raise the rate! 

I checked on XXXX and it looks like MANY OTHER PEOPLE have the same issue with the company. this means its a deceptive trade practice! 

https : XXXXXXXX XXXX XXXX XXXX",Consumer loan
10061,"When I reviewed my credit report, I discovered that some of the information was erroneous. The XXXX and TransUnion credit bureaus must validate this account in line with Sections 609 ( a ) ( 1 ) ( A ) and 611 ( a ) ( 1 ) ( A ).

This is not a duplicate nor is this complaint being filed by a third party, I am filing this complaint myself. Please see this complaint is processed to the letter of the law. 
It is not authorized to fail to validate this reporting account as unverified information without providing any proof within the period allowed by law. The account need to investigate and delete from erroneous reporting in my file are listed on my credit report : XXXXXXXX XXXX XXXX XXXX Date Opened : XX/XX/2017 Balance : {$0.00}",Credit reporting
10062,"A long time ago, I canceled service on the XXXX app. Through what I assume was a glitch, my service was never canceled and I continued to be charged. When I noticed this a few months later, I attempted to contact XXXX, but was unable to get through the automated phone system to speak with a human. I then submitted a dispute with my credit card which was approved. 

I had zero issues signing up for service at my next address. Now, years later, a notice on my credit report has appeared that I owe a debt to XXXX, which is categorically false. When I contacted XXXX, they confirmed multiple times, through multiple agents, that I owed them no debt, and sent invoices to verify the fact. Even with this proof, the credit bureaus have denied my dispute, which isn't right. 

If I had known XXXX would be coming after me for a mistake that was their fault, I never would have continued service with them.",Debt collection
10063,"Short sell of XXXX XXXX XXXX XXXX was approved by Ocwen and home listed as instructed on XXXX. Ocwen even argued the point they preapproved me after sending approval to my old adress. I followed all instructions after multiple requests for more and more paperwork to comply with their short sell policy. 

Then, they put the brakes on things AGAIN to try to get bids from unqualified buyers using XXXX ( no call or notice to my agent ) rather a straight denial letter and ignore a cash offer!!!!!!. They want to list the home XXXX AND NEVER mentioned this as a requirement, EVER!!! My agent presented a cash offer with validated funds, CASH!!! The buyer is ready to walk away from this deal due to these delays. If my home is foreclosed due to this delay, I request monetary damages for letting all my MONTHS of efforts go to waste and my credit destroying willfully. There is simply no excuse for the sixth delay, more surprises, and a clear attempt to make this situation as difficult as possible so they can foreclose instead.",Mortgage
10064,"Again CitiCard has charged a late fee to my account for a payment being late by 24 hours or less. They did this once before and i submitted a complaint, and was issued a refund. The fee was generated regarding a due date for payment of XXXX XXXX. I paid what was due on the XXXX. On the XXXX the late fee was issued. I had a "" chat '' with a representative of citicard but they said they could not reverse the charge, because they had done this once for me already within a 12 month period. I explained that when they charged me before, it was unfair and predatory as well. They would not reverse the charge. My previous case with citicards which i filed with cfpb has a case number i believe is XXXX",Credit card
10065,"I attempted to cancel my XXXX XXXX and was persuaded by a representative to add a cellular phone line under the assurance that the phone would be free and would lower my internet bill. This was false. I was charged for the phone and my monthly bill increased. 

I later went into an XXXX  XXXX  store and was told the issue had been resolved. It was not. The charges remained, and the account was eventually sent to a third-party collection agency. 

The collection agency claims ownership of the debt and has provided a balance verification letter. However, XXXX continues to reflect the same balance on my account. As a result, I am being asked to pay both XXXX  and a collection agency for the same alleged debt. 

I have requested written confirmation of the date the debt was sold or assigned and confirmation that XXXX adjusted its internal account balance to XXXX. This information has not been provided. The situation creates a risk of double payment and reflects a failure to properly reconcile the account after transfer. 

I am disputing the debt and am requesting that the duplicate billing be corrected and that I receive written confirmation clarifying who legally owns the debt.",Debt collection
10066,"EdFinancial has been lying to me and publicly reporting false information about me. I have spoken to EdFinancial at least a dozen times over the past year about this and sent them proofs, but they refuse to do anything about it. They say they have two accounts of mine which are open with balances ; however, they do not. They are also reporting this information to the credit bureaus. During every telephone conversation I've had with EdFinancial, their representatives acknowledge that I do not any open accounts with them and that this should not be happening. They also say they will forward the information to their credit investigations department so it will be updated and that someone will call me back to confirm this. None of this ever happens. I have also disputed these accounts with XXXX, XXXX, and XXXX with hope they will resolve the situation ; however, EdFinancial just keeps telling them the accounts are open with balances. Here is the short history : EdFinancial briefly serviced my loans on behalf of the Dept of Education over a year ago ; however, both my loans were transferred to another loan servicer, XXXX ; and soon after the transfer occurred both my loans were paid off. Both XXXX and the DEPT of Education verify this, but EdFinancial refuses to update their records and correct the information on my credit reports.",Consumer loan
10067,"I currently have an account on my credit report from Rise Credit XXXX XXXX, which was sold to XXXX, a company affiliated with XXXX XXXX XXXX XXXX. However, XXXXXXXX XXXX XXXX XXXX is unable to provide any information regarding the delinquent account, citing an incorrect Social Security Number ( SSN ). I have reached out to XXXXXXXX XXXX XXXX XXXXXXXX via email to request clarification and to have the information removed, but I have not received a response. 

Rise Credit XXXX has also not removed the account, stating that the debt was sold to XXXX. I filed a dispute with XXXX, but they have confirmed that the debt is being reported as accurate, even though no one is able to verify my SSN. 

I am formally requesting an investigation into the actions of Rise Credit of Alabama and XXXXXXXX XXXX XXXXXXXX XXXX, with the goal of having this account and the associated debt removed from my credit report due to the discrepancies regarding my SSN.",Credit reporting
10068,"I am writing to you regarding my loan for hardship for the second time. In XX/XX/XXXX I filled a complaint against my bank who in return told you they would work with me. It was not true once you close the complaint they ask me to fill out a hardship letter for the third time so I did. I faxed it on XX/XX/XXXX & XX/XX/XXXX to  the bank. On XX/XX/XXXX I received a foreclosure notice on my house, and yet still today I have not received a denial letter from the bank. I am XXXX years old and have had my house for over 15 years. I would love to keep my house so I hope the bank will help me.",Mortgage
10069,I HAVE A COLLECTION ACCOUNT THAT IS APPEARING ON MY CREDIT REPORT THAT I'M NOT AWARE OF AND I THINK IT'S PART OF MY IDENTITY THEFT CASE. I WAS ADVISED TO FILE A COMPLIANT TO GET THIS ACCOUNT REMOVED FROM MY CREDIT REPORT.,Debt collection
10070,"On XX/XX/year>, I went to Target and purchased a XXXX XXXX XXXXXXXX XXXX for {$18.00} using my Target credit card. I never received the bill because XXXX changed my account from paper billing to e-billing without my consent. 

In XXXX, I was alerted by XXXX XXXX that I had missed a payment for the Target card. As soon as I saw this, I immediately paid the {$18.00} balance plus the late fee ( totaling {$20.00} ) on XX/XX/year>. I had never received a bill for the XX/XX/XXXX payment that was due. 

I called Target on XX/XX/year>, to explain the issue and requested that they fix the billing error and restore my credit score, which had dropped over XXXX points ( from over XXXX to around XXXX ) due to their error. I also asked to be switched back to paper billing, but that request was not completed. 

When I called again on XX/XX/year>, to follow up, the representative informed me that the dispute was not even submitted until XX/XX/year>, more than a month after my original call. During this time, Target also reduced my credit limit from {$10000.00} to {$200.00}, all over a single {$18.00} charge that I paid as soon as I became aware of it. 

This situation was caused entirely by Targets unauthorized switch to e-billing, which led to a missed bill and a significant, unfair impact on my credit score and available credit. I do not regularly use my Target card, so I rely on receiving the paper bill as a reminder to make my payments on time.",Credit card
10071,"I appreciate your time to remove some of the items in my file that resulted from alleged identity theft but I have some inaccurate personal information left that need to be removed. This will be my last Complaint to inform the Credit Reporting Agencies that I was a victim of identity theft. Per Fair Credit Reporting Act Section 605B ( a ) the Credit Reporting Agencies are required to remove any inaccurate personal information which were opened without my knowledge, consent or authority within 4 business days with ( 1 ) appropriate proof of the identity of the consumer ; ( 2 ) a copy of an identity theft report ; ( 3 ) the identification of such information by the consumer ; and ( 4 ) a statement by the consumer that the information is not information relating to any transaction by the consumer. If the Credit Bureaus do not comply with the requests, it leaves me no choice but to pursue legal action. I need the following INFORMATION deleted as soon as possible : XXXX XXXX XXXX XXXX XXXX XXXX XXXX XXXX XXXX XXXX XXXX XXXX XXXX XXXX XXXX XXXX XXXX XXXX XXXX XXXX XXXX XXXX XXXX",Credit reporting
10072,"I purchased an item in 2014. Five months after the MFG warranty expired, the item broke. After reading Discover Cards Extended Product Warranty information posted online, I opened an Extended Product Warranty Claim. I spent some considerable time gathering information to complete the "" checklist '' requested by the warranty company, and was quickly denied. 
The denial was regarding my combined use of my Discover Card and a Gift Card. The Claim Benefit Services used a reason that contradicted the terms Discover Card has posted online. Upon further investigation, the warranty company stated that the product was covered under an old warranty policy which denied such a claim. The new policy would only cover the amount which was put on my Discover card. This seems a bit convoluted and I feel the ball has been dropped somewhere b/w Discover and their warranty company with me in the middle unable to use a benefit they are claiming I can use.",Credit card
10073,"I have been making payments early and with additional principal payments for most of the life of the loan. I noticed that the interest was at a higher rate than my hand calculation for the amortization. New Rez charges the original amortization interest amount regardless of when the payment is made, like the old credit card companies did. So if my balance as of XXXX XXXX is XXXX, and I make a XXXX XXXX XXXX  payment of XXXX on XX/XX/XXXX, XX/XX/XXXX and XX/XX/XXXX each day they are charging a full month 's interest on each payment rather than applying the additional monies to principal. Basically, they are charging months of interest of funds they have already received.",Mortgage
10074,I have XXXX in my XXXX account and they are telling me I have unpaid transactions which is n't true cause my bank paid them and my receiver which is my brother did n't receive the funds so XXXX is telling me they are holding my funds for loss on my account,Money transfer or service
10075,"In accordance with the Fair Credit Reporting act. The List of accounts below has violated my federally protected consumer rights to privacy and confidentiality under 15 USC 1681.

There are several account that has several discrepancies with reporting on my credit report i will be attaching all supporting documents for such accounts and highlighting their unverifiable information has violated my rights.

And according to the fair credit reporting act Whenever a consumer reporting agency prepares a consumer report it shall follow reasonable procedures to assure maximum possible accuracy of the information concerning the individual about whom the report relates according to 15 USC 1681 ( e ) ( b ).

And according to 15 USC 1681 5 they are suppose to do this ( 5 ) Treatment of inaccurate or unverifiable information ( A ) In generallf, after any reinvestigation under paragraph ( 1 ) of any information disputed by a consumer, an item of the information is found to be inaccurate or incomplete or can not be verified, the consumer reporting agency shall ( i ) promptly delete that item of information from the file of the consumer, or modify that item of information, as appropriate, based on the results of the reinvestigation; and ( ii ) promptly notify the furnisher of that information that the information has been modified or deleted from the file of the consumer.

and according to 15 USC 1681s-2 they are suppose to not furnish any information relating to a consumer to any consumer reporting agency if the person knows or has reasonable cause to believe that the information is inaccurate.

15 U.S.C. 1681B ( A ) ( 1 ) A person shall not furnish any information relating to a consumer to any consumer reporting agency if the person knows or has reasonable cause to believe that the information is inaccurate",Credit reporting
10076,"On XX/XX/XXXX Me and my wife went to Chase Bank to deposit {$20000.00} however we were told there was only {$18000.00}. We then complained to the manager for which he was supposed to call back to fix the problem which he Never did. And on XX/XX/XXXX the same incident occured again, me and my wife went to the same Chase bank to Deposit {$5000.00} but we were told only {$4500.00} was counted. I was very frustrated and angry.",Money transfer or service
10077,"The father of my son is using our sons social as his own. Social security office had my sons incorrect information. My sons name is XXXX XXXX XXXX XXXX My sons fathers name is XXXX XXXX XXXX. The social security office had my sons name in its system reading XXXX XXXX XXXX, just like his father, without the XXXX, XXXX. So therefore my sons father has been using his identity to open bank accounts and is doing business under our sons social to avoid paying child support owed. He hasnt file taxes in 3 yrs as well.",Bank account or service
10078,"Im writing to express my concern with ZELLE handling of disputes, particularly in light of the recent cfpb lawsuit highlighting significant issues with the platform. Despite using Zelle numerous times and reporting discrepancies, my financial institution and Zelle failed to investigate my claims adequately. They informed me that recovering lost funds was impossible and that recovering lost funds was impossible and that tracking these transactions was unfeasible. The CFPBs findings indicate that Zelle has also allowed repeat offenders to exploit the system, leaving users vulnerable to scams. This lack of accountability and transparency is unacceptable and raises serious concerns about consumer safety.",Money transfer or service
10079,"I am filing a complaint against Cash App ( Block , Inc. ) due to inadequate customer service and unfair practices, which violate the Customer Financial Protection Act ( CFPA ). Specially, Cash App failed to take timely and effective measures to prevent and address fraud on their platform, leaving my account vulnerable and unprotected. Furthermore, their dispute resolution process was unfair and deceptive, as they did not comply with error resolution requirements under the Electronic Fund Transfer Act ( EFTA ) and Regulation E. These actions have caused significant inconvenience and financial loss, and I seek appropriate redress for these violations.",Money transfer or service
10080,"I am filing a complaint against CASH APP ( Block, Inc. ) due to inadequate customer service and unfair practices, which violates the Consumer Financial Protection Act ( CFPA ). Specifically, Cash App failed to take timely and effective measures to prevent and address fraud on their platform, leaving my account vulnerable and unprotected. Furthermore, their dispute resolution process was unfair and deceptive, as they did not comply with error resolution requirements under the Electronic Fund Transfer Act ( EFTA ) and Regulations E. These Actions have cause significant inconvenience and financial loss, and i seek appropriate readdress appropriate redress for these violations.",Money transfer or service
10081,"Hello, I have attempted to reach out to the collection agency to provide me with services that I had ( medical ), I request ( disputed ) 3 times in total directly to the bureau for Please be advised I have requested validation { not verification }, both the creditor and bureau ( XXXX ) have provided me with anything, the creditor has not responded to my concern. 
PHOENIX FINANCIAL SERV did NOT provide me a HIPAA release that releases my medical information to them, therefore by providing such information they are in VIOLATION of my HIPAA rights. I am proceeding with legal action as prescribed by law against the above-named original creditor/collection agency should this item not be deleted within the required time allowed by law. I will seek every legal remedy available to me and file suit against the credit bureau responsible for reporting this violation. 

Account # XXXX AND Account # XXXX",Debt collection
10082,I called rpm services willing to pay a debt. Its debt I have no recollection of. I told them Im more than willing to pay the full amount as long as its removed from credit. Im in the middle of purchasing a home. They refused to have it removed. They claimed to have called me over 25 times. I never received any phone calls from them. I had to find out about this collection thru a credit check. I had been trying to get a hold of them about the issue for a whole week. Phone number is XXXX ( XXXX XXXX XXXX,Debt collection
10083,"When I reinvestigated my credit report, I realized that some of the information was erroneous. The 3 credit Bureaus are required to authenticate these accounts under Sections 609 ( a ) ( 1 ) ( A ) and 611 ( a ) ( 1 ). ( A ). It is not acceptable to treat this reporting account as unconfirmed information without producing proof within the legal time range. Sections 609 ( a ) ( 1 ) ( A ) and 611 ( a ) ( 1 ). ( A ), please investigate the unverifiable account below : XXXX XXXX XXXX XXXXXXXX Balance : {$16000.00} XXXXXXXX XXXX XXXXXXXX XXXX Balance : {$0.00}",Credit reporting
10084,I recently noticed that I could not access my account saving account. When I called Chase Bank they notified me that my account had been closed. I had only deposited a few checks and had no withdrawals on the account. It was closed within 15 days of opening.,Bank account or service
10085,"XXXX I visited the dentist. Initial consultation and XXXX XXXX taken. No other services performed. The XXXX provided me an estimated cost of services to be performed. XXXX XXXX office applied for financing for XXXX services on my behalf requesting the full amount of the estimated services to be performed {$11000.00}. XXXX Credit card company approves and disburses financing to the XXXX for the full amount of estimated services to be performed {$11000.00}. I informed the XXXX that I could not afford this expensive treatment and I would not be obtaining the services and/or keeping my appointment on XXXX. XXXX Is the day I had the appointment to begin my XXXX services but I never showed up for the appointment. XXXX XXXX office charges/bills my account for the full amount of the estimated treatment of {$11000.00} even though I did not show up for the appointment and I did not have any services performed. Note : No XXXX treatment was performed beyond XXXX XXXX on the initial visit. No impressions, lab work or dental procedures were completed. Financing was processed for services not rendered. I have made multiple attempts to correct this issue with the credit card company and the dentist with no success. Now the credit card company is assessing interest, penalties and has sent this debt to collections.",Credit card
10086,"I have been using the PayPal USD ( XXXX  ) token on the XXXX blockchain extensively for my everyday business and personal transactions due to its low fees and fast settlement. My XXXX  with balance XXXX XXXX  is held in the following XXXX address : XXXX ( see : XXXX XXXX XXXX ). 
Recently, I discovered that my XXXX token account was suddenly frozen. I did not receive any prior warning or explanation. The funds in my account were transferred from clients for legitimate business activities. I do not have a traditional PayPal account linked to this wallet, and I am unable to find any direct contact channel with PayPal nor with the issuing entity XXXX to resolve this issue. The freeze has completely locked me out of my funds and disrupted my ability to do business and cover personal expenses. 
I am filing this complaint because I urgently need help to understand why my account was frozen and what steps I can take to restore access to my legitimate funds. The lack of support and communication from PayPal regarding blockchain XXXX accounts has caused severe hardship and financial distress.",Money transfer or service
10087,"I have tried several times to get the 3 credit bureau 's to get a bankruptcy off of my credit report, to no avail. I 've also tried to get XXXX XXXX updated on all three reports because it 's being reported incorrectly. XXXX is being reported twice as a primary and as a co-signer. I am the only signer on that loan and it was included in the bankruptcy.",Credit reporting
10088,"I asked for a refund XX/XX/22 was quoted XXXX weeks for the refund. Refund has not been received, I have called multiple times and have not received confirmation, response or reasonable timeframe on when I will receive my refund.",Consumer loan
10089,XX/XX/year> I lended solo funds {$560.00} that they agreed their lender would return in 14 days with {$70.00} interest. My money was never returned and I did see any history about the transaction on the site. After reaching out twice to the company they aside an internal error on their end happened resulting in lenders not receiving money but they fixed manually in XXXX I was just over looked. They didnt not give me a time table on my return or provide my with the original contract agreement that gave them access to the {$560.00} from my account,Money transfer or service
10090,"I opened my store under XXXX and had PayPal as a form of payment on Friday. After completing 5 sales, they decided to permanently restrict my account without any notice or how it violates their user agreement. 

I called customer service twice. The first person I spoke to said he could help lift the restriction if I sent my photo ID to the company which I did. Afterward, I received a message from PayPal saying the permanent restriction is final. 

I decided to give another call to customer support and when I explained to her I had 5 sales for selling stickers and keychains, she told me nothing can be done about the restriction and I can no longer use their platform. I can't even make a new account or transfers the remaining funds to my bank account at all.",Money transfer or service
10091,"The List of accounts below has violated my federally protected consumer rights to privacy and confidentiality under XXXX XXXX XXXX XXXX XXXX XXXX XX/XX/XXXX {$1300.00}, XXXX XXXX XX/XX/XXXX {$1300.00}, XXXX XXXX XXXX XX/XX/XXXX {$0.00}, has violated my rights. 
According to the Fair Credit Reporting Act, whenever a consumer reporting agency prepares a consumer report, it shall follow reasonable procedures to assure maximum possible accuracy of the information concerning the individual about whom the report relates, according to 15 USC 1681 ( e ) ( b ).

According to 15 USC 1681 ( 5 ), they are supposed to treat inaccurate or unverifiable information by promptly deleting or modifying it.

According to 15 USC 1681s-2, they are not supposed to furnish any information that is known or believed to be inaccurate.",Credit reporting
10092,"Dear Sir/Madam : This is letter in reference to my denied credit card application with NFCU due to the status of my checking account. 
On XX/XX/2016, I applied for a credit card with NFCU via telephone. During the application process, I asked the female customer service representative which credit reporting agency does NFCU use and her response, "" XXXX ''. 

Recently, I checked my credit report as I often due when applying for credit, and I noticed NFCU never pulled my credit. I received a letter of denial, stating Extenuating Factors Exist Regarding Your NFCU Account ( S ). ( Primary ). 

On XX/XX/2016, I contact NFCU about the denial letter and asked XXXX, the customer service representative. "" How was I denied when my credit was never pulled? What was the purpose of the application process? '' The CSR response, "" I see you have a garnishment on your account '' and that 's the reason for the denial ''. My response, "" I should 've been told this before the process of the application because this is misleading the member. So, I waited over one week for a response when you 'll never pulled my credit and already knew that I was n't going to be approved ''.",Bank account or service
10093,"In XX/XX/XXXX, I entered into a solar loan agreement in the amount of approximately {$45000.00} through GoodLeap ( formerly Loanpal ) for a residential solar system installed by XXXX XXXX XXXX. During the sales process, I was led to believe that the solar system would significantly reduce my electric bill, with representations that it could be reduced by approximately 90 %. This expectation was a primary factor in my decision to proceed with the loan. After installation, my electric bills did not decrease anywhere near the level represented. I have continued to pay both a monthly solar loan and ongoing electric bills. On XX/XX/XXXX, XXXX XXXX XXXX filed for XXXX XXXX bankruptcy and is no longer available to provide service or support for the system. In XX/XX/XXXX, my XXXX monitoring system indicated that the solar system stopped communicating and is currently producing no energy. As a result, I am making payments on a system that is not operational. I have attempted to resolve this issue directly with GoodLeap by phone and through written communication, including a formal request for hardship assistance and escalation review. As of this complaint, I have not received a resolution. Given these circumstances, I am requesting : Temporary suspension of loan payments while the issue is investigated Assistance in coordinating repair or restoration of the system A hardship review of the loan Consideration of mediation, loan adjustment, or settlement This situation has created financial hardship, and I am seeking a fair resolution, including consideration of a hardship-based settlement",Consumer loan
10094,"This complaint is regarding my case # XXXX with Navy Federal Credit Union. On XX/XX/2019, I noticed an debit in the amount of {$840.00} from my checking account. I immediately contacted NFCU, and I was advised that this was a debit from XXXX. I then advised the representative that I had not authorized XXXX to debit any funds from my account. At that time I was given a provisional credit for the same amount. On XX/XX/2019, I noticed that NFCU had once again debited that same amount of {$840.00}, that as given to me as a provisional credit from my account. I have not authorized any transactions to XXXX in the amount of {$840.00} and I am in possession of my debit card that is linked to my checking account. I am requesting that the total amount of {$840.00} be returned back to my account. I am a single parent and to have unauthorized transactions debited from my account is fraudulent. I have paid my cellular phone bills to XXXX with my NFCU checking account when I was a customer of theirs, however, I am a customer with XXXX XXXX XXXX now and has been for 6 months. XXXX has obviously and without my consent used my previous payment information to withdraw the {$840.00} from my account. That is not fair and it's criminal. I did not even know that a company is allowed to keep your payment information on their files and use it at their convenience. If XXXX has a problem with me owing them money, then there are collection procedures and even court that can be utilized, but they should not be able to take money from my account without my authorization or knowledge. Please help me get this issue resolved because NFCU has not resolved this issue fairly.",Bank account or service
10095,"Consumer Name : XXXX XXXX XXXX Social Security Number : ( Private SSN ) Consumer Date of Birth : ( Private DOB ) This CFPB complaint has been filed to request, pursuant to FCRA 605B ( 15 U.S.C. 1681c-2 ), that you, the Transunion to block information appearing on my consumer credit report that is the result of identity theft and fraud within 4 business days of receiving this complaint.

The fraudulent, inaccurate, and false information includes the following : A wireless account opened at XXXX XXXX on XXXX XXXX 2023 under the account number ( private ).

A utility account opened at XXXX XXXX opened on XXXX XXXX2023 under the account number ( private ). 

These accounts have resulted in several fraudulent hard inquiries and collections on my consumer FICO credit report. I have attached a list of the hard inquiries and a copy of the consumer FICO credit report maintained by you, which shows these fraudulent items. 
I do not recognize these accounts, collections, or hard inquiries as reported. 

The accounts, collections, and inquiries appearing on my credit report were not opened, made, or authorized by me. All of these items are the result of identity theft and fraud. 
I have also attached a copy of the FTC Identity Theft Criminal Complaint # ( private case number ) as proof from the U.S. Federal Trade Commission that these items are the result of identity theft and fraud.",Debt collection
10096,"National Credit Adjuster added a collection to my report in the amount of XXXX, which I couldve easily paid, that I have no knowledge of without a notice or consent. This is a malicious act by this company as I have been in process of purchasing property. This company does not operate in a professional manner when collecting debt or even giving proper notice to the individual. This debt was never verified and a form of identity theft due to losing my social and Id card, Ive never held an account with this company for collection. I called and spoke to a representative who could not verify the debt or give me an answer as to where it came from claiming they sent a notice that I never received. I have contacted a local fcra lawyer and will look to take legal action as this company has violated my rights under the fcra.",Debt collection
10097,"CCS COLLECTIONS XXXX XXXX XXXX XXXX, MA XXXX TO WHOM IT MAY CONCERN IN REFERENCE TO THIS ACCOUNT LISTED BELOW : 1. This account is reporting false information number of terms do not match the balance is incorrect and I never signed anything with credit collection services saying I would pay them CREDIT COLLECTION SERV Account Number : XXXX I demand this account be deleted from my credit report because its reporting inaccurate I WILL PAY ANY FINANCIAL OBLIGATION WHICH I MIGHT LAWFULLY OWE, ON THE CONDITION THAT THEY PROVIDE ME WITH : 1. I NEED THE FOLLOWING VALIDATION OF THE DEBT - THAT IS THE ACTUAL ACCOUNTING 2. VERIFICATION OF THEIR CLAIM AGAINST ME ; THIS IS A SIGNED INVOICE.

3. A COPY OF THE CONTRACT BINDING BOTH PARTIES ( ME AND THEM ), IN A LETTER BY CERTIFIED MAIL SO THAT THERE IS AN INDEPENDENT "" WITNESS TO IT HAVEING BEEN DELIVERED.

PLEASE SEND ME THE TRACKING NUMBER AS WELL.

FUTHERMORE I WILL ALSO NEED : 1. FULL DISCLOSURE I WAS NOT TOLD THAT YOU WERE ACTUALLY CREATING THE CREDIT WITH MY WET INK SIGNATURE 2. EQUAL CONSIDERATION THEY BROUGHT NOTHING OF VALUE TO THE TABLE AND HAS NOTHING TO LOSE 3. LAWFUL TERMS AND CONDITIONS BECAUSE YOURS WERE BASED ON FRAUD 4. THE WET INK SIGNATURES OF BOTH PARTIES I AM WRITING TO INFORM YOU THAT IM NOT IN DISPUTE WITH ANYTHING BUT I DEMAND THE FOLLOWING LISTED ABOVE BE PROVIDED IN ORDER FOR ME TO BE ABLE TO MAKE PAYMENT.

PLEASE RESPOND BACK WITHIN 15 DAYS OF THIS CERTIFIED LETTER.

IF YOU DO NOT RESPOND I WILL CONSIDER THE DEBT TO BE FULLY DISCHARGED AND I WILL NEED IT IN WRITING SINCE YOU DID NOT RESPOND BY THE STATED ABOVE TERMS TO PROVIDE THE NECCESSARY EVIDENCE OF A LAWFUL DEBT WITHIN THE REASONABLE PERIOD OF TIME PROVIDE, I WILL CONSIDER THE DEBT IS FULLY DISCHARDED.

WITHOUT PREJUDICE UCC1-308",Credit reporting
10098,"I took out a loan for XXXX school that I believe was XXXX. It is now $ XXXX since it took be a bit to find a job, then my first job paid me $ XXXX a year. I am on a PAYE plan, for lowest possible payment, as I am married with a child. My loan increases because of my absurd interest rate ( 6.55 to 7.5 ). By the time I am forgiven for my loan based upon my plan ( 25 years ) I will have paid more than I took out. Then, I will get taxed as income the forgiveness, essentially resulting in me paying off my loans for the rest of my life. Interest rates go down everywhere but for student loans. 

I can not file married jointly for taxes because otherwise the PAYE plan will double my payment. Therefore, I file married/separate and as a result, I can't take advantage of a childcare credit. I also get no deductions for interest payments because of a ridiculous law. 

This must stop. It is ruining my life.",Consumer loan
10099,"I am filing a complaint against Cash App regarding an unresolved transaction dispute. On or around XX/XX/year>, I sent a payment of {$100.00} through Cash App. After the transaction, an issue occurred, and I did not receive the expected outcome for this payment. I reported the issue to Cash App and have now submitted multiple disputes ( at least four times ). Each time, my case has been closed with the same automated response stating that a response was provided or that they had not heard from me, which is not accurate. I have consistently followed up and responded, but Cash App has failed to properly investigate or resolve my issue. I have not received my money back, and no clear explanation has been provided regarding their decision. I requested information about the status of my dispute, details of any investigation conducted, and the reason for repeatedly closing my case, but Cash App did not provide any meaningful response. This situation has caused unnecessary stress and financial loss. I am requesting a full investigation into this matter and the return of my funds. I am also requesting that Cash App be held accountable for repeatedly closing my case without resolution.",Money transfer or service
10100,"Hi, Applied to NEWREZ for a XXXX loan through my broker XXXX XXXX XXXX 

Paid for the appraisal on XX/XX/XXXX. Missed my closing date XX/XX/year>. Appraisal report has been submitted to NEWREZ and they are not releasing it. 

I want to change my lender, extend the closing date and transfer the appraisal report. 
No response from NEWREZ.",Mortgage
10101,On Thursday XX/XX/year> I made a cash deposit into one of their branches ATM of XXXX dollars cash and the ATM screen stated they can not process the transaction and could not return my money! When I called customer service they said it takes 10 business days for the dispute and would not put the money in my account until it was investigated! That is unsat and has never happened to me at any other institution and thats my rent and bill money. This is totally unsatisfactory. Do not use PNC Bank. They will take your money.,Bank account or service
10102,Flagstar Bank just bought my mortgage from my prior mortgage lender and I set up auto payments through my bank as I had done with prior lender. My mortgage payment was taken from my checking account on the XXXX and now Flagstar Bank are saying they never received payment 2 weeks after the payment was made and funds were taken from my checking account with XXXX XXXX XXXX. Flagstar turned me over to their collections department and are calling me for payment! My bank has assured me that the money was sent to them and they should have it. I have now set up an inquiry into the lost funds with XXXX XXXX. Flagstar stated that I should have set up payments BEFORE the first of the month to allow time for payment to be received but my bank states these types of payments are done electronically and should be received same or next day. I seem to have XXXX recourse in continuing to do business with Flagstar bank.,Mortgage
10103,"I have asked NAVIENT via the required forms to release my father as a cosigner. NAVIENT insists that they never receive my US Postal mail, even though I have certified it and have proof that they have indeed received it. This game has gone for over a year.",Consumer loan
10104,I have received a letter about late payment of {$410.00}. When I tired making it. There was issues the loan company was not trying to work a solution with me to be able to keep the car I had purchased with {$7000.00} down payment. Now the primera financial corp is asking for {$1300.00} so it turned over to the collection department but its already in affecting my credit score,Consumer loan
10105,"It has been drawn out into the open that you are not hindering records when I sent a copy of the FTC report. Since it is a necessity by regulation 605b of the FCRA I'm sending this Complaint to assist with laying out a lawful response. In the event that you decide to not obstruct the accompanying things recorded beneath which are answering erroneously because of fraud, I will hand my archives over to my lawyer to begin a legitimate activity. It's my goal to not seek after any legitimate activity so if it's not too much trouble, comply with the law. 
XXXX XXXX XXXX XXXX Balance : {$3300.00} XXXX XXXX XXXX XXXX XXXX Balance : {$12000.00} XXXX XXXX XXXXXXXX Balance : {$11000.00} XXXX XXXX  XXXX Balance : {$6000.00}",Credit reporting
10106,"We purchased a home and opened an Ikea Projekt card through Comenity Bank to help us finance our home projects. The terms of the card state that purchases over {$500.00} qualify for a 6-month 0 % APR, purchases over {$1000.00} qualify for 12 months at 0 %, and purchases over {$2500.00} qualify for 24 months at 0 % APR. Due to the logistics of our needs, we made 4 purchases, 2 over {$2500.00} that qualified for the 24 months and 2 over {$500.00} that qualified for the 6 months 0 % APR. We are now 2 months into our repayment, and our payments, including the amount over the minimum, are being applied to the largest balances first. We have been told we are not able to designate which balance our payments are applied to, even the excess of the minimum payment, unless we make a payment that pays one of the promotional balances in its entirety. Essentially, to avoid paying interest we have to make lump sum payments in the amounts of the two smaller 6 month amounts, which is a stark contrast to the advertised intention of dividing the cost of a project over a 6 month period. Rather than applying payments to the lowest or nearest term balance, in a way that is beneficial to the consumer, Comenity is insisting their system is only able to apply payments to the highest balances first, essentially guaranteeing that we will accrue interest and not benefit from the financing as advertised. I spent an hour on the phone today, escalated the call three times, finally got a complaint filed with XXXX by XXXX, but she clearly stated that I should not anticipate a follow up from Comenity, as that is not their policy. I would like my payments, especially those above the minimum payment, applied in an equitable manner that is to my benefit as a consumer.",Credit card
10107,"On XX/XX/year>, I used Solo funds app to fund two loans in the total amount of {$120.00} dollars. The funds were taken out of my bank account that day. Two weeks later, the loans were suppose to be repaid, however when I checked the status, the funds were not repaid. I contacted customer service and was told the funds were stuck in funding method and the issue was escalated. Two weeks after contacting customer service, {$120.00} were deposited into my solo wallet, however, I m not able to access the funds, I m unable to transfer my money back into my account. Since XX/XX/year>, I have been contacting customer service to assist me with getting my money back and was told that it is a glitch in Solo Funds app and that my issue was escalated, however, no resolution has been provided as of yet. It is XX/XX/year> and there is still no resolution of getting my money from Solo Funds app into my bank account. I made a complaint with XXXX and Solo Funds owner did not respond to XXXX in the alloted time. 

I m just one of thousands of customers who are not able to withdraw their money from the Solo App. 

No resolution was provided by Solo XXXX, their bank is simply holding our money without our authorization. The owners and the bank of Solo Funds app need to be held responsible for these actions.

I would like to be able to take out my {$120.00} dollars from Solo XXXX.",Bank account or service
10108,"Check for {$89.00} was deposited on XX/XX/XXXX, check for {$290.00} was deposited XX/XX/XXXX. Check issuer submitted check fraud/scam complaint on XX/XX/XXXX, Bank of America did not reach out through email or physical mail or Bank of America app inbox, to collect evidence about complaint. Bank of America withdrew funds from my account on XX/XX/XXXX which was the only reason I knew there was a complaint. When calling Bank of America they provided me with cost information saying I could still submit evidence, this was false. Check issuer is a XXXX XXXX customer which is why they took their side. Check was deposited and cleared for several weeks. This should not have happened without gathering evidence from both sides",Bank account or service
10109,"I am a victim of identity theft. Several years ago my office was broken into and my wallet was stolen, as was my passport. I filed a police report with the XXXX Police Department which I have attached to this dispute. I recently attempted to establish a XXXX account but was told my XXXX account was frozen. I did an online chat and was told that because I had violated their terms of service I was banned from the XXXX service. I have never used XXXX before so I could not have violated any terms of service. I suspect someone has used the XXXX service in my name and there may be a debt or issue lingering due to this identity theft. I told XXXX about this and told them I have filed a police report but they did not want to see the police report nor would they disclose to me if an account had been opened in my name.",Money transfer or service
10110,"XXXX XXXX XXXX XXXX XXXX XXXX XXXX XXXX XXXX XXXX XXXX XXXX XXXX XXXX XXXX XXXX XXXX XXXX XXXX XXXX XXXX XXXX XXXX XXXX XXXX XXXX I applied for the XXXX Rapid Rewards Premier Business Credit Card from Chase. This was for my business account. I filled out all requested information. They also ran my personal credit. The "" Fraud Operations Department '' then sent me a letter requesting a bunch of additional information including "" PHYSICAL STREET ADDRESS FOR AUTHORIZING OFFICER '', "" NAME OF YOUR COMPANY '', FEDERAL TAX IDENTIFICATION NUMBER '' AND "" PROOF OF CURRENT BUSINESS PHYSICAL ADDRESS ''. 

All of this information was provided in the application. I was on vacation when the letter arrived and I had to call them to clarify the request. The help line was clearly individuals that do not live in the United States. I stated that I had previously provided them all of the requested information. I gathered proof of all requested information and took it to a Chase Bank Branch where they said I could fax it. They provided me several fax numbers and each time I would call, they provided a new fax number. I faxed it again multiple times and they said my application had expired but they could re-open it. I then faxed again and they claimed they had not received anything from me. After everything, they said that I had to apply again online.",Credit card
10111,"Hi, I started out as a Coinbase user in 2021. I purchased some bitcoin on Coinbase, that was fine. The records are there. 

Later on in 2021, I used Coinbase XXXX because the transaction fees were cheaper. I purchased bitcoin and ethereum there. ALL of the transactions are missing. I have XXXX record of the cost basis of the transactions made on Coinbase XXXX. 

Over the last few years, Coinbase XXXX and Coinbase merged. I have spent hours on the phone with a customer service representative at Coinbase, and they can not find the cost basis. 

I've tried calling again and again but have been unable to reach anyone. 

Please resolve this issue for me.",Money transfer or service
10112,"I am trying to refinance my mortgage and was working on collecting information on my student loans. I was trying to gather information that included account numbers, monthly payment, and the remaining number of payments for each of my loans, but was unable to find all of the information on Navient 's website. I have XXXX outstanding loans and XXXX that is paid in full from XXXX different institutions. I tried gathering the information from the current Navient website, the old website, and my monthly statements, but was unable to get the individual account numbers or the payments remaining. Because I made an extra payment at some point in the past for many of my loans and have automatic debits set up, there was n't a quick view to get information on monthly payments for each of the loans. I wound up having to click on each individual loan, get the ( limited ) information I could, and then provide as much information as I could, which ended up being just the monthly payments. I was unable to find the individual account numbers for each of my loans ; Navient 's website numbers them XXXX-XXXX, but those are n't the account numbers used. I could n't find the months remaining on my loans anywhere, even though I spent more than half an hour clicking through various links. 

Luckily the credit union I 'm working with for the refinance was able to pull information for me once I 'd provided the basics, but Navient 's website is not consumer-friendly. The old website does a better job at putting most of the relevant information for individual loans into a readable format, but again, it requires way too much clicking to be convenient.",Consumer loan
10113,"Dear Sir or Madam : The servicer for our mortgage, Ocwen Loan Servicing, LLC raised our mortgage payment {$230.00} a month beginning XX/XX/XXXX. I called Ocwen at the beginning of the month and asked why. The representative said our property taxes went up ; however, our property taxes have not increased {$230.00} a month. 

We have owned our home in XXXX XXXX county since XX/XX/XXXX. We paid {$680000.00} for the home. Our annual taxes are {$9900.00} and Ocwen has increased our escrow fees from {$790.00} to {$1000.00}, which does not add up. Paying {$1000.00} a month for property taxes equals {$12000.00} for property taxes for the year. 

According to the escrow papers sent to us by Ocwen, we have a projected cushion of {$1500.00}, yet Ocwen wants us to pay {$2900.00} or {$230.00} a month this year to our escrow account. 

We need a clear explanation for these charges. When I call Ocwen, the representatives can not explain this increase so it makes sense.",Mortgage
10114,"The loan for my loans was recently transferred to Aidvantage for servicing. 
I open an account at Aidvantage - number XXXX. 
As I live in XXXX I searched their website for details on how to send payments internationally. I could not find any. 
I have an account at XXXX XXXX XXXX XXXX ( XXXX  ) so I sent ( by registered delivery ) to : Aidvantage FSALS, XXXX XXXX XXXX, XXXX, OR XXXX - six checks for each loan ( I have 2 ) that were individually dated for XXXX, XXXX, XXXX, XXXX, XXXX and XXXX. There was a cover letter that explicitly stated "" do not present the checks before the date on the checks ''. 
As soon as they received the cheques they presented them. The majority of the checks were honoured by XXXX so all my funds were wiped and I was left with a huge overdraft. 
I emailed Aidvantage but got a long winded response that basically said we don't answer via email so phone or come in or write. 
Tried to phone, but the number to internationally call was listed incorrectly as XXXX XXXX XXXX XXXX. In actual fact to call the USA the code is XXXX then XXXX then area code and number so correct number is XXXX. Having worked this out I tried calling go through to an automatic system which did not correctly recognise my SS number or account number. It was not possible to talk to a human being. 
Can you help please. They have wiped out my account and left me with an overdraft",Consumer loan
10115,"Instructed XXXX to clear adverse items off report due to errors and Identity fraud. Adverse items are continued to be reported by XXXX to financial institutions after opt out notice given. No written permission to share any personal info on file to any corporation unless required by law. I have information on my file that is unrecognizable. No full transparent disclosure of adverse reports given upon request. Potential tax violations due to unawareness to discreet security details within the companies agreements with consumers. Federal violation to compel the use of the social security number outside of a short list of lawful actions. Potential securities fraud violations due to the misuse of the personal info specifically social security living trust account currently under the XXXX of the appointed authorized representative. The company refuses to cooperate and denials for business loans of XXXX and higher are being rejected. Was never given full disclosure on the option to opt out of sharing personal info. Police reports were made to report Identity Theft on all three agencies, XXXX, Equifax and XXXX.",Credit reporting
10116,"I sent you a debt validation letter more than 30 days ago asking for the credit bureaus to provide me with proof that I own this debt, and your company has failed to respond. I then looked at my credit report and noticed that you are still reporting this inaccurate account on my credit report without validating it. The law is clear on this issue, you cant continue report a disputed debt if you failed to validate. Because of your actions, you have violated the FDCPA act which carries a fine of {$1000.00} for every incident, and FCRA for reporting inaccurate information on my credit. This violation also carries a fine of {$1000.00}. 

I disputed the accounts information as being inaccurate, and these agencies responded by stating they were able to verify this debt. But how is that possible? I have contacted the creditors myself, and they only sent portions of the information requested- this is against 15 U.S Code 1692b ( 5 ) for sending insufficient validation documents showing only symbols and stuff. Also Under 15 U.S Code Section 1681n Civil Liability for willful noncompliance and 15 U.S Code 1681o Civil liability for negligent noncompliance The Fair Credit Reporting act requires you to verify the validity of this within 30 days. If the validity can not be verified, you are obligated by law to remove it from my credit file. I urge you to remove these accounts",Credit reporting
10117,"I am putting transunion on final not to remove two XXXX accounts that are reporting illegally as Debt validation was never provided to me Identity theft notice was sent to at this point Transunion is aiding Fraudulent information regarding these XXXX accounts I have opted out of the sale of non public information, information reported transactions and experiences vis 15 us code 1681a ( i ) which is another Law transunion is breaking not to forget Im am a elder which the harassment of this illegal reporting is elderly abuse remove information as XXXX and XXXX has",Credit reporting
10118,"XXXX XXXX XXXX has filed unsubstantiated lawsuit on behalf of client Accelerated Inventory Management LLC ( AIM LLC ) as an attempt to collect an alleged debt. I have never received any debt validation request or any notification this information was legally acquired from their client. In fact, this exact alleged debt was previously disputed directly with another debt collection company and subsequently removed from consumer reporting agencies and my information from that company files ( screenshot attached of account prior to removal ). How, when and why AIM LLC has received any personal information of mine is unbeknownst to me and the legality of that acquisition is in question. This attempt to collect unvalidated, unsubstantiated debt by way of legal proceeding is a direct violation of 15 U.S. Code 1692g a & d.",Debt collection
10119,"Pre-Opening : The promotional materials did not explicitly state that balance transfers were restricted solely to creditors or loans and excluded direct deposits to checking accounts. Initial Confirmation : Immediately after opening the account, I called customer service to verify the transfer process. I was explicitly told that while the first transfer must be to a lender/creditor, all subsequent transfers could be made to my personal checking account. Post-Card Activation : After receiving my physical card, I attempted to follow these instructions. When the option remained unavailable, I contacted support again. I was then told that checking account transfers are "" not applicable to new account holders. '' I called the customer service multiple times and there was a supervisor named XXXX XXXX who i spoke to on XXXX XXXX XXXX around XXXX XXXXm who spoke very rudely to me and said there is no resolution to this and that we have not stated anywhere that direct deposits are excluded from balance transfer and that my offer just does not happen to offer that. I asked multiple times as to where was this stated and as to why i was misled they did not care to understand the issue. Multiple people have complained about the same issue and i need help in either closing my credit card without affecting my credit score or give me an exception of transfering balance as direct deposit because they have not mentioned it anywhere that its not available.",Credit card
10120,"In accordance with the Fair Credit Reporting act US DEPT OF ED/XXXX Account # XXXX, has violated my rights. 

15 U.S.C 1681 section 602 A. States I have the right to privacy.

15 U.S.C 1681 Section 604 A Section 2 : It also states a consumer reporting agency can not furnish an account without my written instructions",Credit reporting
10121,"I paid off my vehicle in XXXX and still have not received a title or lien release. I asked multiple times via phone call and email, each time of which they have said they sent it out. They 100 % have my correct address. I am at my wits end with this company.",Consumer loan
10122,"I have sent information to CFPB about a year ago and did not hear back. That is why I am submitting a NEW complaint. I had to handle the situation on my own! Back in XX/XX/XXXX, I had a servicer called Green Tree Mortgage who contacted me about the new terms and conditions of my loan. My loan was sold to Green Tree from XXXX XXXX XXXX. I was offered something completely unacceptable and went through a 2 year process back and forth in an attempt to get a loan modification. I sent complete packages and was repeatedly denied. Finally, in XX/XX/XXXX, I asked IF I could short sale the property and was told the ONLY way I could do this is to stop paying on my loan. I did NOT want to do this but was told they would release me. But this was a ploy to destroy my credit and foreclose on the property. Early this year, I met with representatives of Ditech, their attorney and the XXXX XXXX County Circuit Court in XXXX XXXX, Maryland. It was discovered during this meeting that Ditech improperly advised me on procedures for completing a short sale. The damage has been done and they also want me to adhere to a promissory note. I should be released from the promissory note. I no longer have the property, it was sold for the current appraised value so they have been paid and made whole! Therefore, I am putting in a complaint against Ditech Mortgage ( formerly Green Tree ). Can you assist me? I want restitution for the damage they have done to me! XXXX XXXX",Mortgage
10123,"I have a conventional home loan with SoFi mortgage for which I have elected to receive only electronic documentation. In the last month I have become unable to access any information about the mortgage from the SoFi website. This include the remaining balance, upcoming payments, status of tax payments and insurance. I have tried several times to speak with customer service via phone and email and this has been unsuccessful in resolving the issue.",Mortgage
10124,I sent financials and a request for mortgage modification to Ditech mortgage for them to process. Ditech had all the requested documents but they foreclosed on my home while they were processing my modification request.,Mortgage
10125,"I am writing to dispute and request an investigation into the accounts listed below that appear on my Equifax credit report. Due to recent data breaches and the potential compromise of my personal information, I believe these accounts may have been affected or reported inaccurately. 

Account Name : XX/XX/XXXXXXXX XXXX Account Number : XXXX Open Date : XX/XX/year> Balance : {$0.00} Account Name : XXXX Account Number : XXXX Open Date : XX/XX/year> Balance : {$0.00}",Credit reporting
10126,"This company is breaking the law by failing to provide proper validation details as required under 12 CFR 1006.34 ( b ) ( 5 ). Despite this, they've added a collection to your credit report.

OR This agency is infringing on your consumer rights by using misleading, false, and deceptive tactics. 
I've already tried to resolve these issues directly with them, but they continue to violate my rights. For each violation listed, I am entitled to {$1000.00}. They must either compensate me or remove these accounts immediately. 

Under the FCRA, you are legally required to investigate these disputes within 30 days. Due to the damaging and incorrect nature of these accounts, I am demanding removal within XXXX hours. Failure to comply will result in : Formal complaints filed with the CFPB, FTC, and State Attorney General Legal action for willful noncompliance with federal credit laws Damages for emotional distress and denied opportunities",Debt collection
10127,"On XX/XX/scrub> XXXX XXXX XXXX XXXX XXXX, I received an email from NewRez indicating that my recurring automatic payment bank account information had been modified. Neither I nor my co-borrower authorized or recognized this change. 

Upon logging into my account, which is secured by multifactor authentication, I confirmed that the bank account information was updated to a routing and account number unknown to me. This raises significant concerns about both the security of my account and the possibility of my personal bank information being compromised or misapplied to someone else 's loan. 

I promptly contacted NewRez Customer Service. During my first call, I was informed that no payments had been made ( incorrect, as I made a payment on XX/XX/year>, which was successfully withdrawn from my correct account ). I was also told that Customer Service can not change bank account information and that the change must have been initiated by me, which is untrue. 

Unsatisfied, I called again and spoke to a representative who acknowledged my previous payment and confirmed that my bank account details were changed. However, they could not provide any information about how or why this occurred, who made the change, or any steps to prevent this from happening again. Additionally, while chatting with online support simultaneously, I received the same lack of clarity. 

I asked for basic information, such as the username responsible for the change, but was told they could not provide it. This is fundamental information that should be accessible in any secure system.

NewRezs lack of transparency and inability to address a critical security issue is unacceptable. I need assurance that my personal information, including my bank account details, has not been compromised. Additionally, I expect a clear explanation of how this unauthorized change occurred and the steps NewRez is taking to secure my account and prevent future issues.",Mortgage
10128,"Hello, I have a mortgage serviced with Ditech XXXX XXXX. In XXXX of 2018 I submitted my payment online as I do with all my previous payments. As per Ditech system it indicated that the payment was received. Several days later I noticed my account was not debited. I went back on the Ditech site and it showed that the payment was past due and a fee of {$76.00} was imposed albeit the payment was received on XX/XX/XXXX within "" the grace period ''. I called their call center multiple times and to no avail did I reach anyone that would assist me with this issue. Instead the representative indicated to send a letter requesting the fee be waived which I did. DiTech indicates "" they never received the letter ''. The only options to send the letter was via USPS or email. I sent the letter via USPS. They are very difficult to communicate with and this is extremely frustrating. All I want is for my account to be credited {$76.00} as this mistake occurred with DiTech servicing. 

I appreciate your help!",Mortgage
10129,"On XX/XX/year> I received an email that my "" Chime Credit Builder Secured Visa Credit Card '' application was almost complete and, around the same time, a text message that my Chime account was ready. 

I immediately called the Chime customer service number to request that the account be closed and marked fraudulently opened, since I didn't open the account myself. They complied and sent me confirmation that it had been closed and that I wouldn't be liable for any fraudulent charges incurred. So, no financial damages occurred since I was able to act quickly. 

However, what is especially concerning to me is that I have a credit freeze with all three credit bureaus ( as I know my information was stolen in the XXXX breach and I've had issues like this in the past before freezing my credit ). I learned that Chime doesn't do a credit check/pull before approving this type of credit card, so the freeze is useless in this case. Ironically, when I received the confirmation of account closure, it had several tips for avoiding fraud such as instating a fraud alert or a credit freeze. 

If they wish to not hold someone's poor credit against them ( as seems to be the case with this kind of card ), they should still do a credit pull to ensure verification and security/enable people to see an alert if someone is trying to fraudulently use their info to open an account!",Credit card
10130,"My former mortgage lender, Chase Bank, is foreclosing on my home, even though they sold the mortgage to another bank ( XXXX XXXX XXXX ) two years ago. I receive statements from XXXX and Chase Bank has no longer any legal interest in the property.",Mortgage
10131,"I am filing this complaint against Comerica Bank regarding the XXXX XXXX program. I am the official, legally appointed XXXX Representative XXXX for my XXXX grandchildren.The Social Security Administration ( SSA ) and the U.S. Department of the Treasury issued three ( 3 ) consecutive months of XXXX benefit payments for both children, routing them directly to XXXX XXXX.According to the SSA, these transactions are marked as completed and sent. However, XXXX XXXX customer service states that the children were "" denied '' to the account and claims they can not locate the funds in their system. Representatives state they can only look up accounts by Social Security Number ( SSN ) and refuse to manually track the deposits using any other identifiers.I have official, physical documentation directly from the SSA and the U.S. Treasury Department. This paperwork details the exact routing numbers, account numbers, and transaction information used to send these federal funds to XXXX XXXX. XXXX XXXX personnel refuse to utilize these official Treasury tracking codes to locate the missing funds.Because of this systemic failure and the withholding of these federal funds, my daughter and my XXXX grandchildren have faced extreme financial deprivation, resulting in the loss of their home. They are currently homeless and living in a camper in XXXX XXXX, XXXX XXXXStandard non-receipt claims filed through the SSA have failed three times because the automated system is looping back due to XXXX XXXX 's refusal to process or locate these funds manually.I demand that Comerica Banks executive escalation and back-office tracking teams immediately use the routing and account number information provided in my attached Treasury documentation to locate these funds. They must either credit them to a functional account or immediately return the unpaid credits to the U.S. Treasury so the local SSA field office can manually re-issue these emergency funds to our family.",Bank account or service
10132,I had made a purchase for {$280.00} on XX/XX/2021. I never received my items. 2-3 months later I sent Chime proof of my tracking number and proof that my tracking order still had not shipped. They told me that I did not have a sufficient evidence to solve my dispute. So then I reached out to the seller she sent me a screenshot of her proof that my money was refunded to my bank account but yet to this day I still have not received my money back. I then sent that screenshot to Chime and they told me that was still not sufficient evidence to solve my dispute. I have ordered from this merchant before so I do know that she is telling the truth and I would just like my money back.,Credit card
10133,"In XX/XX/year> I purchased a {$5000.00} mentorship program from XXXX XXXX. I paid {$3500.00} upfront on XX/XX/year>, followed by XXXX {$500.00} debit-card installments to complete the {$5000.00} total. The later XXXX {$500.00} payments ( {$1500.00} total ) have already been refunded, but the original {$3500.00} upfront payment remains unresolved. 

The program was sold with a clear guarantee that I would be provided a creator ( a client ) personally signed by the mentor within a few weeks. This guarantee was the primary reason I enrolled. 

Despite giving the merchant over XXXX months and following up repeatedly ( XX/XX/year>, XX/XX/year>, and XX/XX/year> ), no guaranteed client was ever provided. Instead, I was told in writing that the guarantee was honored through XXXX platform, meaning I should find my own client using his outreach system. This is not the deliverable that was advertised. 

I filed a dispute with Bank of America, providing detailed documentation of the promise and the merchants written admissions that they changed the deliverable after I enrolled. Bank of America denied the dispute as outside the dispute timeframe, even though the failure to deliver occurred well after the purchase date. 

I request that this case be reviewed as failure to deliver services as sold and misrepresentation, and that the {$3500.00} upfront payment from XX/XX/year> be refunded, so the total {$5000.00} purchase is fully resolved.",Bank account or service
10134,"Mortgage through LOANCARE We were in forbearance due to COVID, and approved for a modification as per the paperwork that was sent to us dated XX/XX/XXXX. Our new payment was to begin on XX/XX/XXXX with a modified loan amount which included the missed payments and new lower interest rate. Mailed back 2 signed and notarized copies as requested, and they were received by LOANCARE on XX/XX/XXXX. On XX/XX/XXXX there was an update in our online account that showed they documents were received. On XX/XX/XXXX there was an update to our account that stated our Mod changes were completed. THEY WERE NOT. Spoke with LOANCARE on XX/XX/XXXX to state that our account has not yet been updated even though it says our modification paperwork has been received and updated. XXXX stated to give it more time and to make my payment for XX/XX/XXXX as agreed {$1600.00}. Emails that have gone unanswered were sent XXXX, XXXX, XXXX and XX/XX/XXXX. Spoke with LOANCARE, XXXX, on XX/XX/XXXX and again was advised to give it more time, that the paperwork was in recording. Now all the information that was in our online account regarding the received documents has been removed, I do have screenshots. Meanwhile, automated calls are received daily from LOANCARE asking for us to call them back, we are being reported to credit bureaus as being late and I am no longer able to make online payments. Its almost impossible to get anyone on the phone. We are getting pre-forclosure letters from FHA and LOANCARE.",Mortgage
10135,"Hello. I became a victim to a multilayer scam operation orchestrated by XXXX XXXX with the design, development, manufacturing, promoting, marketing, distributing, labeling, and or sale of illegal and outright fraudulent investment services, all of which aim at contributing to the goal of robbing and defrauding clients through a predetermined cycle of the client losses to gain. Amines was transferred from my Chase Bank account around {$22000.00} USD utilizing your service about the month of XXXX 2022. I attempted to recover the funds on my on by seeking the service from XXXX XXXX XXXX in XX/XX/2022. Unfortunately I fell victim again by hiring and paying over {$9000.00} for recovery that was falsified through XXXX XXXX from a fake account. I have been scammed by what I thought was both legitimate businesses. I am a business lady trying to earn a honest living. This has really affected my mental and physical wellbeing. I feel that if my bank for over 30 plus years would have i intervened. I would not be in this situation. This is why Im requesting from Chase Bank the return of my investment funds. I seriously cant afford to lose such a large amount of money. 

Thank you, XXXX XXXX",Money transfer or service
10136,"We filed bankruptcy in XXXX and XXXX respectively. I filed first, then my husband. The mortgage was not a part of the bankruptcy. We filed bankruptcy due to an overwhelming amount of medical bills not because of erroneous debts. Once bankruptcy filed, Selene took more than 30 days to process a personal check for the mortgage. Prior to bankruptcy we would pay the mortgage over the phone. Once we filed, Selene no longer allowed this payment option. After writing and calling them with no response, we started sending mortgage payments by money orders. I saved every receipt, however my purse was stolen/misplaced and I can't find those. I started paying by certified bank check some months ago. We got a notice that the mortgage was behind, so I had XXXX XXXX XXXX trace the certified checks. Only one or two had been processed and the others, months old, were still hanging out there. XXXX  XXXX XXXX cancelled them and refunded my money and we started paying through automatic bank draft. Those payments are well documented. We are being XXXX XXXX XXXX my Selene to vacate the home so that they can foreclose.",Mortgage
10137,"In XX/XX/2020, I was scammed by a person online to wire money from my Chase checking account to a XXXX XXXX account in New York, the amount is {$25000.00}. The scammer begged to borrow money for business and promised to repay in a few days but never did. The scammer then disappeared. I reported to XXXX XXXX Police Department and XXXX in XX/XX/2020. 

After looking up the receiving bank account information, I saw that it's a transferring bank to XXXX. This raised an alarm of money laundering and bank fraud, scam. I contacted my bank Chase to ask them to track where my money ended up with. After knowing the bank account and company of the ultimate end, hopefully I could give more information to police for their investigation. However, Chase never directed me to the right department nor the right person to solve my questions. I contacted XXXX XXXX ( receiving bank ) for the same request, and still have the same helpless attitude and endless phone transfers to different departments but none of them could give any meaningful assistance. 

It has been more than a year since I was scammed but I have received limited assistance from my bank in helping track the scammed wire. They always give excuses that bank accounts for fraud and scam will be inactive right after the scam. As if it's helpless to go to know where my money ended with. 

I explained to Chase what happened and that I have police report case number and other reports to prove that my case is real and that I am a victim. I have legitimate right to get helps from Chase. However, Chase ( phone reps and bankers ) said they don't need the case number. They acted like this is none of their problems even though I am their customer!",Money transfer or service
10138,"Navient began servicing my student loans from XXXX a few years ago. Went through a divorce, and financially struggling. Applied for deferment, but was denied. I was told a forbearance would be the ideal plan for me. Navient proceeded to add a sum substantial sum of money to the loan and the interest went up to 20 %. Did not see any of this when hitting the submit button for approval. Since then been paying back a loan and getting know where on the principal of the loan. In two years the balance has not moved. Customer Service difficult to deal with, and feel misled. Now they want me to pay {$300.00} a month starting in XXXX, when I can barley afford the $ XXXX monthly payment now.",Consumer loan
10139,"Complaint filed by XXXX XXXX XXXX, XXXX, as authorized representative of XXXX XXXX under attached assignment/authorizationagreement. 


My complaint is regarding inaccurate late payment reporting by TOYOTA MOTOR CREDIT on my credit file for account number XXXX The creditor has furnished late payment information that does not accurately reflect my payment history and appears to be incorrect or unverified. I contacted the creditor directly and formally requested a reinvestigation under the Fair Credit Reporting Act ( FCRA ), as furnishers are required under 15 U.S.C. 1681s-2 to report only accurate and fully verifiable information.",Consumer loan
10140,"Somehow sent herself {$2000.00} via chase XXXX on XX/XX/2022. 
Reported it to chase and was told that it was me who sent it and they couldnt help me any further. 
After further investigation on my own, I found out this person is from Florida. Answered my call and claimed that she never received funds- got scared and hung up. 
After mentioning this to chase they continued to tell me they could not help me. ( I talked to XXXX different associates at chase ) The scammer : XXXX XXXX - XXXX XXXX",Money transfer or service
10141,"Experian verified a bankruptcy through a third party XXXX XXXX. Before, they would say "" A company '' verified the public record. I now have proof they never verified because my XXXX XXXX file had a security Freeze since last year. This report is dated XX/XX/XXXX my XXXX XXXX file was frozen XX/XX/XXXX. In addition, the Bankruptcy court said they do not communicate with Credit Reporting Agencies.",Credit reporting
10142,"On or about the dates of XX/XX/XXXX and XX/XX/XXXX, I have submitted a formal correspondence to your agency concerning a discrepancy found in my credit report. Specifically, I requested the removal of the incorrect entry associated with my accounts labeled below. In response, you asserted the verification of these accounts. Pursuant to the tax principles laid down by the Internal Revenue Service, a charge is deemed to constitute income. It has come to my attention that no Form 1099-C, or Cancellation of Debt, has been furnished by the aforementioned creditor, despite the apparent discharge or forgiveness of debt which should have been reported. Furthermore, it is imperative to acknowledge the legislative mandate set forth by Congress stipulating that personal income is not to be reflected in consumer credit reports. Specifically, under Title 15 of the United States Code, Section 1681a ( 2 ) ( a ) ( i ), it is proscribed that no consumer credit report shall include information related to transactions or experiences which would equate to the reporting of income. Remove these accounts Closed accounXXXX XXXX XXXX XXXX XXXXXXXX Closed account XXXXXXXX XXXX XXXX XXXX XXXX XXXXXXXX Closed account XXXX XXXX XXXXXXXX Closed account XXXXXXXX XXXX XXXX XXXX XXXX",Credit reporting
10143,"I was a victim of identity theft through my workplace "" XXXX '' account and since then have had numerous unauthorized charges on my accounts. In XX/XX/XXXX I failed to complete the affidavit Bank of America sent me. As soon as I learned that I didn't complete it I contacted them and ask to have another sent. On XX/XX/XXXX I had the teller put a freeze on the account and asked that the form be sent again, on XX/XX/XXXXBank of America reversed the temp credit of {$150.00}. Additionally they charge me {$140.00} in fees and have since left this account open that was to be closed and continue charging me {$25.00} per month. 

I have contacted the bank at least 20 times, been in the branch 5 times and  now they took {$340.00} from my good account to cover the fraudulent charges. 

They never call me back ; they tell me the last person I spoke with was wrong and here I sit owed {$160.00} plus {$340.00}. 

I now can't pay for my rental car, and am without transportation which is affecting my job. 

Please help",Bank account or service
10144,"On XXXX XXXX I called American Express to downgrade my credit card to a no annual fee Delta Credit Card. American Express agreed to issue the no fee card to replace my current card and to refund me the annual membership fee just charged to my account. My account balance was {$95.00}, which was the annual fee amount that was to be removed. Several weeks later I checked and the fee rebate had not been processed, so I called on XXXX XXXX. I was asured there was no problem, the refund would be made automatically, and they agreed that I did not have to pay my balance ( which was the refund amount ). On XXXX XXXX, I was charged a {$27.00} late fee. When I called and requested that the late fee be removed from my account and that the bank send me a letter stating the late fee charge was a bank error. They agreed to remove the late fee, but would not provide documentation that the fee was in error, since the balance = the refund due that Amex had yet to process. Two days later I again got an e-mail notifying me that I had not paid my balance. I called again and got the same run around. I was told it could take Amex 45 days to process my refund, and if I received additional late charges I could call and go through the story over and over again with the new customer service person.",Credit card
10145,"I am filing this complaint against U.S. Bank regarding my "" XXXX XXXX XXXX '' credit card. I applied for this card specifically for the advertised 12-month 0 % introductory APR. After receiving the card, I attempted multiple times to link my external business checking account via the U.S. Bank website to set up autopay. The website failed to complete the link, citing technical errors. This prevented me from making the first payment on time despite my good-faith effort to automate the process. When I contacted customer service on XX/XX/year>, the representative confirmed a late fee and interest were charged. More importantly, they stated that because the first payment was late, the 12-month 0 % APR promotion has been permanently revoked. I believe this is an unfair practice. The "" default '' was caused by a documented technical failure of the banks own online platform, which served as a barrier to payment. I am requesting that U.S. Bank : 1. Reinstate the 12-month 0 % introductory APR. 2. Reverse the late fee and interest charges. 3. Ensure no negative reporting is made to business or personal credit bureaus regarding this technical error.",Credit card
10146,"The credit bureaus keep disrespecting the laws. I showed them multiple times of how they are violating the Fair Credit Reporting Act.

The List of accounts below has violated my federally protected consumer rights to privacy and confidentiality under 15 USC 1681.

Account Name : XXXX XXXX XXXX XXXX Account Number : XXXX Account Name : XXXX XXXX XXXX Account Number : XXXX  Account Name : XXXX XXXX XXXX Account Number : XXXX Account Name : XXXX XXXX XXXX Account Number : XXXX  Account Name : XXXX XXXX XXXX Account Number : XXXX According to 15 USC 1681i ( 5 ) the credit bureaus have to modify or delete accounts that are not reporting accurately According to 15 USC 1681b ( 1 ) the credit bureaus don't have no written premission According to 15 USC 1681 I have the right to privacy According to 15 USC 1681s-2 A person shall not furnish any information relating to a consumer to any consumer reporting agency if the person knows or has reasonable cause to believe that the information is inaccurate.

( B ) Reporting information after notice and confirmation of errors A person shall not furnish information relating to a consumer to any consumer reporting agency if ( i ) the person has been notified by the consumer, at the address specified by the person for such notices, that specific information is inaccurate; and ( ii ) the information is, in fact, inaccurate.

I can go on and on and on The credit bureaus have no respect for the laws.

Someone needs to hold them accountable for this.",Credit reporting
10147,"I received a XXXX XXXX  from Citi about a promotion they are running. The terms were roughly as following : - open an account by XX/XX/year>, and make 2 qualifying enhanced deposits and you will get a cash bonus. 

I signed up and was approved. I also received an email confirming as such from Citi. 

I called in today to confirm that I am enrolled in this offer, but to my dismay, the representative both via chat and over the phone told me that there is no promotion offer attached to this account. 

I asked them to fix this, but they refused to rectify the situation. Bait-and-switch, this is a deceptive practice ; in other words, a scam. I would like to report this.",Bank account or service
10148,"The following account is not supposed to be reported to my consumer report. 

Account Number : XXXX Account Name : XXXX XXXX Amount : {$8900.00} Alongside this complaint I have also provided an FTC report. 


I am requesting the immediate removal of this account",Credit reporting
10149,"In XXXX I used Discover to put a deposit on a vacation rental in the Florida keys for my family to stay in XXXX, the remainder was paid in cash. There were problems with the home from the start, dogs on property even though not pet friendly, construction work happening before 8am, but we tried to make the most of it. Second to last night termites were crawling in the beds and completely took over a bedroom, we contacted the host and was asked if we had to leave early or comfortable staying. No one offered to change sheets, come clean up the mess, nothing. We left early and was told a refund would be made to the card on file, it took over a week to get this response as the owner left the company without a manager in charge. From the day I left I was told the manager would call me later, but my response to the generic how was your stay email prompted the manager to not return my calls, but respond via email. I got discover involved with a dispute as the refund was not processed and I was already having trouble with the company I was unsure they would follow through with what they said. Discover now states my information, an email from the merchant stating a refund would be processed to the credit card on file and the final bill stating the money received was only from my discover card and cash was not enough information. Even though I was told two weeks ago that that is the information that was needed, and XXXX business days ago that the information provided was approved to initiate credit back to my account. It should be as simple as that, and now dealing with this over several months Discover has claimed my information is out of date, already closed, but I should follow up with the merchant that has been ignoring my calls since the day after my departure.",Credit card
10150,"I have been trying to be patient with my lender and get help but they continue to give me the run around. They either say the loan is under review or my file has just been sitting there without anyone reviewing what is going on. 

They keep advising that they are going to escalate the file but nothing is being done.",Mortgage
10151,A Representative of XXXX continues to call & harass me over a time-barred debt with Bank of America. I have been threatened with law suit filing and have continued to advise that this debt was disposed of 15+ years ago. I have asked the representative to cease and desist yet they continue to harass me with threatening phone calls.,Debt collection
10152,"I have 3 fraudulent wire transfers on my Bank of America checking account. First, on XX/XX/XXXX for {$25000.00}, second, on XX/XX/XXXX for {$4900.00}, & third on XX/XX/XXXX for {$2000.00}. I have never done any international wire transfers from my account and this was done to a bank account in XXXX to someone I have no knowledge of. My banking details were supposedly leaked as a result of a virus on my laptop, which I have since remedied. For someone who has never done any wire transfers, for these to go through, especially these big amounts, is not normal and shouldve been flagged. Bank of America said they texted me a secure pass code which I never received. I received a call asking for my call history and the virus report which they told me Id have time to get ; they denied my claim the same day saying it was my negligence. I am a victim of fraud. I even filed a report to the XXXX  and XXXX XXXX. Bank of America also wont send me the documents or the basis behind their claim. I have already consulted an attorney, & if this isnt resolved, we will be suing. And I will take my banking business elsewhere",Bank account or service
10153,"I am filing a complaint against cash app ( block inc ) due to an adequate customer services and unfair practices which violates the consumer financial protection act ( CFPA ) specifically cash app failed to take timely and effective measures to prevent an address fraud on their platform leaving my account vulnerable and unprotected. Furthermore, their dispute resolution process was and deceptive as they did not comply with error resolution requirements under the electronic fund transfer act ( EFTA ) and regulation E. These actions have caused a significant inconvenience and financial loss and I see appropriate red dress for these violations.",Money transfer or service
10154,"Hello my name is XXXX XXXX and I. Am upset.. I have been trying to close on a short sale and was told that I could get up to {$3000.00} in moving cost at closing.. But was just told after I signed the paper work stating i would receive last week that this week I was n't entitled.. I have been in and out the hospital due to XXXX and staying at my sisters but maintaining the property, property insurance and still have valuables in the house ... I have been told for the last 6 months I was entitled to the exiting funds ... Wells Fargo has done enough to my family and I..i was a victim of predatory lending where brokers and Realtors went to jail, I have had to let the house sale for XXXX instead of them letting me purchase the home, and lol I 'm asking for is my exit funds of up to {$3000.00} .... On the paper i signed it states {$750.00} if we closed after closing date and then I would be entitled to the {$1000.00} if we closed before the closing date .... Also the law has changed it is now up to {$3000.00} for exit funds. I just want what 's do to me ... I still maintain the insurance on the property and my belongings are there ...",Mortgage
10155,"THIS IS NOT A DUPLICATE COMPLANT. I'm not using any third party for this matter and represent myself by myself. I'm sending this complaint because I have pulled up my credit report just recently and I noticed some hard inquiries from companies that I did not give consent to access my credit reports ; I am very concerned about all activity going on with my credit reports these days. I immediately demand the removal of these inquiries to avoid any confusion as I DID NOT initiate these inquires or give any form of consent electronically, in person, or over the phone. I am fully aware that without permissible purpose no entity is allowed to pull my credit unless otherwise noted in section 604 of the FTCRA. The hard inquiries that are being disputed, do not belong to me. My position is being clearly stated, these hard inquiries do not belong to me, meaning that you are reporting inaccurate information within my credit file. YOU are reporting the INQUIRIES that are the result of the fraudulent activities. Therefore, these inquiry must be deleted from within my credit file. Inquiries that are made by someone else without my authorization is not a factual record of access to my credit file, it is a factual record of fraudulent activity, and it must be addressed as such. The reason that this Inquiry is being disputed is because it waw not made by me, and when I report this to you, it is your responsibility to investigate my claims, and when you can not prove that this inquiry was made by me, they must be removed from my credit file. I have filed FTC report for this matter. Here are the list of these fraud items : XXXX XXXX XXXX XXXX XXXX XXXX XXXX XXXX XXXX XXXX XXXX XXXX XXXX XXXX XXXX XXXX XXXX ; Please remove these items from my report as soon as possible, I have included the copy of my SSN, driver license, proof of address and copy of FTC report.",Credit reporting
10156,"I have a Coinbase debit card for XXXX, which is the bank. In the last 3 weeks I noticed 3 refunds that have not hit my account but were refunded and fully processed by the merchant and even processed internally by Coinbase and XXXX. 

Coinbase Card transactions refunded and are not reflecting on the account : - XXXX XXXX XXXX XXXX XXXX XXXX XXXX XXXX on XX/XX/year> - XXXX USD refunded on XX/XX/XXXX- You spent XXXX USD in XXXX XXXX XXXX XXXX XXXX on XX/XX/year> refunded on XX/XX/XXXX- You spent XXXX XXXX XXXX XXXX XXXX XXXXXXXX XXXX XXXX on XX/XX/year> refunded on the XXXX. 

None of those have been refunded to my bank yet. I called 5+ times and have opened a chat with them every single day ( sometimes multiple times a day ) since XX/XX/XXXX. I just want my refund. Coinbase and XXXX have processed the refund on their end and have told me so. But they can't tell me why they have not given me the money yet. In my head this is theft. I am unsure why they can't give me my money or at least give me temporary credit while figuring out what internal issues they are having. The lack of any follow-ups with promises given is very alarming especially when they promise follow-ups. They won't even let me speak to the department that is working on my case saying they only work via email. But over 14 days they have not sent me 1 email. Not even 1 to say a case has been opened. I find this to be very ridiculous and just want my money. The {$180.00} refund also is not even showing up in my transactions as a refund which is alarming because now I do not know if there were previous refunds that did not show up that I did not recognize. Coinbase even said to me that it was refunded at first and their end it shows it all refunded. Only when they dug deeper did they say that it was not refunded but it was processed on their end. I wonder how many other consumers that maybe arent as on top of everything are being taken advantage of.",Money transfer or service
10157,"The building I financed through Greensky was never completed by the contractor. I filed a complaint on XX/XX/XXXX, case number XXXX through Greensky to get the building finished before we would begin payments. This drug on through XX/XX/XXXX, with me providing to Greensky, and estimate of the cost to finish the building since the contractor wouldn't do it. I also filed a complaint against the company XXXX XXXX, XXXX XXXX XXXX, XXXX, Ar XXXX, phone XXXX through the XXXX Attourney Generals office, complaint # XXXX trying to either get the company to finish the job, or deduct the price of the unfinished building costs from the loan costs. XXXX  XXXX stated to the Attourney Generals Office on XX/XX/XXXX that they would come and finish the job. I have had no further contact since then. I do not feel Greensky should be charging me now, when they held off throughout the complaint process on charging principal or interest until this was resolved. Then without notice of the problem being resolved, they sent me a monthly payment due notice dated XX/XX/XXXX. I feel this problem of an unfulfilled contract and unfinished building needs to be resolved before payments begin. When I called the Greensky to let them know I would not be making payments until the building was complete, their response was "" we will ruin your credit :.",Consumer loan
10158,"My parents passed recently and I am the executor of record with XXXX XXXX County through probate. There is a mortgage recorded XX/XX/1996 that no satisfaction of mortgage was filed for yet for a mortgage with the same bank, XXXX XXXX, that has folded, Ocwen filed a release for. There have been numerous mortgages after the fact but because we can not get the SMO for the 1996 mortgage, we are unable to sell the home as title will not clear. Ocwen requests proof of payment from me for a mortgage of over 24 years when the house has been emptied for 5 months.",Mortgage
10159,"I have made multiple attempts to dispute Jefferson Capital System. I have no knowledge of this account. I have not signed, or provided my social security number for authorization of this to be on my credit report. As per USC 1681 ( c ) ( 2 ), I believe these reports may have been result of identity theft. The information is not information relating to any transaction by me as a consumer.",Debt collection
10160,"I started to receive emails from Bank of America stating that I need to fund my new checking account. Im a former Bank of America employee, I left about 12 years ago and outside of a credit card I closed out my entire relationship. My ONLY communication with them since then has been the occasional balance transfer. However, there appears to be a checking account that was opened by them and in the fine print it says if I dont fund the account Ill incur fees. 

I work as a XXXX XXXX XXXX two blocks from the local Bank of America so I attempted to resolve this in a civil manner by reaching out to schedule a phone appointment but they never contacted me.",Bank account or service
10161,"Dear Consumer Financial Protection Bureau ( CFPB ), I am writing to file a complaint regarding a financing arrangement through Synchrony Bank for a purchase made at Mattress Firm, located at XXXX XXXX XXXX XXXX XXXX XXXX XXXX XXXXXXXX. 

In XX/XX/XXXX, I purchased several mattresses totaling {$3600.00}. The salesperson recommended using a 0 % interest financing plan through Synchrony Bank. The store staff processed the financing and set up automatic payments, ensuring we would pay regularly, similar to other store credit agreements weve used in the past. 

After two years of consistent payments, we noticed a sudden and unexplained increase in our balance. Specifically : XX/XX/XXXX : {$1600.00} XX/XX/XXXX : {$1500.00} XX/XX/XXXX : {$3700.00} Upon inquiry, we were told this increase was due to "" Deferred Interest. '' However : At no point during the sale or financing arrangement were we clearly informed about deferred interest or the consequences of not paying off the balance in full by a certain date. 
Neither Mattress Firm nor Synchrony Bank warned us about this risk at any point during the process. 
To prevent further charges, we opted to pay off the remaining balance in full. However, I believe this practice is fundamentally deceptive. It feels like we have been misled and financially exploited. 

Both the vendor ( Mattress Firm ) and Synchrony Bank maintain that they are legally justified in applying these charges, but I firmly believe their practices were not transparent and took advantage of unclear or hidden terms. 

I kindly ask the CFPB to investigate this matter and ensure that companies like Synchrony Bank and Mattress Firm are held accountable for deceptive lending practices that harm consumers. 

Thank you for your time and consideration. I am happy to provide any additional documentation needed to support my claim.",Credit card
10162,Wells Fargo sold my home even though they did not receive Possession of the home it was an FHA mortgage I was told in XXXX of this year by circuit court judge the District Court judge did not have bearing over the case it was illegal for them to sell the home due to the cares act and because they did not receive possession prior it was still a federally backed mortgage there is a PMI on the home which means they would get a double payment as well as what has happened at this point I am due to be out by the end of the month I am searching for an attorney to sue them,Mortgage
10163,"They left messages @ my home threatening legal action, & also contacted me via email stating they have evidence that funds were received/deposited & they have XXXX different ways of linking me to fraudulent activity. They also furnished my full SSN # stating they could n't find any previous fraudulent activity. The amount of the loan, and the amount it would cost me to settle to end up w/a {$0.00} balance/acc't paid status, only to charge me an extra late fee ( which would be refunded ) within 3 business days. stating it was protocol because I 'd purchased the wrong card t make the payment. The card 's being XXXX DEBIT CARD. Card 's were purchased in the amounts of $ XXXX/ {$280.00} respectfully. Apparently, once the monies were secured by them, I 've received no further contact. XXXX XXXX was the name I as given, & I have all emails between us.",Debt collection
10164,"Had Fraudulent transaction on my Robinhood account. They placed a temporary hold on my account on XX/XX/XXXX. Every time I call them and verify my information they say its wrong and I verify my account by ID. I spent hours on the phone just for them to hang up on me. I contacted them on XX/XX/XXXX XXXX, XX/XX/XXXX XXXX, XX/XX/XXXX, XXXX, and XXXX got ahold of them and they finally talked to me and told me to send my bank statements with closed accounts. I sent my bank statements on XXXX and XXXX as requested. Then my account still was not unlocked. Ive been trying daily since then and I wait hours on hold with no callback. They say they call me and my phone never rings. Then they close the case so I have to resubmit everything. I resubmitted documents again on XX/XX/XXXX and tried to get in touch and nothing. Now they closed this case and opened up a new one XX/XX/XXXX. Im getting no where with them. I want the money transferred back in to my new checking account because they made me close the 2 checking accounts that were hacked with the fraudulent transaction.",Money transfer or service
10165,"Issue : XXXX and Mohela failed to process my student loan repayment application causing my account to be late. As a result my credit score has dropped from XXXX to XXXX. 
XX/XX/year> I completed the required application online. When I did not hear back from them in XXXX I attempted to call. There was never an answer. I held up to XXXX minutes several times and no support person answered the phone. I then downloaded the application, completed it and mailed it in via certified mail. I still did not hear from anyone so I filed a complaint in XXXX but was told that XXXX was not my service provider. In XXXX I got my first response from Mohela on the XXXX. I received the payment coupons on XX/XX/XXXX, the day after the XXXX payment was due. I paid that payment on line that day and have made every subsequent payment online. They have hit my credit because they purposely refused to process my application forcing me into a late status. They want me to pay them nearly {$2000.00}. 
In XXXX I filed a complaint with Mohelas advocate, but never received a response from them. I recently was able to talk to a customer support agent who told me Mohela took over XXXX the same month I made my application to XXXX ( XX/XX/year> ). Some where in their transfer they totally dropped the ball and are wrecking my credit over it.",Consumer loan
10166,I have two XXXX Synchrony Bank credit accounts for which I have been making payments for the past four years and have noticed that the balance has not decreased or has increased and I have not made any purchases on the account. I initially thought it was the interest that I was being charged however upon discovery it appears that it was due to fees specifically a security fee of more than {$100.00} per month and my minimum payment is {$62.00}. I also noticed that my interest rate was 0 % so this fee was increasing the balance and causing the account balance not to decrease.,Credit card
10167,"In XX/XX/XXXX I received a collections letter ; Paypal sent them the account set up in my name with my information. The fraud occurred in XX/XX/XXXX. I spoke with the collection agency and with payapl reps. Paypal would not comply with my requests, but finally I was told that there would no longer - never be - another account with my name. 
I filed with the FTC - ID Theft, following all their recommendations. One such document asked for information on the transactions they -Payapal - processed ; no reponse. 
I spoke with someone in the ID Theft center and followed his instructions. I have seen no charges to me but I would still like some information as to how this happened. This is the SECOND time my ID has been stolen/used with paypal. The first being in XXXX, when I spent much time and effort clearing the issue.",Money transfer or service
10168,I'm back in XXXX I created a cash account and filed my tax return online and my tax return was supposed to deposited to my cashback account which it says it was but no longer have access to the email or phone number on the account and I do not remember my cash tag information either in a phone calling cash app they say they can't look up my account without that information also back in XXXX when I had access to the cash app and email I inquired about the situation as well and try to access my account and they said that they couldn't help me I had provided proof to them that my account was being hacked and vice versa and they said that they couldn't help me receive my funds from the IRS,Bank account or service
10169,"I went into forbearance in XXXX of 2020 because I am a XXXX XXXX and my work was affected by the pandemic. Before I entered into the forbearance, I read about the CARES act and saw that entering pandemic related forbearance would not affect my credit, or my ex 's credit because while I own the title to the property, he is on the mortgage still. I have asked about this every time I spoke to my mortgage company and they said that our credit would not be affected. My ex has taken me to court, saying that his credit has been harmed by my forbearance. I would like to speak to someone who can explain to me the CARES Act rules about how credit is not affected by entering the forbearance program. In addition, I was told that my deferred payments would be "" tacked on to the end of the loan '' which I wrongly thought meant that the loan maturation date would be changed. On Monday I found out that through HUD that deferred amount is now a balloon payment that will be a lien on the property until it is paid off, and that the loan maturation date remains the same. No one explained this as part of the pandemic forbearance process to me. I see now that I could have gone to this site and HUD and learned more, but I didn't understand that I needed to do that. My lender gave me a website to go to, but I asked and thought that it was a separate program, not the one that I was participating in so again, I didn't look. The communication process didn't ensure that I understood what was happening. I would like for someone to help me understand how that lien will affect the credit of myself and my ex, because he is seeking to force me to refinance or sell the home to get him off the mortgage, and he is saying that the lien is damaging his credit. I would appreciate understanding how the lien will affect our credit and if that is allowed under the CARES Act because it states that credit will not be affected if you enter into the pandemic forbearance program.",Mortgage
10170,"Ocwen Loan Servicing is planning on selling XXXX XXXX 's property at foreclosure sale on XXXX XXXX, 2017. XXXX XXXX 's loan modification review is presently in the appeal stage. It is a violation of Regulation X, 12 C.F.R. 1024.41 ( g ) for Ocwen to advance foreclosure while the appeal remains pending.",Mortgage
10171,"I noticed a strange monthly autopay on my Wells Fargo checking statement that went back as far as I could look on the WF online banking. The payment was for Wells Fargo credit card that did not show up on my online banking, nor did I recall opening the account. I called Wells Fargo in XXXX and told them of this issue. They said the account was opened in XXXX in a branch, but without a signature. I do not believe I opened this account. Since XXXX, Wells Fargo has been taking from my checking account anywhere from $ XXXX $ XXXX monthly and paying this credit card which I never had possession of, nor did it appear in my online banking. When I spoke to them in XXXX, they said they would open an investigation and give me a call in 2 business days. A month later, they still had not called me back. I called again and they said they closed the case. I opened another case and no one called me. They sent the letter from their "" investigation '' to my old mailing address. The investigation letter contained a number of false statements ( for example, it said the credit card had been used as recently as XX/XX/XXXX, but I obtained all the statements and it had not been used since XXXX ). I called back and was given the run around once again. I believe Wells Fargo fraudulently opened this account in XXXX, withdrew thousands from my checking to "" pay '' it, and now have been giving me the run around for nearly two months.",Credit card
10172,"the assignment of mortgage from XXXX financial services in XXXX 2000 ... ... to XXXX ... ... was decietful, erroneous, and fasely tailored with deception this assignment recorded in XXXX XXXX public records is missing my sister 's name. this is not a typo error as the original document recorded by XXXX has her name ... ..XXXX went bankrupt prior to the assignment and had its hud violations later XXXX had an automatic dissolution ... ... anyone can view these documents I wish I had years ago",Mortgage
10173,"On recommendation of my realtor, my wife and I approached McLean Mortgage Corporation based in XXXX, VA, and loan officer XXXX XXXX, in XXXX Virginia, about obtaining a preliminary estimate ( Loan Scenario Worksheet ) for a lot/construction loan for a potential future purchase. 
Our initial conference call was on XXXX/XXXX/15. No specific land or dwelling was specified, and we did not formally apply for a loan, nor did we sign any documents with McLean. On this call, I clearly stated, as my wife can verify, this was to understand estimates for closing costs, and NO credit report should be pulled, as it could impact our credit score adversely if we went with another lender. 
In a subsequent face-to-face meeting on XXXX, XXXX XXXX admitted she HAD pulled our credit, without written, email or verbal approval. Subsequently, we determined we were not going to pursue new construction at this time. Unannounced, I was very disturbed by a letter from McLean in the mail XXXX/XXXX/15 titled "" Statement of Credit Denial '' with a loan number for purchase of property NA. Since we did not formally apply for a loan, there should not have been any loan tracking number, amount or interest rate!",Mortgage
10174,"I hope this message finds you well. I am writing to formally address multiple concerns regarding my mortgage account, which has been managed by your company since [ date of transfer from XXXX ]. I am seeking a fair resolution to the issues I have been experiencing, which have caused significant distress and financial strain. 

XXXX. Insurance Coverage Claims : During the months of XXXX, XXXX, and XXXX XXXX, I was informed by Mr. Cooper that my insurance coverage was insufficient. However, I had active policies with XXXX different insurance agencies : American Strategic, Progressive ( Homesite ), and XXXX XXXX. Each of these policies was in place during the stated period without any lapse in coverage. The assertion that I was without insurance has led to unwarranted increases in my escrow and monthly payments. 

XXXX. Disputed Late Payments : I have been informed that there have been XXXX late payments reported on my account. I want to assert that I have not missed any payments nor have I been late. This inaccurate reporting is damaging to my credit and financial stability. 

XXXX. Unjustified Charges : I have been charged {$50.00} for send-outs related to claims of inability to contact me by phone. I would like to clarify that I have been reachable, and these charges appear to be unwarranted. 

XXXX. Forbearance and Escrow Increases : Since your company acquired my loan, my mortgage payments have increased by over {$1000.00}. Additionally, the mismanagement of my account has forced me into forbearance, which has further complicated my financial situation.",Mortgage
10175,"This debt collection has been going on for many years, at least 10, if not 11 or 12. It was a debt that was incurred by myself, and my ex wife. We did indeed incur this debt together, but the debt collectors have placed 100 % responsibility on me only. I'm not sure why I am solely responsible for this. It also keeps incurring massive interest. I do not know what to do anymore. 
I am now a retired 100 % XXXX veteran. I am hoping that this can help me.",Debt collection
10176,"I was enrolling at XXXX college, XXXX, and was encouraged to take out a private loan by the advisor I was speaking to and when she told me that XXXX was not covered by federal loans and that I had to pay out of pocket while in school to be eligible to remain and complete my course of study. I knew I could n't pay that and I did not even have a job so I could not pay if I wanted to. My partner at the time was also present and was asked by the admin department advisor, if he was willing to help me with that portion of the money so I can attend. He agreed and they enrolled me that fast. Now we r not together and he did not pay the loan, I got stuck with it and now I am falling behind what are my options when I did not need to create a debt in order to attend school and now he forgot he agreed to help me pay that. So how does that work, I am trying my best but I am still struggling because of that loan from genesis lending. That service is not even worth the problems a lot of XXXX students have experienced, they ca n't even show you correct detailed information online or on paper for that matter, and now they are getting sued for putting that kind of burden on student 's that are trying to get an education to make money when they when they get a job .... How would I be considered for a discharge on that part of my student loan, I believe that I am paying for something that I should not have to when I did not have income and my ex partner was the responsible party when he agreed to pay that part.???",Consumer loan
10177,QUICKCREDT is falsely reporting on my credit. I have never had any accounts with them. Per my research QUICKCREDT is a debt collector. They are falsely reporting on my credit!! Account number is XXXX is falsely reporting to my credit file and is against my rights and fair credit act. Under U.S Code 1618d - Disclosure of investigation consumer report ; you are in violation.,Debt collection
10178,"I lived at an apartment. When I moved out, the apartment asked for specific things, including the keys, mail keys, key fobs, and pool passes. There was never a move-out inspection. However the apartment listed specifically several things they are charging for. The largest XXXX, though, is a vague term damages. The apartment will not provide what that means and says to talk to the collections company and the collection company is saying I should have scheduled a move out inspection with the apartment that the apartment did not request. Damages is insufficient to understand what was paid for and impossible to dispute. This portion of the debt is over {$220.00}",Debt collection
10179,"I borrowed {$800.00} from XXXX payday loan company Mobiloans. I have paid back {$1100.00} and they say I still owe another {$1100.00} in interest charges. I have defaulted on the loan and been in contact with a supervisor about making some kind of deal with them and he was suppose to call me back and I have called every day XXXX4 times a day and he will not get on phone nor call me back, His name is XXXX he goes by XXXX around the office. I can verify I have been calling him daily. They are threatening to ruin my credit. I have paid back all the principal plus some, so what there saying I owe is all interest! I have offered to pay some of the interest. But they will not return my call instead just random workers call me several times daily demanding payment in full. Please help!",Consumer loan
10180,"XXXX XXXX XXXX was added to my credit file on behave of an unsetteled debt from an old unpaid utility bill from XXXX. On XX/XX/XXXX, XXXX XXXX XXXX was paid in-full with a total payment of XXXX. The collection agency reported the payment and the account paid in full the by XX/XX/XXXX. On XXXX, Equifax reported the same account as not paid with a current balance do of XXXX. The same amount I paid a few weeks earlier. I disputed the update on XXXX, and XX/XX/XXXX and as a conclusion of there investigation has continued to report this false amount. I then contacted XXXX XXXX  XXXX and they have indicated that I do not have a balance due with them and that I have paid that balance in-full on XX/XX/XXXX and that they have submitted the change to the credit agencies on XX/XX/XXXX which is in-line with the facts since Equifax did remove the account from my report on XX/XX/XXXX. I don't know why Equifax is reporting this balance, I have even sent them proof of the payment.",Credit reporting
10181,"I am contacted by email daily by someone claiming to be Starmark Financial asking me to pay {$300.00} and that the original creditor was something called XXXX XXXX XXXX. There is a callback # : XXXX, I tried calling the number but it goes to an answering machine. The emails are coming from : XXXX, I have never done business with either of these and definitely do not owe either of them any money at all. 

This is most certainly some sort of scam -- is there any way to shut down the number and email address before lots of people lose lots of money?",Debt collection
10182,The company XXXX XXXX party issue with my direct deposit from my job. I m missing a full paycheck to my account. It has been more than 24 hours and no resolution to my account has been made. I have bills to pay. Capital one did not offer any financial assistance due to it being there issues as well.,Bank account or service
10183,"I opened a new Everyday checking account with Wells Fargo in XX/XX/year> with a {$300.00} new account bonus. I did everything that was asked ( e.g., added {$25.00}, direct deposits totaling > $ XXXX, kept the account open, etc. ) and never received my {$300.00} bonus. 

I called Wells Fargo in XX/XX/year> and they agreed I met the requirements but did not know why I did not receive the offer. They suggested I go to a branch to resolve but I have none around me.",Bank account or service
10184,"I had a transfer and they asked me for the bank statement of that person who make a transfer to me and I send them the bank statement and everything they asked for so in the end they decide to close my bank account and saying to me the remaining funds will be transferred to me in my new bank account so I provided the new details of my new bank account but they still not send it all this happened before XXXX XX/XX/2023 so since that time I dont have a call from them when I tried to call they saying they still running out some checks I did even made a complain but still nothing. 
I have in that bank account XXXX ( saving ) and some XXXX or XXXX more in normal XXXX regards",Bank account or service
10185,"According to Law FCRA Section 605B, it is illegal to report information on my credit report without my permission. Thank you, please remove this from my credit report .Account number XXXX XXXXAlly Financial Closed XXXX. Congressional findings and statement of purpose [ 15 U.S.C. 1681 ] ( a ) Accuracy and fairness of credit reporting. The Congress makes the following findings : ( 1 ) The banking system is dependent upon fair and accurate credit reporting. Inaccurate credit reports directly impair the efficiency of the banking system, and unfair credit reporting methods undermine the public confidence which is essential to the continued functioning of the banking system.

( 2 ) An elaborate mechanism has been developed for investigating and evaluating the credit worthiness, credit standing, credit capacity, character, and general reputation of consumers.

( 3 ) Consumer reporting agencies have assumed a vital role in assembling and evaluating consumer credit and other information on consumers.

( 4 ) There is a need to insure that consumer reporting agencies exercise their grave responsibilities with fairness, impartiality, and a respect for the consumers right to privacy.

( b ) Reasonable procedures. It is the purpose of this title to require that consumer reporting agencies adopt reasonable procedures for meeting the needs of commerce for consumer credit, personnel, insurance, and other information in a manner which is fair and equitable to the consumer, with regard to the confidentiality, accuracy, relevancy, and proper utilization of such information in accordance with the requirements of this title",Consumer loan
10186,"I have ask XXXX XXXX on XX/XX/2019 via email to provide me with the estimated value of my loan in 25 years when it will be forgiven. No response see was provided until XX/XX/2019, which stated that it is impossible to calculate. I gave them an average payment I make per month and the interest rate and asked them to calculate that on XX/XX/2019. No response was given until XX/XX/2019 stated it was impossible to calculate. The problem that they refuse to acknowledge is that I have a right to know the approximate value of my loan at the end of the term. I owe {$180000.00} at this point. I have paid {$26000.00} in 6 years on the loans and only {$1000.00} has gone towards principal. I have no way of getting ahead on these loans without information. They refuse to provide that. It is criminal how little of my payments have been used to cover principal and I am also complaining about this. I have called in multiple times in the past to find out if there are better programs available to me and none are given. At this point, i can only guess that I will owe over {>= $1,000,000} at this rate putting me owing an amount of taxes I will never be able to afford. I need help to figure this out because I am in financial ruin over this and will most definitely be bankrupt at the end of the term and need to figure out my options. I can't do so without an somewhat accurate idea of what my financial situation will be which is based in this loan and some sort of payment plan that doesn't have me giving tens of thousands of dollars to a government agency via a ridiculous amount of interest they charge that can not even be applied to hiring staff educated enough to answer a simple question. I have paid {$26000.00} for 1 simple question to be answered and I would like a response.",Consumer loan
10187,"I received a letter of debt collection for XXXX XXXX on XX/XX//25 in the amount of {$270.00}. I have never lived at this location in my entire life. The rental company, XXXX XXXX XXXX ( XXXX ) has no record of any XXXX XXXX living at this location or any of their rental properties. This is fraudulent activity by Sequium. The representative was very rude and aggressive over the phone, insisting the debt was legitimate and belonged to me but had no proof my identity. I was told to contact the police department for proof that I never lived at that location. The police department was unable to help, as no funds have been transacted.",Debt collection
10188,"I HAVE CONTACTED AND DISPUTED THIS COLLECTION WITH THIS COMPANY AND THE CREDIT BUREAUS MANY TIMES. THEY KEEP VALIDATING IS AS MINE FOR A HOSPITAL BILL XXXX XXXX THAT I KNOW NOTHING ABOUT. FURTHERMORE I HAVE HAD FULL MEDICAL COVERAGE FOR MANY YEARS AND WOULDNT BE ASKED TO PAY OUT OF POCKET FOR THIS. THE DEBT KEEP BEING SOLD TO NEW COMPANIES AND WHEN I CALL THEY VERY RUDE, INTRUSIVE AND ABUSIVE TELLING ME ITS MY DEBT AND GIVING ME LITTLE TO NO INFORMATION. I AM FED UP WITH THEYRE CONSTANT CALLS AS WELL",Debt collection
10189,"I received a bill from XXXX XXXX XXXX dated XX/XX/2019to which my daughter called my attention. We had never seen this account, so I checked my credit and learned that this debt was for a XXXX credit card with Citibank. A couple of years ago I received a fraudulent call from someone claiming to call from Citibank for a XXXX credit card asking me for personal information and I told them I would never open a card to a retailer, especially not XXXX, and I told her that they were not to call me again because they were committing fraud. 

Since I started having a series of XXXX XXXX including XXXX, XXXX XXXX XXXX, XXXX and XXXX and XXXX XXXX XXXX, the last thing I expected to deal with was identity fraud. 

I have sent the collection agency a letter using your template and I am going to send it, again, this time through certified and registered mail just to make sure it is handled appropriately and not ignored. I need help defending myself against this fraudulent debt. I want them to cancel this and stop collection and I want to prevent any more identity theft moving forward. I also want this removed from my credit and to prevent it from causing any more damage to my family and to myself.",Debt collection
10190,"XXXX XXXX has recently sold all my consumer credit accounts with them to XXXX Acquisitions, therefore, they can not continue to furnish this accounts on my consumer credit report. I demand that all these accounts furnished by XXXX XXXX be removed immediately.",Credit reporting
10191,My name is XXXX XXXX please close me and my account account portal login out so we cant login to it no more at XXXX and email is XXXX and her name is XXXX XXXX please deactivate and fully unenroll it and delete it out the system and delete data etc.,Money transfer or service
10192,"I came across financial difficulty. When I attempted to lower payments or work out an agreement navient would always push me to deferment or forbidance. They have always reported me late to the credit bureau, charged a TON of interest, and late fees. Was not willing to work with me.",Consumer loan
10193,"I went to my bank to cash in some bonds the bank teller put in the wrong date of the bond and the wrong iinterest rate, she paid me too much and Put me in a awful situation they took every dime I had in my account and charged me for the their mistake",Bank account or service
10194,"Dear PayPal Support Team, I am writing to submit a complaint regarding the permanent limitation that was recently placed on my PayPal account, linked to the email address XXXX. I believe that this limitation has been placed by mistake, and I would like to request that PayPal re-investigate my case and restore my account, if possible. 

Firstly, I would like to clarify that I have not violated any PayPal policies. As a responsible PayPal user, I have always followed the guidelines provided by PayPal and have not engaged in any activities that are deemed inappropriate or illegal. Therefore, I believe that the permanent limitation on my account is unwarranted. 

Secondly, I strongly believe that this limitation is a result of an error on PayPal 's part. I have reviewed my account history and have found no instances that could have warranted such an action. Therefore, I request PayPal to re-examine my account and investigate any possible errors or discrepancies that may have led to this decision. 

Finally, I request that PayPal restore my account to its original status as soon as possible. I have always relied on PayPal for my financial transactions and the sudden limitation has caused significant inconvenience to me. I would be grateful if PayPal could expedite the re-investigation process and restore my account as soon as possible. 

Thank you for taking the time to consider my request. I look forward to hearing back from PayPal soon. 

Sincerely, [ XXXX XXXX ]",Money transfer or service
10195,"I got my identity stolen in XXXX but was not made aware until XXXX of XXXX, and til this day its been an ongoing problem, Ive gotten bank accounts compromised, cars gotten in my name, phones, accounts opened without my knowledge etc. I was able to get some of the damage from the fraud taken care of however despite the evidence and the police reports Experian refuses to take off a couple accounts that they know arent mine. XXXX and XXXX finally complied and took off said accounts so I can have the correct and fair score but Experian refuses to. I even tried to get the address removed that they were doing fraud with and they said no because it was reported to them by several accounts. Those several accounts werent even mine. If my identity wasnt stolen how did a XXXX XXXX card get opened in XXXX of XXXX. I was XXXX! I didnt even have a bank account yet. I just want my situation to be resolved, this has literally caused blood, sweat and tears for me.",Credit reporting
10196,"My last statement from Bank America showed a charge for "" check imaging ''. I never ordered it. I called customer service and although they removed the charge, they could not tell me how this happened. My feeling is that it is a new deceptive practice to get extra fees hoping that the customer will not notice it.",Bank account or service
10197,"I noticed that I had fraudulent charges taken out of my Bank of America account. I reported it and the bank gave the money back. The first one was claim XXXX credited back on XXXX XXXX in the amount of {$1400.00} dollars. On XXXX XXXX the credit was reversed. Which put my account in the negative and incurred many overdraft fees. After I called in about it I was apologized to and told it would be back in my account after a few days. This never happened. The second call made it was discovered that my account information was used to pay an parking ticket out of town for someone named XXXX I was told. I informed the bank again I have not authorized the transaction and do not know that person. I was apologized to again and told that they would re-investigate and would return my funds shortly. I called again a few days later and was told that my email address was used and yet another investigation was necessary and again apologized and said Ill get receive my funds back shortly. I have yet to receive those funds. I was promised I would be made whole before XXXX. But my holidays were ruined. 

Claim XXXX in the amount of XXXX and XXXX were unauthorized charges made on that closed debit card. Once the card was replaced those fraudulent chargers where able to still be taken out of my account. Even with a new debit card. Credits were made replacing my money on XX/XX/XXXX and again taken back from my account XX/XX/XXXX and XX/XX/XXXX XXXX",Bank account or service
10198,"I purchased a vehicle on XX/XX/2024 through Carvana. I used third party loan processing, through my bank, XXXX. 

The loan cost included the taxes and cost of titling and registration. 

My temp tag expires in 2 days, and Carvana has yet to submit my paperwork to the state of Utah to get my taxes paid and my license plates sent to me. 

They offered a second temp tag- but said that the process will take another 45 days. The temp tag expires in 30 days. Utah only allows a single extension, and taxes must be paid, and plates mounted on the vehicle within 60 days. 

Carvana 's website says they urgently need more information from me, but will not provide what that information is. They simply say that the XXXX rejected my information, however, my local XXXX says they have not heard from Carvana.

Given Carvana 's notable history of lawsuits related to failure to issue registrations on time, I am inclined to believe they have not followed their legal obligations in this matter. 

I am the XXXX XXXX  for a XXXX XXXX, including a XXXX XXXX XXXX XXXX XXXX XXXX XXXX and my job requires the use of my vehicle. 

This is unacceptable. 

I have also submitted a complaint to the AZ Attorney General 's office regarding this manner.",Consumer loan
10199,"I had to leave town and was unavailable to use my account since late XX/XX/XXXX. Now I have come back in XX/XX/XXXX. I need to be able to use my account for work purposes and now I've found my account to be - {$460.00} overdrawn. 
I've had no hand in whatever has been done to cause this - {$460.00} on my account. On top of this I also found a {$600.00} XXXX  transaction that I had no idea was charged to my account. 

I've contacted PayPal several times and they just keep saying they can't do anything about it. This is fraud they are actively participating in. They have done nothing to remedy these problems.",Bank account or service
10200,"In accordance of the Fair Credit Reporting Act, XXXX XXXX XXXX Account # XXXX and 1 Inquirie : XXXX XXXX XX/XX/2025 has violated my rights. XXXX5 U.S.C 1681 section 602 A states I have the right to privacy. 15 U.S.C 1681 section 604 A section 2, it also states a consumer reporting agency can not furnish a account without my written instructions.",Credit reporting
10201,"Applying for mortgage, was told to pay XXXX dollars for good faith ( I thought it meant if I could pay ) so I gave it to them. So after talking to them I started to Have my kitchen updated place painted. Was told after appraisal we will have mortgage. Paid for house in XXXX in full no mortgage. Now Rocket Mortgage LLC, is not giving us mortgage because kitchen is in the middle of update, they need running water and counter tops. The sink the stove sitting right there. Countertops in about 2 weeks. Now we are stuck with this. The least they can do is give me my XXXX dollars back since they didnt know that they should of told us about not remodeling. If this is the new world we live in the banks just steal our money, have called repeatedly now they tell me the money is used for the appraisal they wanted, house was paid for {$280000.00} cash, and that is what appraisal came to XXXX.",Mortgage
10202,"On XX/XX/XXXX Bank of America sent me a notice that they transferred {$460.00} from my account ending in XXXX and applied it to a negative balance I have in an account ending in XXXX. Problem is, I don't have another account with BOA. I discovered that my partner, whom I added to my account, making it a joint account, is the owner of that XXXX  account ending in XXXX with BOA. My partner was charged fees amount to that total {$460.00}. Is it legal for BOA to access my account, ending in XXXX a joint account, because my partner 's name is on the account without my approval. This is my money. I knew nothing of that other account. I think that's encroachment on the bank 's part.",Bank account or service
10203,"Since my divorce in XXXX of XXXX, I have been negotiating with my first mortgage ( Fay Servicing/ XXXX XXXX "" XXXX XXXX XXXX '' ) and my second mortgage ( XXXX XXXX XXXX XXXX XXXX ) to again accept payments from me. In mid XXXX, after 10 years and dozens of Mortgage Assistance Applications, my second mortgage ( XXXX XXXX  XXXX XXXX XXXX ) finally accepted a 2 % fixed mortgage payment of {$1200.00}. After I had made 3 payments to accept their offer, XXXX XXXX XXXX XXXX XXXX rescinded their offer because my first mortgage appeared on title 3 times. XXXX - XXXX XXXX XXXX refused to be in 4th position. Apparently the first mortgage had been transferred between departments using a Transfer of Deed. Typically a Transfer of Deed is accompanied by a Reconveyance which releases the interest in the property. These were never filed. Legally, I now owe Fay Servicing and XXXX XXXX 3 times the amount of my first mortgage because they fraudulently neglected to file the 2 reconveyances. I sent the attached letter in XXXX of XXXX. Instead of responding to the letter, Fay Servicing - XXXX XXXX attempted to foreclose on the property in XXXX of XXXX. I declared XXXX XXXX bankruptcy in order to stop the foreclosure. My son XXXX XXXX who is also on title declared XXXX XXXX bankruptcy in XXXX of XXXX to stop the foreclosure auction again.",Mortgage
10204,"My structure on my property at XXXX XXXX XXXXXXXX XXXX XXXXXXXX, TN completely burnt down on XX/XX/22. I have reported it to my mortgage company A & D mortgage. Even though there is no more structure on it, they are illegally placing a lender-provided insurance policy for a non existent structure at the cost of XXXX XXXXXXXX on it and want me to pay it. This is fraud. 

Completely bizarre. 

Another arm of their company disbursing held insurance proceeds for me the build the structure back which is even further proof that the structure no longer being there. However, their insurance division insists on insuring a structure that is no longer there.",Mortgage
10205,"I am a single mother and my son was in and out of the hospital from XXXX due to breathing related issues. As a single mother, I found it increasingly challenging to provide the financial means necessary to care for him outside of my standard monthly cost of living. Unfortunately, I do not get assistance from my son 's father for his care and upbringing. This lead to some medical bills being forced into collections- some that I had no idea I owed on. Not only did CMRE have an address on file for me that is not even mine, your customer service representatives threatened me and refused to even work with me. 

I attempted to call CMRE today twice to offer payment in full for deletion, which I know is something that can be offered. I initially spoke with a man named, "" XXXX '' who was rude and lacked listening skills. He treated me horribly and said it was "" his choice not to remove the record from my credit reporting '' and then threatened me that if I were to call back, "" I could speak to no one else but him. '' When I asked for a supervisor he informed me they were unavailable and refused to keep me on hold, noting that I was "" taking up his phone line. '' When I refused to hang up, he hung up on me! This is what you call customer service? 

I called back and he had locked my account and I had to sit on hold for over 15 mins while a very nice young lady attempted to get me to a supervisor. While on hold with her, my phone rang through with a supervisor on the line from CMRE. She noted that the "" pay for delete '' option ended last year and that the company would not be willing to assist me- therefore, I could pay bills that I had no proof I owed, or allow them to wait their 7 years to fall off my credit. One account is from XX/XX/XXXX and the statute of limitations has completely run out on that one. CMRE has yet to prove I owe this debt and I called the original creditor "" XXXX XXXX '' and they can not even find the other bill from XX/XX/XXXX!",Debt collection
10206,"My vehicle was involuntarily repossessed by XXXX XXXX  on [ XX/XX/year> ] without proper notice and despite my efforts to communicate and resolve the matter. I was not behind on payments to the extent that would justify repossession, and I was not given a final warning or the opportunity to make arrangements. This action was sudden and has caused extreme hardship, including lack of transportation to work and other responsibilities. 

I attempted to contact XXXX XXXX  to resolve the issue, but I have not received a clear explanation or assistance in retrieving my vehicle or resolving the account. I believe this repossession was conducted unfairly and possibly in violation of the terms of my agreement or consumer protection laws.",Consumer loan
10207,"There are 5 accounts appearing on my credit report from all bureaus that are reporting incorrectly since they do not belong to me. I have tried to dispute these items since XX/XX/2020 but each time they have no answer for me I opened an FTC report and reached out to the bureaus via phone calls but I am getting the run around and I feel like they are working on convenience and will not help me. I am at my wits end with this. 

XXXX XXXX XXXX XXXX XXXX - Acct # XXXX Amt {$2200.00} XXXX XXXX XXXX XXXX XXXX - Acct # XXXX Amt {$2700.00} XXXX CARD - Acct # XXXXAmt {$3900.00} XXXX XXXX - Acct # XXXXAmt {$12000.00} XXXX XXXX XXXX - Acct # XXXXAmt {$2600.00}",Credit reporting
10208,"Carrington Mortgage Services is currently engaging in dual tracking Dual tracking is prohibited! 

I also sent a Notice of Error and Requests for Information pursuant to PART 1024REAL ESTATE SETTLEMENT PROCEDURES ACT ( REGULATION X ) Subpart CMortgage Servicing and have not received any acknowledgment or response to correct the error on the mortgage.",Mortgage
10209,I asked Wells Fargo to show proof I charged the account with signature I demand charges to be verified by signature they failed to show proof they knew I have XXXX XXXX XXXX XXXX XXXX XXXX years they told me the reason was XXXX years late payments and or overdraft charges which one had nothing to do with the secure card I was never late XXXX  times I paid it off of in XXXX  years of a XXXX XXXX dollars I personally put up myself instead of XXXX dollars finally in XXXX XXXX XXXX I bought a car I i wells Fargo how come I can buy a car at XXXX XXXX with XXXX money down and you refuse to Unsecured the credit they said the reason is XXXX years late payments and overcharge payment then I told them not true in fact the last XXXX years I filed the dispute on my credit cards the last XXXX  years they sent me the credits each time XXXX file the dispute which caused my XXXX  account to be shut down XXXX XXXX paid wells Fargo credit card on top of what I paid wells Fargo never finalized the account when I told them this I told them since you are not working with me I have to close the account she told me do what you want I told her do it now close the account and she failed to do this in XXXX I had XXXX I had XXXX I forgot I over paid XXXX months in XX/XX/year> they closed my checking account I had XXXX dollars the XXXX didnt want to fight over XXXX dollars I forgot I closed the account which they failed to do and stole my XXXX XXXX dollars in credit after said and done they failed to credit the account and my XXXX XXXX dollars grand total over XXXX XXXX dollars and finally closed account in XX/XX/year> with charge off,Credit card
10210,"Account XXXX XXXX XXXX I am unaware of the state and did not have the opportunity to dispute this account. If you believe you sent proper notification, please provide certified mail with the receipt displaying my signature. If not, please delete account XXXX as soon as possible from my report or I will have to take legal action",Debt collection
10211,"I opened new checking and saving accounts with Citibnak sometime last year in XXXX using new account promotion bonus, I met all the requirements and earned {$500.00} bonus ( new account opening promotion ) sometime in month of XX/XX/2020 they credit this amount into my account directly, and as I was told that I should receive 1099 for this promotion bonus. 

But unfortunately they never issued/send me 1099 and when I tried to call them and ask for this first of all they are telling me ohh because I did not earn $ XXXX interest and so no 1099 was issue and blablabla ... but this promotion bonus should trigger and required by legal to have them generate 1099 and send me and IRS . 

Can you guys please help me into resolve this with CitiBank? I should get a 1099 for this as well as they should pay me the cost of my tax return amendment as well. 

( I was just realized that as my husband also was in similar boat and he just received his 1099-MISC yesterday only from Citi with a letter said due to some error they did not issued the 1099 for the promotion bonus and so they are issuing now which is passed the deadline and so as it requires a tax return amendment and so they will send a check of {$180.00} to cover this tax return amendment cost )",Bank account or service
10212,"This letter serves as a formal and urgent dispute regarding a fraudulent account appearing on my credit report. I did not authorize, apply for, or open this account. Its reporting is entirely false and damaging to my credit profile.",Debt collection
10213,"On XX/XX/, I received an email from XXXX XXXX of XXXX XXXX XXXX, stating that they would AUTO-renew and charge against my account in the amount of {$260.00}. I had never heard of this company. I called their number to make sure they wouldn't charge me. The person I talked to said that a XXXX XXXX from XXXX XXXX, California was using my ip address to remove funds from my bank account. He asked me to open my account. When I did, he drained my checking and savings account using XXXX, in the amount of {$2600.00}. I immediately called my bank to report this. A fraud claim was filed. I received letters from US Bank Digital Claims Services dated XX/XX/. 
Without ever contacting me for information on this "" investigation '', they "" determined the transaction posted as requested "". and was denied. When I took this to a customer representative, XXXX, at US Bank, she connected with XXXX in their fraud department via telephone and they both determined that the initial claim report was not filed properly. They resubmitted it. The letters I then received from US Bank Digital Claims Services on XXXX XXXX XXXX, stated, "" we determined this is a duplicate claim. Your claim has been denied. '' I have attempted many times to talk to them on the phone but could never get any information or the opportunity to tell what actually happened and that I did not authorize these transactions.

I have reported this theft to the Police Department. They sent an officer to my home to talk to me and file an investigative report.

I have asked US Bank Digital Claims Services to send the documents used in their investigation, which is told in their letters I could request, but they never sent them. They said I would need to get a subpoena. ( I didn't understand who was supposed to get the subpoena ).

The name on my bank statement of the recipient of the stolen funds is XXXX XXXX.",Bank account or service
10214,"Not only did they fail to file my disputes when I submitted them they have been extremely rude and volatile towards me. I called back to check them and that's when I had to resubmit them and they denied them. These charges were blatantly fraudulent. Ordering pizzas in other states and using XXXX pay to someone I don't know. I've spent hours upon hours on hold and speaking with incompetent employees that all give me different answers. I've escalated these charges 3 or 4 times without any investigator calling me to make a determination. Today I found out they closed my escalations because I have failed to provide any more information regarding these charges. Unbelievable ... .How can a company exist with such unethical practices. Not only exist but represents our government assistance. I've never been treated so terribly by a company that is supposed to represent me and my interests. I was the one stolen from and now they've turned their backs on me without my voice being heard. I don't have the exact information in front of me of the dates and amounts but I know 3 pizza deliveries in other states at the end of XXXX I think, a XXXX pay to someone I don't know, and others which I would be happy to gather the information necessary to complete this.",Credit card
10215,"On my report it states that I also go by the name XXXX XXXX. This is incorrect. I believe she attempted to steal my identity and use my information to obtain internet services. 

Also my criminal background report is incorrect.",Credit reporting
10216,"Both Experian and XXXX XXXX continues to falsely note a misrepresentation of the requested investigation on my credit file. Each time both companies update the account as "" verified '' without providing proof and or evidence that is timestamped of these alleged late payments in XXXX. This repeated violation has occured over XXXX times in counting and each time I request a validation of the alleged late payments, my request is ignored by both companies as they continue to mislead and failure to remove the inaccurate and unverified information. Both companies have 7 days to respond. The last false report was updated on XXXX by Experian.",Credit reporting
10217,The person who did it XXXX XXXX date of birth XXXX XXXX she did sell unauthorized transfers from my bank account to hers made online cash app transfers and withdraw money at ATMs all are not authorized,Money transfer or service
10218,I have a cash app. I have had a cash app account for many years I have my paychecks deposited on there I use it for everything. One day I went to go load cash at a local retailer and that feature was gone I called and asked why. They couldn't give me answer said they have no information to give me. The app is called cash app. I need to be able to add cash to my account. I don't understand why they would just randomly delet it from my account with no notice or explanation why,Money transfer or service
10219,"Please consider this correspondence to be formal notice that our mutual client is hereby submitting a complaint because your company failed to provide the required notice of additiona l required documents within five ( 5 ) business days in violation of Regulation X, 12 C.F.R. 1024.41 ( b ) ( 2 ) ( B ). Therefore this client 's application was entitled to be treated as facially complete pursuant to Regulation X, 12 C.F.R. 1024.41 ( c ) (  iv ).   The lender as of  XXXX / XXXX /  XXXX   has stated the file is deemed complete and has been submitted for review with the underwriting team - The lender is in violation of Dual Tracking laws since that are refusing to postpone/hold the sale set for  XXXX / XXXX /  XXXX   -",Mortgage
10220,I was charged XXXX dollars from my checking acount for a transaction i didnt authorize because the vendor cancel the service. So i was not supposed to be charge anuthing at all. I try to fix this issue with my bank and i send them a recive that prove the transaction was cancel and also i send them a prove that the vendor send me a medage apologizing for the cabcelation of the transaction,Bank account or service
10221,"I am owed a refund of {$2000.00} from Mohela Student Loan Servicer. My account records indicate that this refund was processed in XX/XX/XXXX, yet I have not received the funds. 

Mohela representatives repeatedly told me that refunds are mailed within 90 days, but it is now well past that timeframe. Despite my consistent efforts to resolve this issue, I continue to encounter unhelpful and obstructive customer service practices. 

I have contacted Mohela on the following dates : XX/XX/XXXX, XX/XX/XXXX, XX/XX/XXXX, XX/XX/XXXX, XX/XX/XXXX, and XX/XX/XXXX. During these calls, I was placed on hold for long periods, transferred between agents without resolution, and ultimately provided no concrete answers. On XX/XX/XXXX, I was told my case had been escalated, yet I have still not received my refund. 

Mohelas lack of action and repeated delays demonstrate a failure to provide proper customer service or resolve my legitimate refund request. I am seeking immediate resolution and issuance of the {$2000.00} refund that I am owed.",Consumer loan
10222,"I opened an account with Bank of America in XX/XX/XXXX. I had recently started my new business within a year ( XX/XX/XXXX ) of opening an account with BOA. I was provided a business credit card and a personal credit card which when looking at the statement, it combined the 2 cards with providing the credit card balances and the total credit limit. I mistakingly made payments to the business credit card verses the personal credit card account which led to a 30 day late. I called BOA to explain that it was an oversight on my part and I immediately paid what was due for my personal card. I verbally asked if this could be forgiven as the statement was confusing. The said they would submit a request for it to be removed. I made several phone calls since that time and have rejected my request for removal from my credit report. I have an excellent record of paying on time.It is now causing me a financial hardship for my new business as it is driving down my credit score and lenders are refusinf to consider me for a loan because of the 30 day late on my 3 credit reports. BOA refunded me the {$29.00} late fee with ease. The time frame is from XX/XX/XXXX to the current month of XX/XX/XXXX. I am uploading documents I have available. I WANT TO CLARIFY, THE LAST TO PAGES OF THE UPLOADED TBOA DOCUMENT IS TO SHOW THAT THEY ARE REDUCING MY CREDIT LIMIT TO MY BUSINESS CREDIT CARD DESPITE MY ON TIME PAYMENTS ( THIS WAS JUST AN EXAMPLE TO SUPPORT THAT I BELIEVE I AM BEING TREATED UNFAIRLY ) I ONLY WANT THE ACCOUNT NUMBER LISTED TO BE ADDRESSED in this complaint. Thank you kindly for your assistance.",Credit card
10223,"Dear CFBP I am filing a complaint against TransUnion for failing to delete inaccurate information reported from XXXX account numbers # XXXX and # XXXX. I wrote a very detailed dispute letter and provided full credit reports to display clearly the errors that were detailed in my writing. I received notification the dispute was complete, so I pulled my report on today to see the results. Unfortunately, they simply ignored the questions posed in my letter and did not provide documentation substantiating their position. In fact the status update date confirms that no investigation took place as it still shows XX/XX/2016. As a result, I am requesting that you require them to fulfill their obligations under the Fair Credit Reporting Act and remove these two accounts from my Transunion report. 

Thanks for you help in this matter, XXXX XXXX XXXX XXXX.",Credit reporting
10224,"I am a XXXX  XXXX and represented an insured named XXXX XXXX, her lender is fay servicing https : //www.fayservicing.com. I recovered a check for this insured in the amount of {$35000.00}. The lender and I were both named payees of said check. The insured sent the check to the lender for their endorsement and they commandeered the check. Unbeknownst to me the homeowner was in foreclosure. Fay servicing cashed the check, without my permission, and then proceed to foreclose on said house. They kept all the proceeds and refuse to talk to me about it. I was a named payee on that check and am entitled to 20 % via my contract, I am also the reason it was ever issued in the first place. 

The insureds address is XXXX XXXX XXXX XXXX XXXX, FL XXXX XXXX XXXX",Mortgage
10225,"/We were approved for a HELOC of {$85000.00} and closed on XX/XX/year>. We signed escrow instructions that indicated to have funds wired. The financial institution we got the HELOC from, SoFi, sent us paper checks without our request. A cover letter was attached to the checks stating to submit the pre-printed checks to the parties the checks were payable to along with a copy of our recent statement and to write the account number on the check to reference. I mailed the checks on XX/XX/year> via USPS. On XX/XX/year> I reviewed the accounts the checks were to be credited to and two of the 10 checks were returned. One to XXXX XXXX for % XXXX was returned for stop payment and the other to XXXX XXXX, I was told to contact the bank that issues the check and have them handle it. 

Today it is XX/XX/year> and I was told the funds of these XXXX checks would be wired to our checking account with XXXX XXXX XXXX XXXX. They have not been credited nor is there any pending credits or wired funds deposits to our account. I have make numerous phone calls and messages to Sofi and XXXX XXXX regarding this. I have been told by numerous individuals at these companies I have to contact the bank that issues the checks and have them remakde and mailed. 
On XX/XX/year>, I was cntacted by XXXX XXXX who told me he would wire the funds of these XXXX checks to me in a few hours at XXXXXXXX XXXX today XX/XX/year>. He said it would be a few hours. I checked our account and there is not a pending deposit that was wired from home. 

Sofi bank breached the contract by sending XXXX checks when we signed escrow instructions stating to have the funds wired to our account. We have the promised wired funds as of XXXXXXXX XXXX. on XX/XX/year>.",Mortgage
10226,"My account with AMEX was never late! I have had exceptional payment history with AMEX and all payments were placed on Autopay. This late payment that is reporting is a result on a systematic error on their end processing my payment. 

This was clearly a billing error made my the company and is not a reflection of my payment experience which violates USC Code 1681eb. This error has caused severe hard to my reputation, my character, my mode of living and to my family! 

I demand the late payment reported in XX/XX/year> to XX/XX/year> to be removed. 

They are not in compliance with the following law. 15 USC 1666b and its requirements set the standards and the guidance for a creditor to treat a payment as late, yet they are reporting a payment as late and they did not comply with the law!

15 USC 1666b ( a ) Time to make payments A creditor may not treat a payment on a credit card account under an open end consumer credit plan as late for any purpose, unless the creditor has adopted reasonable procedures designed to ensure that each periodic statement including the information required by section 1637 ( b ) of this title is mailed or delivered to the consumer not later than 21 days before the payment due date. 


AMEX Never Sent the periodic statement along with the disclosures from section 1637 ( b ).

I have requested proof that this information was mailed or delivered 21 days before the payment due date and this information was requested in good faith pursuant rule 1002 and It was never provided. 

This is unfair, illegal, fraudulent, and not equitable to me as a consumer! 

Delete the late payments from my consumer reports",Credit reporting
10227,"We, XXXX XXXX XXXX XXXX received a response from Consumer Finance providing a claim # we were requesting from Wells Fargo Bank so we could reach out as they advised they needed that specific claim # to give us an update. I reached out to Wells Fargo requesting an update, with the claim # they provided. I was first given an email : XXXX. I sent an email with the advised subject line, including the claim # and the email came back undeliverable. Its not a usable email or it is invalid or not an active email. I called back, I was given their claims department number of : XXXX from a claims rep. This was after being transferred to her from XXXX different people. I spoke to XXXX who advised after being on hold that she had to transfer me to the ACH claims department. In that dept. I spoke to a XXXX, who stated she could not pull up the information with the claim # I provided, or the account number ( listed on the affidavit of forgery paperwork ) and said that I had to go to the branch that allowed the check to be cashed. I advised that we dont know what branch it was and we are in another state and that is not a possibility. She said she couldnt help me and had to get me to customer service. She transferred me so a line that was not good, a person who didnt speak XXXX well, and said he couldnt help me because he couldnt hear me either. 
I need a way of communication with Wells Fargo. I need them to provide an update on the claim with the claim number they provided, which was XXXX. We complied with what they requested, were told that we had to contact them with the claim # and now they can not give us an update.",Money transfer or service
10228,"Disputing a Charge for Bad Service at CareCredit SYNCHRONY BANK. Charge of {$740.00} on the date of XX/XX/XXXX plus fees getting in a total of {$1200.00} on XX/XX/XXXX. 
I called many times. I disputed the charge and the service many times. 
I already complained at creditcare many times about what happened. But all I had to deal with were some inappropriate questions, for example, if I tried to return the service? What? That is even a question for who got a service and not a product? Who returns services? I had to ask many times if the attendant remembered we were talking about a dentist service and not about a product. 
The questions kept on this level, like, did you use the service? 
I had to use a lot of my patience with these questions. 
The person was completely ignoring how I was treated at the dentist, how I didn't like what happened, and how the office was anti ethic and unprofessional. 
I went to this dentist for a {$39.00} service ( now day {$59.00} ). 
These back and forth calls wasted so much time of my life. 
Today I did my last call. I was on call for 45 minutes and I still didn't get any solution. All they did was trying to make me uncomfortable, keeping me in long holds, and embaracing me calling me delinquent. I am so tired and frustrated.",Debt collection
10229,"I have been trying to get this fixed along with other issues with this company. One issue is they first said I was pass due on my Loan. This has been fixed they misapplied a payment. Now I am dealing with the Escrow Account for my Property taxes. The Yearly Tax is {$2700.00} paid in two payments of {$1300.00} during the year. They have Twice this amount in Escrow I want a refund of the overage. They say I have to wait until XXXX when they do their audit. Meanwhile they are still taking money out for the escrow. I should not have to wait for them they have over charged me already. I can not talk to them directly they only take correspondence and take 30 days to reply. Under your section 1024.17 this is not right. 

Can you Help me",Mortgage
10230,I applied for and opened a Care Credit Card account in XX/XX/2018. I never received the physical card. The card was received and used by an individual unknown to known to me. The individual presented a fake drivers license to complete the transaction. I have provided Synchrony/Care Credit with the appropriate documents for months but they refuse to investigate the claim to the fullest extent otherwise they would find that the transactions were fraudulent and could not have possibly been made by me.,Credit card
10231,"I signed up for service with XXXX XXXX. They asked for my social security number. I didn't want to provide it so I told them I was XXXX   and didn't have one.

Despite me not giving them my permission or my social security number they accessed my credit report.",Credit reporting
10232,"XXXX XXXX was supposed to have mailed to me another IBR form, but I have not received it. 
I knew not where to have begun ... e.g., when I was an XXXX, a university that I withdrew from officially and transferred from changed my financial aid information repeatedly, more or less daily, without my knowledge or consent, so that it received money instead of the university where I was actually enrolled ... The most recent major issue that I had was that the loan company tried to have consolidated bogus loans instead of the real ones ... 
I knew where this will have ended ... I XXXX  almost twenty years ago, but was expected to have been in debt another 30 years or more ... The loans will never have been repaid. Whoever loaned the money knew the risk ...",Consumer loan
10233,i emailed zwicker at there maligation email an to XXXX XXXX XXXX who is always rude to me in email. i let them know about the account being fraudent. i send the complicent i made over. they continue to want to take me to court for an account thats not mine because they wont talk to discover about dismissing a case for fraud seeings it not mine an seeing i can never work again an only get ssi an i will at some point need my XXXX XXXX im tired or aruging with them an discovery it needs to end this is XXXX  harrassment knowing i can XXXX XXXX without being in alot of pain but they still want to take me to court because they want money money money thay i dont owe an i only get ssi an they need to talk to discovery to send in the paper work to get this dismissed with the courts so i dont need to keep going each year! its so painful on my XXXX  an this company has sent over the same info before when i made a complant but they are very rude an could careless unless your paying them an even told me to pay using my ssi so it would be done an over with when the accounts not mine im so tired of this mess,Debt collection
10234,". According to the Fair Credit Reporting Act ( FCRA ), I am entitled to have only accurate and verifiable information reported on my credit file this company is inaccurately reporting information on my report.",Debt collection
10235,"Good afternoon, On my last statement dated XX/XX/2018, I was charged a late fee of {$20.00} because my last payment was received one day late - according to Citibank. Please note that my entire balance was only {$20.00}, which was paid in full. I paid this through my credit union bill payment service and the payment was supposed to be there on time. I don't know why Citibank did not receive the payment on the correct date. I asked Citibank for a refund and they refused. No wonder people hate big banks in America! 

XXXX XXXX",Credit card
10236,"I am filing a formal complaint against LoanCare , LLC for failing to properly credit a repayment plan payment, erroneously advancing my FHA mortgage into active foreclosure, and failing to coordinate with their foreclosure law firm, XXXX XXXX.I fell XXXX months behind on my mortgage due to a temporary financial hardship involving emergency XXXX XXXX expenses for my elderly mother. To resolve this delinquency, I entered into an official repayment plan agreement with LoanCare. I made my required payment in strict compliance with the agreement. My financial institution has officially certified that LoanCare received and cleared these funds on XXXX XXXXDespite this timely delivery, LoanCare has committed an administrative tracking error and claims they did not receive the payment. Because of their internal error, they broke our agreement, marked my account as severely delinquent, and referred my file to the XXXX XXXX XXXXXXXX XXXX to begin the foreclosure process. I have recently received a XXXX "" Notice to Occupant of Pending Acquisition '' letter from the law firm.I have already submitted a formal tracking request and bank documentation directly to the LoanCare Payment Research Department to locate the missing funds.",Mortgage
10237,"My student loan servicer is Edfinancial. On XX/XX/2023 or 335 Days ago I made a payment on one of my student loans, specifically, I paid {$1600.00} on loan 5 or Loan E. At this time Edfinancial transitioned from one website to another website platform. The payment I made on Loan 5 or Loan E never posted on the new platform. To this day it still shows I owe that payment in addition to the interest its accrued.

I have supplied screen shots of my bank statement where the money was removed from my account. I have also provided the confirmation number that Edfinancial gave me for the payment. This loan should have been paid off in full in 2023.

I received a 60 day delinquency notice for a loan that I already paid off in full. I am not paying a penny more than i owe on these loans.

Recently i found out that Edfinancial took that money and put it on Loan 4. I never consented for that money to be placed on Loan 4. I literally call Edfinancial on a monthly basis and ask for an update all they can tell me is "" be patient '' and "" it will only take a few weeks to fix this ''.

It has nearly been a full calendar year and this problem still has not been resolved, it has only gotten worse. With inaccurate accounting and payments going to random accounts, Edfinancial is a complete nightmare to deal with.",Consumer loan
10238,"Back in XXXX, I opened a Cd with BANK OF THE WEST,, so I had to open a checking account wich I put in XXXX dollars, but never told me it had to be XXXX To make a long storie short they would minus XXXX and put it back in my chk account, so I the end of XXXX my CD matures so, I transferred my cd to XXXX XXXX, and again had to open a ck account wich they told me I had to leave XXXX in there so, of course I did So BANK OF THE WEST had put some of my interest money in the checking account, wich overXXXX, so I was never informed by mail nor email that I had to had moneys,,,, so couple of weeks ago got a letter from BANK OF THE WEST to see if I was still around, so I send it back with my signature and dated it,, so out of my curiosity went online to ck it out so out over XXXX there was only XXXX left in there, that should of notify me that I needed XXXX in the ck account,, otherwise I would of closed if, who wants to give there money away I, m a Siniore citizen,,, I dont want or give me money away so I should of beened contacted right away,,, But I they send me notifications when they took all my interest money",Bank account or service
10239,Couple months ago I got a letter from this company so that I have a date for my medical bills. I told them do not contact me by mail phone calls etc. The hospital made a mistake and Im not paying what I owe. On XX/XX/2020 I get a letter in the mail again from this company I called them and told them a couple months ago they were told not to contact me by mail or phone. And they have they are violating my rights as aConsumer,Debt collection
10240,"I received a letter on XX/XX/year>. The letter threatens legal action if I do not contact them and start paying for thus debt by XX/XX/year>, the day before when I received the letter. I called them right away at XXXXXXXX XXXX XXXX XXXX. I requested information on the debt and told them I wish to contest it. The gentleman would not speak to me because I would not give him my date of birth. I offered the account number but still he refused. I told him I wanted to contest the debt, but he told be he wouldn't do anything for me because I would not give him my date of birth. I informed him that scare tactic are illegal and he told me I just needed to hang up if I wasn't going to give him what he wanted. I ended the call. The debt is from XXXX  XXXX  in the amount of {$1800.00}",Debt collection
10241,"I had been foreclosed on by Wells Fargo and I had paid PMI. I had to do a short sale on my home even though I was told by Wells Fargo that I could afford the mortgage, but could not get a modification through Wells Fargo. I believe it was because they could collect the PMI. I had lost my job and had to start a small business which provided income for me to afford the mortgage, and that business continues today. I spent {$9000.00} for attorneys to fight this and it was an impossible situation since Wells Fargo would not modify the mortgage.

How can I find out if I was part of the error that is labeled a "" computer glitch '' in the news about Wells Fargo?

Also, something for the CFPB to consider that PMI leads to more foreclosures since the mortgage company gets paid in full, they have no incentive to modify when they can get the insurance claim paid, rather than modify a loan.",Mortgage
10242,Sign up for a Citigold account for sign up bonus of XXXX XXXX XXXX XXXX miles if XXXX ( XXXX ) bill payments were completed. The account was opened XXXX/XXXX/15. Used bill payment on XXXX several times and in XXXX Several times. It was confirmed by a representative that all requirements for the promotions were met. They asked for the frequent flyer number so the miles could be awarded. I never received the miles. the account was closed as well ...,Bank account or service
10243,Shellpoint is saying I did not pay my XXXX HELOC in full. We submitted two payments. They did not apply it to the account correctly and now theyre reporting it to credit agencies that XXXX payment was late. Ive called at least 6 times. I called again today and they now said I owe almost {$600.00} for XXXX.,Mortgage
10244,"Im submitting a complaint to you today to inform you I was the victim of identity theft. I researched on how to remove the fraudulent accounts in my report and found that I need to visit FEDERAL TRADE COMMISION or https : //www.ftc.gov to file a report and Per FCRA section 605b Credit Reporting Agencies are required to remove/block any accounts listed on an id theft report. Please find the ATTACHED documents to assist in the blocking of the erroneous information which is being posted to my report. 
Here is the list of accounts/items which do not belong to me or were opened without my permission. 
XXXXXXXX XXXX XXXXXXXX Balance Owed : {$0.00} XXXX  XXXX XXXX Balance Owed : {$1500.00} XXXX XXXX XXXX Balance Owed : {$2000.00} XXXX XXXX XXXX Balance Owed : {$480.00} XXXX XXXX XXXX  XXXX Balance Owed : {$740.00} XXXX XXXX XXXX XXXX XXXX XXXX XXXX XXXX {$1300.00} XXXX XXXX XXXX XXXX Balance Owed : {$6600.00} XXXX XXXX XXXX Balance Owed : {$1200.00} According to FCRA Section 605B ( a ) the CREDIT REPORTING AGENCIES shall block any information in the file of a consumer that the consumer identifies as information that resulted from an alleged identity theft, not later than XXXX business days after the date of receipt.",Credit reporting
10245,"You might want read. Before filing this complaint, I also filed complaints with the Consumer Financial Protection Bureau ( CFPB ), Federal Trade Commission ( FTC ), Attorney General 's Office, and XXXX XXXX XXXX regarding this matter. Spring Oaks Capital continues to claim this account was verified and validated. However, the reporting is inconsistent and raises serious questions regarding accuracy. The same alleged debt is being reported with the same balance of {$2700.00} and account number ending in XXXX, yet it appears under multiple reporting descriptions. XXXX reports SPRINGOAKS as a collection account with a payment status of "" Late 120 Days. '' XXXX and XXXX report SPRINGOAKCAP ( XXXX XXXX : XXXX ) as a collection account with a payment status of "" Collection/Charge-Off. '' XXXX reports SPRINGOAKS and SPRINGOAKCAP separately even though both reflect the same account number, same balance, and same underlying debt. XXXX reports the account opened on XX/XX/year>. XXXX reports the account opened on XX/XX/year>. XXXX reports a different Date Last Active than XXXX. If this account was verified, explain how the same debt can be reported with conflicting account characteristics across the credit bureaus. I am also disputing that I never received an initial written notice for either reporting status. I never received an initial collection notice from Spring Oaks Capital, and I never received documentation explaining why the account is being reported as both a collection account and Collection/Charge-Off. If Spring Oaks Capital claims this debt was validated, I am requesting the records used to validate it, including the documents reviewed and the basis for reporting the account in multiple ways.",Debt collection
10246,"I had a credit card for a few years that had a {$75.00} annual fee. This year upon renewal, I called Bank of America to close the account to avoid paying the fee. The Customer Rep that took my call, told me that I can convert the card to a different B of A card in order to avoid paying the {$75.00} renewal fee. I agreed to change the card over and the fee never came off. I called again about one week ago as it has been about 4 weeks and the fee is still showing up on my account. The 2nd rep told me she filed an incident report or something and that my {$75.00} fee was approved to be refunded within 24 hours. It has now been about a week and the fee is still showing up on my account. I called again today XX/XX/XXXX and the supervisor XXXX ID # XXXX told me that the fee will not be refunded unless I close the account.",Credit card
10247,"I use TD Bank as my bank. About 3 weeks I noticed that there were 2 checks that I sent in the mail were clearly altered. I called up TD Bank and froze that account. I went into my local TD Bank branch and filed an affidavit of fraud. It took them nearly 3 weeks and only because of my complaining on social media that they responded. A representative from TD bank reached out trying to get a provisional credit. However, the local branch rejected this provisional credit without explanation. It is getting extremely frustrating and difficult to deal with TD Bank. My local branch is completely unresponsive. Meanwhile, a huge sum of money is missing from my bank and I have to pay bills. TD Bank was extremely negligent in allowing these checks to go through when they were clearly altered and they should take responsibility for their actions. They should have contacted me to ensure that these checks were legitimate before taking out such a huge sum of money from my bank account. Therefore, I would like my money back as soon as possible.",Bank account or service
10248,"On XX/XX/XXXX I went to Truist Bank XXXX XXXX XXXX ( XXXX ) XXXX Closed by bank checking account # XXXX XXXX, because I was charged an over draft charge of {$30.00}. 
Went in bank closed account and took my {$15000.00}. 
XXXX told me the account was closed. 
On XX/XX/XXXX Truist bank mail a check {$90.00} to an old gardener we used. 
started receiving notices after XXXX XXXX to call bank my account was over drawing. 
went to bank told them account was closed on XX/XX/XXXX, teller said she would fix the problem. 
on XX/XX/XXXX Truist mail another {$90.00} check to the gardener, which hasn't been our gardener for months. 
Got more notices from Truist bank about over drafts and fee 's went to Truist bank was told they will fix it again. 
Got more notices to call the bank customer service, was told they would retrieve the money from the gardener account since he banked with Truist bank also. 
XXXX XX/XX/XXXX Truist bank mailed another $ XXXX to the gardener account. 
This XXXX  months in a row a {$90.00} check was mailed from account that has been closed for over XXXX  months. 
all this time charging me fee 's for over drafts on a closed account. 
No in XXXX started receiving letters from collection agency. 
went to XXXX XXXX the teller said I must all the monies even if XXXX made the mistake. 
I would Truist to clean all this mess the teller made.",Bank account or service
10249,"XXXX XXXX is reporting a charged-off debt on my XXXX  credit report originating from Integra Credit . However, Integra Credit shows the account as closed and reporting a {$0.00} balance, while XXXX continues to report a balance of {$3100.00}. XXXX never provided documentation establishing chain-of-title from Integra, nor any validation of the alleged balance, interest, fees, or credits. 

XXXX subsequently assigned or sold the account to XXXX XXXX XXXX, who began collection attempts. XXXX also could not provide validation or explain how XXXX can report a $ XXXXclosed status while still attempting to collect the debt through a third party. 

The reporting and collection activity conflict with each other and with the original creditors data. If the debt was sold, XXXX should not be reporting a balance. If the debt was paid/charged-off to {$0.00} by Integra, XXXX and XXXX should not be collecting. XXXX has not demonstrated legal ownership or authority to collect under the FDCPA, nor furnished accurate information under the FCRA. 

Because the balance, ownership, and status of the account are unclear, and no validation was provided, I dispute both the accuracy and the legitimacy of the debt and the reporting. I am requesting full validation and documentation or deletion of the tradeline and cessation of further collection efforts. 

Additionally, I believe this may constitute re-aging and/or improper data furnishing, as the dates reported by XXXX do not match Integra, and the balance and status reported are inconsistent across entities.",Debt collection
10250,"On XXXX XXXX, 2015, QUALITY LOAN SERVICE CORPORATION informed CFPB that "" althought the Trustee Sale is set for XXXX XXXX, 2015, their file is on a HOLD per servicer 's request for loss mitigation. '' ( Please see attached Quality Loan 's response on CFPB Portal. ) However, one week thru TODAY, XXXX XXXX, 2015, QUALITY 's website, and that of XXXX via telephone number indicated on Notice of Postponement ( Quality 's Sales Agent ) - still reflect the XXXX XXXX, 2015 Sale Date. ( attached today 's XXXX Sale Status from Quality 's website ). 

Is this subject to consumer protection laws? 

Thank you CFPB for your urgent help.",Mortgage
10251,My prior complaint # XXXX has yielded no results even though billions of homeowners continue ( like myself ) to be victimized by Bank of America. I am requesting information as to who is the legal owner of my mortgage? Also what securitization of trust information is connected to this loan. Complaint # XXXX. Neither I nor my attorney XXXX was offered a loan modification even when we requested one. Also the reason for denying my loan modification request.,Mortgage
10252,Please take a look at the attached letters and ID docs for verification that it is I XXXX XXXX Martino filing this complaint. The stuff on my credit report is wrong and Under 15 U.S. Code 1681b Permissible purposes of consumer reports I never gave any written consent to report anything on my consumer reports no consent is fraud.,Credit reporting
10253,"I sent out identity theft letters to these companies in regard to1 8 U.S.C. 1028A. They have knowingly transferred, possessed, or used, without lawful authority, a means of identification of me, which is a felony punishable with up to 2 years of imprisonment, in addition to civil liability. I am willing to settle their civil liability damages I have suffered as a result of their violation for {$1000.00} pursuant to FCRA 616 ( a ) ( 1 ) ( B ) [ 15 U.S.C. 1681n ]. XXXX XXXX XX/XX/XXXX, XXXX XXXX XXXX XXXXXX/XX/XXXX, Thrift Investment Corp XX/XX/XXXX, XXXX, XXXX XXXX XXXXXXXX XXXX XXXX XXXX XXXX XXXX XXXX XXXX",Credit reporting
10254,"I deposited a check written to me by my fianc four months ago. The funds left his account in my account was locked. I have not been able to receive these fun summing up to {$6000.00}. when I go in the branch, they say theres nothing they can do and to call XXXX. When I call, they tell me I need to go to a branch and its just a never ending cycle of people telling me theres nothing they can do. My money has been locked for XXXX months. All my credit cards are maxed out and this is my rightful money. Regions refuses to give me more information or even submit a ticket request and tells me to wait with no details of what I am waiting for.",Bank account or service
10255,"To : Whom It May concern : I am writing to dispute a fraudulent charge on my account in the amount of {$4500.00}, {$8100.00}. 
I am a victim of Identity theft, and I did not make or authorize this charge. I am requesting that the charge be removed, that any finance other charges related to the fraudulent amount be credited, as well and that I receive an accurate statement. This request is made pursuant to the Fair Credit Billing Acts amendments to the Truth in Lending Act, 15 U.S.C. 1666-1666b, 12 C.F.R 226.13. See Also 12 C.F.R 226.12 ( b ) -- OPEN ACCOUNT -- 1. XXXX CARD with ACCT # XXXX opened on XX/XX/2016 with a credit limit of {$4500.00} -This is not my account. 


-- CLOSED ACCOUNT -- 2. XXXX XXXX  with ACCT # XXXX opened on XXXX XXXX, 2016 with a credit limit of {$8100.00} -This is not my account.",Credit reporting
10256,"I received a call from DynaGen Lending claiming to be an affiliate of XXXX XXXX because that is who my loan is currently through. They are illegally saying they are affiliated with people 's lenders to gain trust when establishing a cold call. All while intentionally ignoring the DoNotCall list. This is a dirty unethical company and they need to lose their XXXX accredidation. They call from fake phone numbers in local area codes to try to get an answer and get around call blockers. When I informed the caller that he was violating the DoNotCall list he simply said, "" well, I was able to call you. '' and laughed.",Mortgage
10257,"I opened a Robinhood account. Deposited XXXX and I was able to take it out. And then I deposited {$1000.00} the next page and my account got restricted immediately for no reason.. I tried to reach out to this people, I called them submitted everything they needed, all for them to do nothing taking me back to calling them again and submitting my details .. this has been goin on for a month now",Money transfer or service
10258,"On XX/XX/year>, PayPal withdrew {$250.00} from my PayPal balance as a Correction PayPal loss recovery without my consent. 

Earlier, on XX/XX/year>, I tried to transfer this amount to my bank account, but the transfer was reversed and the funds were returned to my PayPal balance. 

Later, PayPal claimed that my account had suspicious or fraudulent activity, so they blocked my account and froze my funds. However, I did not do anything fraudulent and never received clear evidence of any violation. 

XXXX months later, they suddenly deducted this money permanently without giving me any valid explanation or documents. 

I have contacted PayPal multiple times asking for details and proof, but they refuse to provide any and say I can not recover my money. 

I believe this deduction is unfair, unauthorized, and not supported by any real reason. I am requesting that PayPal provide clear evidence and a full explanation or return the funds to my account",Money transfer or service
10259,"since XX/XX/2018, marinerfinance has put a lot of late Payment on my account. This was an auto payment from my own bank and for some reason the payment did not go through. i discussed with marinerfinance on this manner since this was my first time making a late payment but no luck. I suggest a plan forgiveness where i will pay {$200.00} upfront but they never reply back to me. They never remove the late payment that was associated with the same issue. i see now it just popped up on the two others bureaus and this has really and greatly lowered my score.",Consumer loan
10260,"The Consumer Reporting Agencies AND XXXX XXXX have defamed my character and have infringed upon my consumer right to privacy. I have NEVER NOT ONCE given any verbal nor written consent to share my PERSONAL INFORMATION, including BANKRUPTCY to any 3rd parties. I called the bankruptcy court and they have plainly sent a letter back to me stating "" They DO NOT REPORT, VERIFY, OR FURNISH INFORMATION TO CREDIT BUREAUS OR ANY PARTY. "". Now the question would be how did they get my information IF I didn't give them written consent AND the bankruptcy court do not report, verify or furnish information to any party. This have caused stress and harm to my name and have cause many denials in trying to support myself and my family. According to law this is illegal. They are going out fishing for consumers PRIVATE information and hardship, then selling it to make a profit to anyone they chose. I have sent in letters and have called them and it is still not removed. 

I sent letters certified to XXXX, Transunion and XXXX XX/XX/2022 asking them to delete this and show me proof that they have the permission to furnish this information. They replied back to me and sent me reports that said VERIFIED AS ACCURATE. NO PROOF was sent to me. I resent a Certified letter XX/XX/2022 XXXX XXXX, Transunion and XXXX. I called XXXX XXXX XX/XX/2022 and spoke with XXXX and XXXX. I asked who gave them permission to share my information? They couldn't answer. I kept asking and the she said they don't need permission to share my information to 3rd party people. She said if someone ask then they can give out my information. I have proof stating this information. 


XXXX, Transunion, and XXXX have been reporting inaccurate information. I have went through all three reports and sent in certified letters challenging it and they came back as verified accurate but that's not possible and they have different information on each report so its all a lie. I NEED THEM TO DELETE IMMEDIATELY.",Credit reporting
10261,"PREV COMPLAINT XXXX XXXX ALLEGED LATE PAYMENTS XXXX says ask XXXX/XXXX   to correct, XXXX says not their problem ask XXXX. XXXX SAYS they are out of business go to XXXX. 
No one will accept responsibility yet I have proof payments cleared my account on a timely basis, see attached XXXX/XXXX  bank statement. 
This inaction has damaged my credit reputation & the ability to secure a new conventional/FHA mortgage.",Credit reporting
10262,"On XX/XX/year> I went online to Synchrony Bank 's website ( they manage my XXXX account ) to get my payoff balance. The website reflected a balance of {$930.00}. I paid that amount and Synchrony verified they received the payment on XX/XX/XXXX. I just received a statement from them showing a residual balance of {$2.00}. I called, and a rather curt supervisor named XXXX indicated that the {$2.00} was due that he was not about to waive the interest fee. I tried to reason with him but he was not going to comply. I asked for his supervisor and XXXX indicated it would do no good as I would get the same answer from them. I believe the residual interest charge, since I paid the balance, should be waived.",Credit card
10263,XXXX XXXX XXXX account # XXXX is illegally violating 1666b by furnishing late payments on consumer open end credit accounts on my XXXX and EXPERIAN Consumer Files. Also transactions and experiences are excluded from Consumer Files.,Credit reporting
10264,"I never received a dunning letter from ERC. The only notification was when ERC reported the collection on my credit report and I received the alert via the credit monitoring program I am enrolled in.     I sent a certified debt validation letter  XXXX . ( attached ) ERC reponded  XXXX , almost  one month and 15 days later and did not validate the debt accord ingly . ( Letter  attached )",Debt collection
10265,"I purchased a Vanilla Visa Gift card in XXXX with {$400.00} of funds on it from a XXXX XXXX grocery store, which was then mailed via USPS to a recipient as a gift. The recipient never received the parcel via mail, and on XX/XX/XXXX, I immediately reported the gift card as missing to Vanilla Visa Gift Card customer services. Per their automated message, website and FAQs, if a gift card is lost or stolen they will void the lost card in order to preserve the funds and provide a replacement to ensure the funds are not stolen. I've had about 7 phone calls with the team, where I've sent my receipts, license and proof of address to the client services email ( and received confirmation of receipt of email ) at least 5 times, however, each time I call Vanilla Visa, their team claims that they haven't received the documents, can not access the email that I send the docs too ( as it is managed by a middle office team that they claim to not have contact with ) and keep closing my case. I was also told that the case would be resolved in no more than 30 days, and it is now over a month since I reported my card missing and the team has not addressed my case, nor have they followed up with me once to provide a status update.",Money transfer or service
10266,"I am XXXX XXXX XXXX being affected by shutdown.I received a paycheck and unable to buy Groceries or pay mortgage because of the Shutdown. I am already dealing with stress because XXXX XXXX shutdown dont know when Im going to get paid.Security Service credit union when I keep telling them stop calling because dealing with stress.I asked for Hardship because Shutdown and Manager stated she is going to keep calling me.I made a partial payment on XX/XX/year> with my last {$100.00}. 
I am asking for Security Service Credit Union to grant Hardship because shutdown might last until XXXX.I am super stressed out and they are making stress worse.I dont even have money to drive to work.We are force to work for free until shutdown is over.",Consumer loan
10267,Im a Zelle customer they told me reporting this was a waste of time Ive been making disputes for years now Zelle has never done anything about it they told me it was impossible to track the fund the CFPBs funding indicates that Zelle not only neglected to protect consumers but also allowed repeated offenders to exploit the system leaving users vulnerable to scams,Money transfer or service
10268,"Account # XXXX My mortgage servicer, ShellPoint Mortgage Servicing, has charged me over {$30000.00} in erroneous escrow fees despite being fully aware that the property taxes were already paid. 

In late XXXX, I paid my {$72000.00} property tax bill directly to the county. ShellPoint, without need, also paid the bill and was refunded by the county in XX/XX/XXXX. Instead of closing the escrow account, ShellPoint has continued to charge me monthly escrow payments of over {$4000.00}, totaling more than {$30000.00} so far. 

I have made over 50 calls to ShellPoint since XXXX, provided all requested documentation, and was repeatedly promised escalation or resolution - none of which occurred. One representative even said, you need a lawyer. This appears to be a clear case of negligent servicing and potential violation of RESPA rules related to error correction and consumer protection. 

What I want : Immediate closure of the escrow account Full refund of the erroneous charges Written confirmation of the correction Oversight by CFPB to ensure ShellPoint complies with applicable mortgage servicing laws As well as a compensation for my lost time dealing with this issue. 

Thank you.",Mortgage
10269,"The company, XXXX XXXX, has maliciously and illegally reported frivolous data to my credit report causing my Credit score to drop each day. They keep posting similar data maliciously and intentionally and have provide 9 days on two weeks, attached, for proof! Make them stop! 

They have spammed my file over 20 times in one month.",Credit reporting
10270,"Oh, on XX/XX/2023 I was reviewing my bank statement for my Chime checking account and noticed that there was a duplicate transfer to cash app made at XXXX XXXX on XXXX. I filed a dispute with Chime for the {$200.00} duplicate transaction. Chime denied the claim by the next morning then refused to tell me why for 10 days when they finally didnt tell me why none of the reasons for my dispute were correct they didnt investigate anything they are not handling disputes correctly they say I could file or a bottle, so I filed a rebuttal. They denied that without even giving me time to submit any additional",Bank account or service
10271,I had purchased this card almost a week ago I have been on hold out of all this time Ive called 10 hours total. there website does not function correctly so I cant use that. And my emails have done nothing they are basically holding my money hostage. Its a my vanilla card So I have been unable to set it up do to there flawed system,Credit card
10272,"I 'm a seller on XXXX. I have sold a few products with no problems. Today I sold a cell phone for XXXX dollars XXXX dollars shipping. After getting the product ready to ship I went to pay pal to confirm payment. I see that pay pal is withholding funds for no reason at all. Now I do not have access to funds in order to ship the product out. I see no reason to withhold funds after I have already made successful sales previously other than Paypal wants to keep my money for as long as possible. This amounts to theft, they have given me no reason to withhold money on this transaction other than there could be a potential problem. I have given them no reason to suspect there will be a problem. This practice needs to stop.",Money transfer or service
10273,I'm paying my loan every month. The interest is prime minus .40. Sometimes when I pay twice in one month everything goes to interest. The particular payments I'm referring to are XX/XX/XXXX and XX/XX/XXXX. I paid principal and interest on XX/XX/XXXX then when I paid 2 payments of {$600.00} on XX/XX/XXXX and XX/XX/XXXX all of it went to interest. They said the next billing cycle was due. I thought I was paying accrued interest. All {$1200.00} went to interest. They've done this in the past too. At this rate I'll never get it paid off. Is this right?,Mortgage
10274,"This is in relation to a confirmed ( by Wells Fargo ) computer bug that is on Wells Fargo 's network that is in relation to their "" early payday feature ''. 

On XX/XX/XXXX, I received an email from Wells Fargo confirming my "" early pay day '' was in my checking account. This email also advised that these funds are available and I could start paying bills. I checked my account directly on XX/XX/XXXX and saw the "" funds available '' in my checking and paid a few credit cards. 

On XX/XX/XXXX, I received another email from Wells Fargo advising that "" over draft protection '' had been applied from my credit card to my checking. I looked in my accounts and saw that I no longer had my "" early pay day '' funds available. Later that same day, my paycheck posted normally to my account. 

From XXXX XXXX, I have called Wells Fargo 7 times and multiple times, multiple supervisors on their end have confirmed that this overdraft transfer should NOT have happened and it was caused by a "" glitch '' related to their early pay day feature. On Monday the XXXX, Tuesday the XXXX, and Thursday the XXXX, I spoke with 3 different representatives who all advised that they see the pending overdraft reversal and that I should also see it corrected on my side within that same day ( told this on three separate days ). I have not seen this corrected when I log into my accounts. I called today ( XX/XX/XXXX ) and they can not confirm a date of final resolution. Additionally, problems with the "" early pay day '' feature has been an ongoing known issue for Wells Fargo since before XX/XX/XXXX and wells Fargo has taken NO action to proactively warn or communicate with clients about it, and wells Fargo has taken no action to roll back this buggy feature.",Credit card
10275,"I have {$20000.00} in my account at Gemini. I have been unable to sign in to my account since XX/XX/21 ( see below ) Despite numerous emails asking for help I have not had a response, other than such as below. I wanted to move my money, and since I can't get into my account, it is unavailable to me, a breach in our contract, I feel. 
This company can not be accessed via telephone. It is playing games with my money and deserves sanctions. 
XXXX XXXX Gemini Mon, XX/XX/XXXX, XXXX XXXX  ( 8 days ago ) to me # # - Please type your reply above this line - # # Our team of experts are diligently working to respond to all requests, due to higher than normal ticket volumes, responses are taking longer than usual. 

In the meantime, our help center is a great resource to find the answers to most questions about Gemini! https : //support.gemini.com/. If you were able to find a solution to your issue we would greatly appreciate it if you let us know by responding to this email. 

We are committed to providing exceptional customer service and appreciate your patience. 

Onward & Upward! 
Gemini Customer Support [ XXXX ]",Money transfer or service
10276,"I recently contacted XXXX XXXX, to replace the floors in my Home. I was approved for a Loan with Wells Fargo and was told my monthly payments would be {$360.00}. The agreement was to pay on the XXXX of each Month. I signed everything and have not missed a single payment. I recently noticed a {$40.00} late fee for making a payment on the XXXX instead of the XXXX. I was honest and mentioned to the Wells Fargo Representative that I'm currently undergoing XXXX XXXX  and I requested to change my due date. Wells Fargo declined to change the due date until I pay them the {$40.00} late fee. I told them that I was not able to do so. Wells Fargo started calling to collect the "" Past Due '' amount. I told Wells Fargo at that time that I had already made a payment. The Representative told me that she was calling to collect the payment for the following Month. I asked if it was ethical to collect a payment that was not due yet. She pressed on to collect the payment which was not due yet. I politely asked Wells Fargo to cease and desist any form of communication with me. Wells Fargo has since violated my request and they continue to call to collect a bill I have already paid. Prime example ; I was due on XX/XX/XXXX. I paid {$370.00} on XX/XX/year>. On XX/XX/XXXX, Wells Fargo contacted me to collect a Payment I have already paid.Why? I think Wells Fargo is disregarding my request and is engaging in intimidating and harassing me on purpose. I signed a contract to payoff the loan in 4 years. I'm 6 months into my 48 months. I need the bullying to stop once and for all.",Credit card
10277,"I.C. Systems just reported 4 negative accounts to my credit report. 3 are supposedly medical debt and 1 is a debt that I know nothing about. Supposedly the debt is from XXXX with XXXX XXXX XXXX. I didnt have XXXX XXXX XXXXXXXX and they cant provide me with anything other then I owe it. They are also reporting to the credit bureaus that this XXXX XXXX XXXX  account was opened XX/XX/XXXX, but they are telling me its from XXXX. When I asked them to explain more about this XXXX debt they said all they can say is its {$800.00} for some sort of equipment. I disputed all Of this with XXXX and they didnt change it. The 3 medical accounts shouldnt be on there either.",Debt collection
10278,"PURSUANT TO THE FAIR CREDIT REPORTING ACT : XXXX U.S.C. XXXX American Express promised me a XXXX XXXX XXXXnterest rate upon sign up for the blue cash everyday card. It was advertised, and on the application I filled out. 

However, I was charged interest from the start. 

There is no record whatsoever that states my interest rate will not be XXXX, at the introductory rate. 

I demand that XXXX interest charged in the amount of XXXX be removed immediately. 

I will not give up.",Credit card
10279,"Issues with XXXX, when submitting funds I was never notified via the XXXX if I was sending funds to the correct person and fund were automatically sent without verification. I lost funds and was not able to get a refund due to unlawful practices. Can you please investigate? Requesting to be reimburse for the funds lost",Money transfer or service
10280,Discussed with Wells Fargo over 10 years ago after I had closed my account inquiring if any action or additional charges were pending on account. Wells Fargo stated my account was closed and clear without any delinquencies. I received a callXXXX from a process server stating I would be served papers. They stated my account was sent to their federal financial team due to a possible overdraft and will be suing me.,Bank account or service
10281,"I recently had a consumer support notice that I had not paid a bill. In researching my credit report on XXXX XXXX I found a closed account through SYNCB/PPC under the name of XXXX XXXX for approx {$810.00}, in contacting this creditor I was told that this account was associated with my social and my address but this is not my name. They stated that the account had been opened with Paypal and that they would send me a statement that I have recently received. the statement clearly shows the account was opened under XXXXXXXX XXXX  and I have never used this name, my only names ever used are XXXX XXXX ( Maiden Name ) and XXXX XXXX ( Married name ) which can easily be seen on my credit history. 

This account was open for only 3 months and then closed in XXXX and has never had a payment made on it. I let this credit company know that this was not my account and they stated that everything but the name matched so they would not assist me. 

I have since opened several disputes with XXXX and XXXX in which they updated incorrect information such as an address associated with me in XXXX Arizona that is not an address or a state I have ever lived. They refuse to remove this account from my credit history and claim that it is mine but it is not my account. I have had a strong credit history for years now and this is damaging it and I do not want to pay money for an account that is fraudulent and was never applied by me. The fact that the last name is a name I have never used should be a telling sign that this is not my account along with the fact that I have not been late on any payments with any CC companies for years now even through the COVID shut down. 

I have since put a year-long credit fraud alert on my account but I am not sure how to remove this fraudulent charge but I do not feel that it is right that I should be hit with the damage from someone committing fraud against PayPal when they approved a card that does not match both my first and last name.",Credit reporting
10282,"Dear MIDLAND CREDIT MANAGEMENT, I am writing in response to a notice I received from your agency dated XX/XX/year>, concerning the alleged debt listed for the amount of {$810.00}. Under the rights granted to me by the Fair Debt Collection Practices Act ( FDCPA ) and any relevant state laws, I am requesting validation and verification of the debt, as well as the following specific documents : Proof of the Debt : Please provide me with the original creditor 's name, the amount of the original debt, and the full payment history, documenting the amount you claim I owe. 
Authorization to Collect : Confirm that your agency is licensed to collect debts in my state of residence and provide me with your license numbers and Registered Agent. 
Chain of Assignment : I request that you provide me with the documentation evidencing the chain of assignment from the original creditor to your agency, proving the legality of your right to collect this debt from me. 
Copy of the Original Contract : Please provide a copy of any original signed agreement or contract pertaining to this debt, if applicable. 
Please cease all collection activities until the requested information has been provided and validated. If you fail to provide the validations and documentation as requested, I expect you to cease collection attempts and remove this account from my credit report. 
Thank you for your cooperation. I look forward to your prompt response. 
Sincerely, XXXX XXXX XXXX",Debt collection
10283,"On XX/XX/year> I made 3 charges along with others in order to book a flight from XXXX XXXX to XXXX XXXX- with a stop in XXXX. After XX/XX/year> I disputed 3 charges in the amount of {$630.00} each one for a total amount of {$1800.00} for XXXX purchases. My father became sick with XXXX and was hospitalized for a few days in the emergency and admitted to the hospital. He then was released from the hospital and admitted back to the hospital for over a week with extreme XXXX. Therefore my father, mother and myself were unable to board the plane because he was hospitalized. XXXX submitted the no show tickets to Citi and Citi closed/resolved the matter without taking into account or requesting the Hospital records stating that my father had an emergency and it was the reason we were not able to get on the flights. After XX/XX/year> Citi said the matter was resolved and closed my dispute, without requesting additional information or evidence from me.",Credit card
10284,"We are in the closing process of the loan from Quicken Loans. Quicken Loans told me to pay my {$14000.00} car loan, my {$3000.00} Credit Card, and {$800.00} Credit Card. I am now debt free. Today they called and said my loan was being denied ( 5 days before we were set to close ) due to inconsistencies in signatures. They said our signatures did n't match and that they "" appeared '' to be electronic signatures.",Mortgage
10285,"I was approached on XXXX by a name claiming he was romantically interested in me and also wanted to teach me how to trade cryptocurrency. He was very persistent, forceful and manipulative. He pushed me to wire transfer large portions of my savings to coinbase where he then instructed me to send those funds to an address where I could then use my investment to trade on a fake version of XXXX called XXXX. He even showed me how I could transfer my funds back to coinbase to assure me that the process was safe and legitimate. I have screenshots of many of these and his XXXX is still in use. The handle is @ XXXX",Money transfer or service
10286,"Company : Shellpoint Mortgage Servicing Issue : Mortgage servicing / Loss mitigation / Successor in Interest Complaint Narrative : Shellpoint Mortgage Servicing approved a Partial Claim on XX/XX/year>, stating in writing that no action was required on my part and that documents would be sent within 30 days. The Partial Claim was never applied, and no documentation was sent. 

I am the successor in interest and beneficiary following the death of the borrower, my mother. Despite my legal status, Shellpoint failed to implement the approved loss-mitigation option and failed to properly service the loan. 

This failure constitutes a violation of RESPA and Regulation X, including failure to implement an approved loss-mitigation option and failure to properly recognize a successor in interest. 

I am requesting immediate correction of the loan, application of the approved Partial Claim, recognition as successor in interest, and written confirmation of resolution.",Mortgage
10287,"Since XX/XX/XXXX, someone has left an open balance in an apartment in another city where I have never lived. I found out a year after that, and since then, I have been trying to take this off my credit because it is already identity theft. I filed a police report on XX/XX/XXXX. I have disputed multiple times with Equifax right after I found out, and have been unsuccessful because they find the information correct. This has been long enough, and I even filed a CFPB report in XXXX and still haven't heard anything. It is my law that this be handled because this is not me. I have even filled out an FTC identity theft report.",Debt collection
10288,"This was one of my first vehicle so i wasnt as knowledge about how bad the loan is. They trapped me with a used XXXX  XXXX XXXX XXXX with XXXX mile roughly XXXX  monthy payments at a 24.98 % apr. When i first got the car i had XXXX credit roughly, good job, no car history ( even tho that dont matter ), and a co borrower with just about the same info as me which is XXXX credit, good job, no bad history/ car history. this was roughly a year ago we both was XXXX young and ill informed. they made it seem like since we had no car history this is the only loaner that will take us ect. I didnt say nothing yet because im just now learning how bad the loan is now that im trying refinance the car. No refinancer wouldnt understandable help me without a huge down payment like XXXX because of how much negative equity is in the car.",Consumer loan
10289,"i applied for a deed in lieu in XXXX XXXX it was approved and I wasasked, in XX/XX/XXXX, to vacate the property and execute the finaldocs, which I did. In XX/XX/XXXX the mortgage company sent me XXXX. Later, in XXXX, I was told there was an error in theprocess and final approval had n't been received, so the deed in lieu wasstill pending. I received the new approval in XXXX. Later, in XXXX, I received a letter stating due to title issues my application hasbeen cancelled. The mortgage company knows that the property titleis clear because I have provided all request title documentation. 
They also know that the property is now in terrible conditionsince it has been vacant for approx.. 1 year. It is my position thatthe mortgage company did not want to the property back becauseof the challenges it presents in selling, hence it reneged on its offerof a deed in lieu. In XXXX the mortgage company beganforeclosure proceedings.",Mortgage
10290,"I did not have the money to pay my XXXX and XX/XX/year> rent, therefore, I vacated the premises. I did not have a lease agreement and was paying month to month. The monthly rent was {$1200.00}. The late fees were approximately {$150.00} per month. Therefore, the amount owed is {$2700.00}, however, XXXX XXXX XXXX is attempting to collect approximately {$6000.00} via National Credit Systems Inc. I was XXXX  at the time and was unable to work due to medical reasons. I vacated premises XX/XX/year>.",Debt collection
10291,JEFFCAPSYS is falsely reporting on my credit. I have never had any accounts with them. Per my research JEFFCAPSYS is a debt collector. They are falsely reporting on my credit!! Account number is XXXX is falsely reporting to my credit file and is against my rights and fair credit act. Under U.S Code 1618d - Disclosure of investigation consumer report ; you are in violation,Debt collection
10292,"Re : Formal Dispute of Inaccurate and Unverifiable Credit Reporting XXXX XXXX XXXX XXXX XXXX XXXXXXXX XXXX Account No. : # XXXX I am writing to formally dispute the accuracy and completeness of the above-referenced account reported by XXXX XXXX XXXX . This account is being reported as a collection with a balance of {$1600.00}, allegedly owed to XXXX XXXX XXXX. After a thorough review of my credit report, I have identified multiple violations of the Fair Credit Reporting Act ( FCRA ) that require immediate correction or deletion of this account.

Basis of Dispute & Legal Violations 1.Incomplete and Inaccurate Reporting The account reflects Terms : 1 Month but provides no loan agreement or repayment schedule, making the reporting incomplete and misleading.

The payment history displays Invalid Date entries and multiple contradictory updates, violating 15 U.S.C. 1681e ( b ), which requires maximum accuracy in consumer reporting.

2. Re-aged Reporting Concerns The Date Opened is listed as XX/XX/year>, which appears inconsistent with the original creditors charge-off timeline. Any attempt to re-age a debt to extend its reporting period beyond the 7-year FCRA limit is unlawful under 15 U.S.C. 1681c ( a ).

Required Action In light of these clear violations, I am demanding the permanent deletion of this XXXX XXXX XXXX account from my Experian credit file.

If Experian can not provide accurate reporting datathis account must be removed immediately under FCRA 1681i ( a ) ( 5 ) ( A ).

Failure to comply will leave me no choice but to pursue all available legal remedies, including filing complaints with the Consumer Financial Protection Bureau ( CFPB ), the Federal Trade Commission ( FTC ), and my State Attorney Generals office for willful noncompliance with federal law.

Conclusion Please complete your reinvestigation within the 30-day period allowed by law and provide me with written confirmation of the deletion",Debt collection
10293,"This account was closed with a XXXX balance. The credit card company just keeps charging late fee 's and missed payment fee 's to create this balance! I went into the branch and talked to the same person who opened the account, he said it's nothing that can be done at his level.",Credit card
10294,"Sadly, Marcus by Goldman Sachs is being dishonest. 
They are illegally holding my deposits longer than the agreed-upon timeframe. 

I deposited {$1000.00} on XX/XX/XXXX. Six days later, on XX/XX/XXXX, it became available. 

I spent HOURS on the phone/chatting with Marcus, trying to transfer approximately {$450.00} to pay for my airplane ticket to my Uncle 's funeral on XX/XX/XXXX. My experience was devastating, but the agents gaslighted me, insisting there was nothing they could do! 

I deposited {$1000.00} on XX/XX/XXXX, but the funds were not available until XX/XX/XXXX, six days later. I confronted the company about their illegal procedures on the chat, and the manager said I had to call in to resolve the matter. They were closed. 

Finally, in my previous complaint to the CFPB, Marcus by Goldman SAID THE AGREEMENT IS FIVE DAYS! 

They said they did nothing wrong and closed the case, THEN TRIED TO CREDIT ME {$75.00} AS A COURTESY.",Bank account or service
10295,"I currently have an account with Regions XXXXEnerbank at XXXX XXXX XXXX XXXX, XXXX XXXX XXXX XXXX XXXX XXXX XXXX XXXX  XXXX XXXX. In XX/XX/XXXX I did not receive my XXXX statement, then in XXXX when I received my statement it stated : statement date XX/XX/XXXX, and payment due date XX/XX/XXXX, making the payment due date before the statement date, this has been the issues since XXXX of XXXX. Before the problem occurred, I only had one late payment from XXXX, XXXX to XX/XX/XXXX. I had several conversations with Enerbank employees concerning the issue with no resolution. In XXXX I filed a complaint with The XXXX  case # XXXX and in XX/XX/XXXX my statements were corrected to Statement date XX/XX/XXXX, and Payment Due date XX/XX/XXXX. Then again in XXXX my statements were incorrect with the statement date being XXXX, XXXX and payment due date XX/XX/XXXX. Since the change in the statement date and payment due date I have incurred multiple late fees. According to their contract if my payment is due XX/XX/XXXX I have a ten-day grace period, I should not be charge any late fees until XX/XX/XXXX, however if my payment due date is XX/XX/XXXX my payment is due XX/XX/XXXX and adding the grace period my payment would be XX/XX/XXXX shorting me of 10 days for my payment to be on time which might contribute to the late fees added to my account",Consumer loan
10296,I was a client of the XXXX XXXX group and The XXXX XXXX XXXX in Massachusetts. They handled my debt settlement for me from XXXX. I finished the program and am now being sued for XXXX of the credit cards they supposedly settled for me. I have a copy of what the original credit card company sent me to settle while working with this agency. XXXX had a cease and desist in the state of XXXX and is no longer in business. I can not contact them to get answers since they are not in business anymore. They were working in Connecticut without a license. They did make XXXX payments to the XXXX party debt collector that has now filed a lawsuit against me for the difference of the full amount. I want to know if I have any recourse since this XXXX company had no license and did deceptive things.,Debt collection
10297,"They reported charges back in XX/XX/2021, but they didn't remove them. I inquired again and asked why but not they are telling me I've passed the terms of reporting fraud so they are making the changes permanent. They have removed charges older than 6 months in the past with no problem and now refuse to take them off. Case XXXX XXXX",Credit card
10298,"Credit company Synchrony decreased my credit limit purely based on my credit score factor, not from the standing point of my credit with the bank or the usage. This not only hurt my credit score directly, but also forced other banks to limit my available credit because Synchrony decided to lower my credit limit from XXXX USD to XXXX USD. This also makes this account impossible to use.",Credit card
10299,Hi I am submitting this XXXX XXXX this isn't any influence and this is not a third party. XXXX has low and unfair credit number for me in their report. I have complained. The problem has not been resolved. my fico has me at a credit score over 719XXXX has me at a score around XXXX. That is a huge difference. XXXX paints me as a XXXX. my fico say I have good credit. What the heck is going on here. i have almost no debt and my identity was stolen causing my score to drop n i made this clear for 60 days straight with XXXX i spoke to a representative agent name XXXX and XXXX and XXXX from the fraud department I prefer to speak to a us rept but they refused they had me on mute for 4 hours which was hurtful I have a perfect repayment record. I have very low credit utilization. I have three negative credit items outstanding debt now. I have modest but ok income. Social Security. Something is wrong with XXXX. I do not understand why they are abusing consumers .This was a fist step towards attempting resolution. They kept lying telling me they disputed n its not reporting but it keep reporting this inaccurate information without my authorization. They refused or were unable to verify XXXX remove the inquiries and its been 60days n they record the calls n admitted they had my police report XXXX ftc and affidavit That was after attempting to contact XXXX more than 21 times. XXXX is an abusive company. They are supposed to be protecting consumers. They need to be reigned in. they are causing me severe XXXX and stopping me from getting this job offer XXXX now im XXXX n cant provide to my XXXX year old daughter PLEASE HELP ME PLEASE im XXXX now.with no help.,Credit reporting
10300,"I am a victim of XXXX. The information listed below, which appears on my credit report, is the result of XXXX. 

Capital One Auto Loan ACCOUNT Please block this information from my credit report within four business days, pursuant to section 605C of the Fair Credit Reporting Act Please send me notification of the actions taken. I appreciate your prompt attention to this matter.",Consumer loan
10301,"On XX/XX/XXXX my Bank of America Prepaid EDD account opened with the EDD back up payments. 8 days later, an unauthorized withdrawal of {$5000.00} happened, I filed a claim and approx. 2 weeks later, the {$5000.00} was put back into my account. I requested for them to close that account and reopen a new one since this account has obviously been fraudulently hacked. This was ignored and I was reassured by the bank that there was no need to do this. I was homeless at the time and wasn't able to pick up my mail as frequent as it came. There was continuous problems with unauthorized transactions and I had to continuously change cards. Last year there was a class action lawsuit against B of A due to fraudulent actions in the EDD Prepaid accounts that is still active. I opened up 5 claims on XX/XX/XXXX with a total of {$4100.00} and I should of received a letter just acknowledging the fact of these being opened. Ive received nothing and the status is supposedly still pending. They are responsible to credit me {$4100.00} for numerous reasons, not closing this account in the beginning when {$5000.00} was fraudulently taken and open a new one, and for not performing the actions stated in our contract they would perform to protect my funds.",Credit card
10302,They have threatened to discharge loan. And continue to say Im behInd on payments. I submitted documents last year requesting the CFO respond to my demands if they use their own money on this loan and I submitted payments and never been behind on this loan. The company continue to report Im behind and credit bureau continue to listen to them without any proof. I continue to get calls to my cellphone even after I requested them to not call. They been harassing and threatening me continuously. This is illegal under the fair reporting act.,Consumer loan
10303,"I have been attempting to get a debt validation letter from Spring Oaks Capital , LLC for {$4800.00} since XX/XX/2023. That is the date that I sent a request for debt validation letter via email. I also have sent three letters by mail via the U.S Postal Service. I received a package from XXXX XXXX XXXX that was dated XX/XX/2023 at my address. However the documentation that was included in the package was for a person named XXXX XXXX XXXX for an amount of {$2100.00} from XXXX XXXX. So I am unsure if I am being scammed at this point. 
I have been receiving letters in the mail from local debt attorneys that have stated there is some type of lawsuit against me from Spring Oaks Capital , LLC but I have not received any paper work from them stating as such and as XX/XX/2023, I still have not received a debt validation letter with my signature that states that I owe Spring Oaks Capital anything. 

I have reached out to the company by their customer service email stating that I never received a debt validation letter but the information I received was for someone else and I still have yet to get a response back yet.",Debt collection
10304,"I am filing a complaint against Cash App ( Block , INC ) due to an adequate customer service and unfair practices, which violate the Consumer Financial Protection Act. Specifically cash app failed to take timely and effective measures to prevent an address fraud on their platform, leaving my account vulnerable and unprotected. Furthermore, their dispute resolution process was unfair and deceptive as they did not comply with error resolution requirements under the Electric Fund Transfer Act ( EFTA ) and Regulation E. These actions have caused significant inconvenience and financial loss, and I seek appropriate redress for these violations.",Money transfer or service
10305,"Several weeks ago, I received an email from Chase XXXX alerting me that my credit card limit would be reduced and that their actions would be report to XXXX. 

I've Never been late and have always paid balances before due dates with Chase XXXX. 

For many years, my overall credit score with XXXX  has averaged at XXXX. 

Chase XXXX XXXX unfair actions have literally XXXX my credit score while showcasing to other financial institutions misleading data specific to my credit history with Chase.

During a conversation with Chase Customer Service on XX/XX/year>, the Chase employee repeatedly mentioned that I failed to make purchases with my Chase XXXX. 

I mentioned to the Chase employee that I receive XXXX XXXX deliveries almost on a weekly basis, spending hundreds of dollars that are always paid back before the due date. 

Chase XXXXXXXX XXXX  defaming of my financial character is mean-spirited and dishonest.",Credit card
10306,This complaint stems from an alleged debts that appears on my credit report as XXXX XXXX XXXX. See Attached. I have no contractual relations with this company and they are on notice that reporting information without my consent is punishable for defamation and trespass on person. See Attached notice.,Debt collection
10307,Bank of America was charging me {$25.00} per month from XXXX through XXXX. I called and spoke to representative and they would only refund me {$50.00} out of the XXXX they took. This account was opened in 2009 I believe and was never charged a monthly maintenance fee. I never received any correspondence in the mail or through email in regards to the fees being taken out of account.,Bank account or service
10308,"This is in regard to complain ID XXXX submitted on XX/XX/XXXX : "" I refinanced my loan with XXXX for {$310000.00} dollars on XX/XX/XXXX. The loan amount owed at the time was {$290000.00}. I overestimated because I had been making excess payments on the loan at that time. My account balance shows- {$15000.00}, and has since XX/XX/XXXX. However, there are loans due ( according to statements ) totaling approximately {$48000.00} that I am delinquent on. There should not be any loans due as I completely refinanced the loans. I should be owed {$15000.00}. It has been 5 months and still not a peep. I have spent many hours on the phone with Mohela to no avail. They are supposedly going to send me pre-Mohela and Mohela financial transaction records. For some reason they are unable to have any accounting history of these records, which is odd, considering the large nature of these financial transactions. I spoke to a representative today that escalated the call. They are now supposedly going to look at the loans as they should have been included in the refinance. My concern was that these loans, that shouldn't exist, would just be added to my refinanced loans. She said I just had to wait and trust that Mohela would due the right thing. I told her I did not. After 2 hours of patiently and politely waiting on the phone for them to figure things out, she hung up on me. '' I was told that the US treasury had a 3 month window from when the information was sent from Mohela to the US treasury to return this overpayment of approximately {$15000.00} made on XX/XX/XXXX. It is now XX/XX/XXXX and they have still not returned the overpayment. Also, never so much as an apology for the attempted overcharge of {$48000.00} that has cost many hours of my life in dealing with this issue. I have serious doubts that I will ever be refunded for the overpayment. I will take this matter to court if the overpayment is not refunded promptly.",Consumer loan
10309,The account is in my name but it is not my debt. The account was opened by a family member and they stopped making the payments and now the account is in collections. I would like to have the account removed because it is negatively impacting my credit.,Credit card
10310,"On XX/XX/XXXX, I made a payment of {$720.00}. According to my payment history and statement, {$230.00} was applied to interest and {$480.00} to principal, which matched the XXXX XXXX from my XX/XX/XXXX statement. This should have cleared all accrued interest at that time. 

However : My XX/XX/XXXX statement already showed {$120.00} accrued interest only 4 days later. With a daily interest rate of $ XXXX, that figure should have been about {$29.00}, not {$120.00}. 

By XX/XX/XXXX, my account showed {$240.00} accrued interest. Based on the daily rate, it should have been about {$150.00}. This discrepancy equals XXXX extra days of XXXX  interest. 

When I contacted my servicer, I specifically requested a daily interest accrual ledger showing how these balances were calculated. They admitted no such document could be provided and instead claimed I had {$99.00} of outstanding interest after my XX/XX/XXXX payment. This is directly contradicted by my payment history and statements. 

I am requesting : A full accounting of interest accrual between XX/XX/XXXX and XX/XX/XXXX. 

Correction of improperly carried or double-counted interest charges. 

Written documentation showing how payments are applied and how accrued interest is calculated. 

I have attached my XX/XX/XXXX, XX/XX/XXXX, and XX/XX/XXXX statements, along with my payment history screenshot, which demonstrate the discrepancy.",Consumer loan
10311,"XXXX erronously opened an escrow account w/o my authorization. There was a gap in Homeowners Insurance that was corrected and paid in full. A new in force policy was provided to XXXX timley. My loan # is : XXXX ; the property address in : XXXX XXXX XXXX, XXXX XXXX, CA XXXX. This is the second complaint I have filed. I filed complaint # XXXX on XXXX XXXX XXXX XXXX. I have heard nothing from XXXX or the CFPB re my prior complaint.,",Mortgage
10312,"This debt collector has done unjustifiable practices of the FDCPA which it prohibits. They furnished this account that we didn't agree upon and I didn't sign an agreement on. A legal contract is signed by two parties and I did not participate in any of it. they didn't follow the proper 5-step validation procedure. According to the FDCPA, Im entitled to compensation for these violations and clearly, they violated my rights and abused my privileges. I demand this account be taken off immediately. This has caused mental distress and trauma.",Debt collection
10313,"Im submitting a complaint to Credit Bureaus today to inform you I was the victim of identity theft. I researched on how to remove the fraudulent items in my report and found that I need to visit FEDERAL TRADE COMMISION or https : //www.ftc.gov to file a report and Per FCRA section 605b Credit Reporting Agencies are required to remove/block any items listed on an id theft report. Please find the ATTACHED documents to assist in the blocking of the erroneous information which is being posted to my report. 
Here is the list of items which do not belong to me or were opened without my permission. 
XXXX XXXX XXXX XXXX XXXX XXXX XXXX XXXX XXXX XXXX XXXX XXXX XXXX XXXX XXXX XXXX XXXX XXXX XXXX XXXX XXXX XXXX XXXX XXXX XXXX XXXX XXXX XXXX XXXX XXXX XXXX XXXX XXXX XXXX XXXX Balance : {$0.00} XXXX XXXX XXXX XXXX Balance : {$420.00} XXXX XXXX XXXX Balance : {$0.00} XXXX XXXX  ( Original Creditor : XXXX XXXX XXXX ) XXXX  XXXX Balance : {$420.00} According to FCRA Section 605B ( a ) the CREDIT REPORTING AGENCIES shall block any information in the file of a consumer that the consumer identifies as information that resulted from an alleged identity theft, not later than 4 business days after the date of receipt.",Credit reporting
10314,"To Whom It May Concern, I am writing to formally dispute and request an investigation into certain information currently appearing on my credit report under the provisions of the Fair Credit Reporting Act ( 15 U.S.C. 1681i ). 
Under the FCRA, you are legally obligated to conduct a reasonable investigation of any disputed information and to delete any data that can not be verified within 30 days of receipt of this letter. This letter serves as my official notice to invoke that right. 
I am not required to identify which specific items are inaccurate in this dispute ; rather, I am requesting that your agency verify all accounts reported under my file. Any item that can not be verified with competent evidence must be immediately removed from my credit report in accordance with Section 611 of the FCRA.

Please complete your reinvestigation within the legally mandated 30-day window and send me an updated copy of my credit report reflecting the results of your findings.",Debt collection
10315,"The bank approved the mortgage and commited to buy an illegal property by ignoring the clauses of the sales contract and putting me at risk with my family. Which is a fraud mortgage. 

I lost a lot of energy and money and did not get a compensation and refund. 

In XXXX buying an illegal kitchen and bathroom is illegal and XXXX of garage to living space is a crime without permit. 

But bank has approved mortgage and commited to finance this which might put me to a big trouble by their fraud. 

After realizing that, bank withdraw the commitment without giving any notice and ignoring to respond to all queries to make the correction on the commitment. 

Chase advertises closing guarantee in less than XXXX weekends if not they pay {$5000.00} as a penalty. 

They ignored all the facts even after I emailed and provided the documents that the mortgage is approved by Chase is totally illegal and it maybe a crime!",Mortgage
10316,"I don't recall having a contractual relationship with this collection company TRANSWORLD SYSTEM INC. Please give proof that this account belongs on my credit report and that my rights have not been infringed upon ; otherwise, terminate this account immediately. In compliance to 15 U.S. Code 1692e ( 6 ) Debt collectors are legally obligated to adhere to 15 U.S. Code 1692e ( 6 ), which forbids them from providing false information or insinuating inaccuracies about the nature, amount, or legal standing of a debt. It is against the law to make deceptive statements or misrepresentations concerning the debt being pursued for collection.",Debt collection
10317,"I have been disputing a Chapter XXXX Bankruptcy with LexisNexis since XX/XX/18 and have sent multiple letters asking for verification. LexisNexis ' last response that they once again claimed the bankruptcy was verified I requested, per FCRA 611 ( 15 U.S.C. 1681I ), that they provide me with a description of the procedure used to determine the accuracy and completeness of the disputed information. I informed them that FCRA Section 611 ( a ) ( 2 ) requires them to contact the furnisher of the information and to provide me with the name, address, and telephone number of each federal bankruptcy court clerk contacted regarding this alleged bankruptcy ; who they referred this dispute to ; and who responded back with the required verification. As I said, I provided them with a letter from the US Bankruptcy Court in XXXX, NY which clearly stated that they do not provide any information to the credit bureaus. Furthermore, PLEASE NOTE : Bankruptcy Rule 9037 which states that "" personal identification information defined as individuals Social Security and taxpayer identification numbers, names of minor children, last four digits of financial account numbers, and dates of birth, be redacted from documents filed with the court. '' Therefore, LexisNexis ' claim that their subscription to PACER was used to obtain verification is not only a violation of FCRA Section 611 ( a ) ( 2 ) which requires you to notify the party who furnished the disputed information, ( XXXX XXXX XXXX ) is also in violation of Section 5 ( a ) of the Federal Trade Commission Act ( FTC Act ) ( 15 USC 45 ) which prohibits unfair or deceptive acts or practices '' by purposely reporting information that they have assumed is verifiable based off circumstance. 

I also addressed TWO letters to their CEO, XXXX XXXX which went unanswered, therefore, he is aware of what his company is doing. There have been Class Action Lawsuits regarding this very practice and in all likelihood there will be more.",Credit reporting
10318,"I am filing this complaint regarding the inaccurate reporting of XXXX student loan accounts by Experian and XXXX. Despite my request for verification, neither bureau has provided documentation to substantiate their claims, which is a violation of the Fair Credit Reporting Act ( FCRA ). 

The accounts in question are as follows : US DEPT ED ( Account Number : XXXX ) ** with a reported balance of {$23000.00}.

US DEPT ED ( Account Number : XXXX ) ** with a reported balance of {$12000.00}. 
Both accounts are being erroneously reported as open and carrying balances, despite documentation I have attached showing a {$0.00} balance for both. Additionally, you are falsely reporting that these accounts were in collections, which is untrue. This inaccurate reporting is harmful and illegal. 

I am demanding that these accounts be immediately updated to reflect the correct status : paid as agreed, never late, and with a {$0.00} balance. XXXX has already removed this inaccurate information due to a pending lawsuit, and Experian is also under fire in a separate CFPB lawsuit for failing to properly investigate or remove errors from consumer reports. 

If Experian and XXXX fail to update this information within 30 days, I will pursue legal action for noncompliance with federal law. I have attached supporting documents that clearly show the inaccuracies and proof of the correct account balances.",Credit reporting
10319,"will state the facts as it appear on my credit report, on XX/XX/2019 a collection account from XXXX XXXX for {$1500.00} was removed from my report per the collector without any change to my score which was at XXXX and on XX/XX/XXXX my score dropped 77 to XXXX for no reason. I believe my score was suppose to go up 77 point to XXXX after the account removal by XXXX XXXX, you can check my score trend to validate my contention",Credit reporting
10320,"I am filling a complaint against cashapp ( block , inc ) due to inadequate customer service and unfair practices which violate the consumer financial protection act ( CFPA ) .specifically cashapp failed to take timely and effective measures to prevent and address fraud on their platform, leaving my account vulnerable and unprotected. Furthermore their dispute process was unfair and deceptive as they did not comply with error resolution requirements under the electronic fund transfer act ( EFTA ) and regulation E. These actions have caused significant inconvenience and financial loss. And I seek appropriate redress for these violations",Money transfer or service
10321,"In XXXX of XXXX, my wife and I were pre-qualified by Wells Fargo Mortgage to purchase a home in the amount of XXXX. We placed an offer on a new construction home which had been on the market for 6 months. During the negotiations, we asked the builder to throw in a fence and we would offer XXXX. The builder ( XXXX XXXX in XXXX Alabama ) said he would put the fence up, however, my wife and I would have to pay XXXX ( above our Ernest money ) which would come back to us in closing. However, if we BACKED out of the loan ( this is key ) we would NOT get our money back. Three days before closing, Wells Fargo called us and told us they could not write the loan. When we contacted the builder ( as we DID NOT back out, the bank messed this up ) they said they would give us only till XXXX XXXX XXXX to purchase a home from them and they would apply the XXXX to that home. Who would want to purchase a home from a shady place like that knowing we had nothing to do with what happened? So, we called Wells Fargo for replacement of the XXXX they told us in not so many words, it was our loss even though we were completely mis-lead from the prequalified letter to the whole work up to closing. 
My wife and I are both XXXX 's. When we applied for the loan we were both XXXX XXXX with XXXX XXXX and told our mortgage officer XXXX XXXX in XXXX Alabama that we were leaving the XXXX XXXX and coming back home permanently. She was fully aware and we got taken for XXXX and Wells Fargo refused to make it right. 
Please help! I was unaware of the CFPB till seeing a report on a Sunday Morning program today! 

Please contact me if more information needed. 

We spoke with a man at Wells Fargo in their consumer division named XXXX XXXX ( XXXX ) XXXX XXXX XXXX Wells Fargo XXXX XXXX ( XXXX ) XXXX Office ( XXXX ) XXXX Cell",Mortgage
10322,"Dear XXXX, I am writing to dispute the Sezzle tradeline account associated with my name and Social Security number. This account was opened without my knowledge or consent, and I believe it is a result of identity theft. 

On XX/XX/year> discovered the unauthorized Sezzle account while reviewing my credit report. I have never applied for or used Sezzle 's services, and I did not authorize anyone to open an account in my name. 

I request that you immediately remove the Sezzle tradeline account from my credit report and take steps to protect my personal information from future unauthorized access. I would appreciate it if you could also provide me with a confirmation in writing once the account has been removed. 

I have contacted this company multiple times to advised them my inform was published to this bureau without my consent & fraud but their not doing anything to resolve my issue and asking that I speak with you guys. No one is doing their due diligence and prolly send my proof that this is my account and removing this information. 

Thank you for your prompt attention to this matter. I look forward to hearing from you soon.",Credit reporting
10323,"I have a problem with a identity data breach, Involving tax identity fraud on my name XXXX XXXX XXXX. As well as my social, medical identity, social security card. 
Im trying to open a business checking account with XXXX  XXXX XXXX. However, the bank representative says my social security number is involved with someone in th military. also, my wallet was stolen and covid 19 is going on so I had to make new wallets and my credit is now messed up due to someone doing fraud please email me to assist thanks. 
The reporting agency named XXXX XXXX XXXX  who governs the XXXX  XXXX XXXX and reports to them have stated that the report is now clear and Im able to access the account, however, the bank is still unable to open my XXXX  XXXX XXXX checking or business account! Please help thanks",Credit reporting
10324,"Bank of American changed my checking account from basic to "" XXXX XXXX '' and when I do not meet their fund requirement they started to charge me "" maintenance fee ''. I do not remember I authorized the account type change and asked for proof. They could not provide the proof but do not refund me the maintenance fee.",Bank account or service
10325,"I am writing to formally request validation of the alleged debt mentioned above, pursuant to my rights under the Fair Debt Collection Practices Act ( FDCPA ). It has come to my attention that this debt is currently being reported on my credit report, and I would like to resolve this matter. 

Please provide : XXXX. * * Documentation that verifies the debt * * : Proof that I agreed to the terms which led to this debt, including the original signed agreement if applicable. 

XXXX. * * Detailed accounting of the debt * * : An itemized statement providing a breakdown of how the alleged amount was calculated. 

XXXX. * * Verification that your company is legally entitled * * to collect this debt : Details such as licensing documentation if required in my state. 

Furthermore, should you be able to validate the debt, I am willing to discuss an appropriate settlement arrangement to satisfy any legitimate and validated obligations. As part of this resolution, I would request that you provide written confirmation that upon payment, the negative entry related to this account will be deleted from all major credit reporting agencies ( XXXX XXXX XXXX XXXX XXXX 

If you are unable to validate this debt, I respectfully request that you cease collection activities and remove any erroneous credit report entries related to this account in accordance with the Fair Credit Reporting Act. 

Please respond in writing within 30 days of receipt, acknowledging this dispute and providing the requested validation documentation. All future communication regarding this matter should be in writing. 

Thank you for your prompt attention to this matter. 

Sincerely, XXXX XXXX",Debt collection
10326,"In XX/XX/year> I applied for a Huntington business checking account to earn a {$400.00} bonus. Huntington acknowledged my application on XX/XX/XXXX but did not issue an account number until XX/XX/XXXX. On XX/XX/XXXX I deposited {$5200.00} within 60 days of that true opening date. Huntington denied the bonus by backdating the open date to XX/XX/XXXX. 

On XX/XX/year> I opened a personal account with a {$650.00} ACH and scheduled Treasury deposits for the following week for a {$400.00} bonus. On XX/XX/XXXX I filed a complaint about the denied business bonus. Soon after, Huntington placed both accounts on hold and began closure. 

On XX/XX/XXXX, while locked out, Huntington charged a {$20.00} fee, dropping my balance from {$580.00} to {$560.00} despite waivers being applied in XXXX and XXXX. On XX/XX/XXXX, the day after my certified letters arrived, Huntington called to confirm both accounts would be closed and no bonuses paid. No information has been provided in writing or over the phone even though I have been locked out of my personal account and can not transfer money from my business account. 

This conduct is retaliatory, unfair, and deceptive.",Bank account or service
10327,"On XX/XX/2021 I received a money order from one of my tenants for {$960.00} which I deposited in my bank account. On XXXX XXXX my bank said there was a stop payments on the money order. I called Western Union and they said you can only stop payment on a money order with a written notice mailed to Western Union. You can not do it by phone.

I would like you to check with Western Union to see what you can find out about this money order. I don't see how anything could have been done by mail within 2 days.

Western Union tells me it could take up to 15 days,, XXXX",Money transfer or service
10328,"I made final payments to my previously owned XXXX XXXX XXXX network account back in XXXX, XXXX and XXXX, XXXX. The account was closed by XX/XX/XXXX/XX/XX/XXXX for I went with a different service. From XX/XX/XXXX until XXXX, XXXX I have made several calls to both entities, as well as had a conference call on several occasions with customer service reps from both XXXX XXXX XXXX and XXXX XXXX. On many occasions, the XXXX representatives informed the XXXX XXXX XXXX reps that their balance is paid in full and no more money is owed to them. XXXX XXXX XXXX would bill for both their service & XXXX service, XXXX required 2 month payments in advance and the due dates were never aligned, which made the billing difficult to understand let alone know who was due when. XXXX XXXX XXXX was paid their final balance, XXXX network informed them they are owed no more money and XXXX XXXX XXXX refuse to take responsibility for their human error in processing my final bill, which was a total of {$100.00}. Since then, my credit score has had fluctuating scores like a "" see-saw '' every 2-3 months due to XXXX XXXX XXXX hiring a new collection agency, or collection agencies buying this account from each other, which makes it very difficult to maintain my excellent and hardworking credit score of XXXX. Every time a new collection agency place their collection on my credit report I have to contact the agencies to have it investigated and every, single time it is removed or deleted. I feel I am being harassed by these several collection agencies and XXXX XXXX XXXX to collect a debt that has already been paid in full.",Debt collection
10329,The loan company and the used dealer the people I got my vehicle from sold me a bad car the motor went out and it had other problems like oil leaks and a lot more thing wrong with the car I brought from them,Consumer loan
10330,"I have XXXX mortgage hard inquiries date XX/XX/XXXX and XX/XX/XXXX from XXXX XXXX XXXX XXXX being reported on my credit report. Additionally, I have a hard inquiry from XXXX XXXX XXXX XXXX dated XX/XX/XXXX. I do not and have not had a mortgage through XXXX XXXX XXXX XXXX. My mortgage is and has always been through XXXX XXXX as reported on my credit report. Secondly, I have banked with XXXX XXXX XXXX XXXX since XXXX. I have not requested any banking products from them since XXXX. I have sent dispute letters requesting these inaccurate inquiries be removed in XX/XX/XXXX, XX/XX/XXXX, and XX/XX/XXXX. The company refuses to remove the inaccurate information from my credit report.",Credit reporting
10331,"I disputed unauthorized transactions with chime bank that were made on my debit card and I have no idea who made them or how they got charged to my bank account. Chime denied my dispute within XXXX hours with no explanation or reasoning. My dispute was made for the following transactions along with the dates : XXXX. XXXX * XXXX | XX/XX/XXXX | {$66.00} XXXX. XXXX * XXXX | XX/XX/XXXX | {$96.00} XXXX. XXXX * XXXX | XX/XX/XXXX | {$96.00} XXXX. XXXX * XXXX | XX/XX/XXXX | {$96.00} XXXX. XXXX * XXXX | XX/XX/XXXX | {$96.00} XXXX. XXXX XXXX XXXX | XX/XX/XXXX | {$130.00} XXXX. XXXX XXXX XXXX XX/XX/XXXX {$15.00} XXXX. Me XXXX Od CP XX/XX/XXXX {$56.00} The day after my dispute, after chime rejected my dispute within hours, I called chime bank and requested they provide me with the following documents Pursuant to Regulation E : Copies of all documents relied upon in your determination The date, time, and method of investigation The identity of the merchant ( s ) And any evidence used to conclude the transactions were authorized It has now been 12 days since I requested these documents from chime bank, and they told me it could take up to 10 days for me to receive from them, and I have not received anything at all from chime.",Bank account or service
10332,"I paid {$1200.00} on this debt XX/XX/XXXX. The medical procedure and first delinquency were XX/XX/XXXX. I applied for and was granted relief from the balance of this debt XXXX {$2500.00} XXXX by the medical provider after those payments XX/XX/XXXX. The provider was XXXX XXXX XXXX at XXXX XXXX. 
Rash Curtis is attempting to collect a debt that I no longer owe. I disputed it with the credit bureaus and it remained on my files. 
Not only is it outside of the federal obsolescence time frame for remaining on my file ( Rash Curtis may have received it XX/XX/XXXX but the procedure and delinquency was XX/XX/XXXX ) ... but they are trying to collect a balance that I do not owe.",Debt collection
10333,"I have recently been diagnosed with a XXXX. I can still work most of the time but at times it causes me to have to not work. Im taking cate of my XXXX XXXX XXXX mother with XXXX and her home. We became behind on our mortgage. I applied for assistance. Our company is SPS Servicing out of Utah. Our original payment was {$1400.00}. They approved us for a repayment plan instead of a modification since we had gotten one some time back. The payment they approved us for was {$2800.00}!! If I struggled with {$1400.00} how can I do {$2800.00}? So their letter says you have the right to appeal within 30 days. I called my relationship manager who said to go ahead and appeal. Never did she tell me, nor is it in the letter that if you appeal they will VOID the option you were approved for. So now Im looking at a foreclosure when all I was trying to do was get the payment a little lower. Can your help me? I have read so many negative articles about this company. We dont have good credit so I dont know if thats why we have to deal with them.",Mortgage
10334,"Commencing on or around XXXX XXXX XXXX, I fell victim to a multi-layered scam operation run by XXXX which involved me making deposits for a total amount of XXXX USD from my Cathay Bank account to the fraudulent investment firm.",Money transfer or service
10335,"Hello, On XX/XX/2021, I opened an account with -- Current XXXX Banking. On XX/XX/2021, I received an email from the bank saying that my account was closed, and this company gave me no explanation. At the moment my account was terminated, I had a failed withdrawal of {$1100.00} and around {$250.00} in my balance. They keep over {$1300.00} of my money. In the email that they sent me informing me about the account termination, they also stated : '' the funds will be sent to you via a refund check to the registered address of your account. '' I never received any check. I tried to call them several times, but it seemes impossible to communicate with the customer service of this "" bank '' or any person in this company. I also emailed them several times, and they never answered. I thought this money was lost until a few days a friend told me about CFPB. Thanks for your help.",Bank account or service
10336,"I applied for a Citi XXXX AAdvantage XXXX XXXX credit card through the XXXX XXXX booking page on XX/XX/year> at approximately XXXX XXXX. because I was offered up to a {$200.00} statement credit on XXXX XXXX purchases and XXXX AAdvantage bonus miles after meeting a spending requirement. The booking flow did not clearly disclose that I was ineligible for this promotion because I had previously received a newaccount bonus on the same Citi / AAdvantage XXXX XXXX card within the last 48 months. The exclusion was only buried in detailed Offer Availability terms, which I saw after applying. In Citis secure messages, a representative first told me I would surely receive all those benefits, then later reversed course and stated there was no way to change the terms and that I can not receive either the bonus miles or the statement credit under the XXXX rule. As a result, I now have an unnecessary new account and hard inquiry that I would not have incurred if eligibility had been clearly disclosed and if Citi had not provided conflicting written assurances.",Credit card
10337,"I have {$500000.00} in My Banking Direct ( Flagstar Bank ) in a MBD High Yield Savings Account and have been trying to transfer all of this money back to the account that it came from ( XXXXXXXX XXXX XXXX since XXXX. I was told on XXXX that it would need to be approved because it exceeded the transfer limit and it would take 2 business days to approve. I have called each day and it has not been approved. today is XXXX and it is still not approved. I began depositing in this account in XXXX of XXXX I also mailed a letter on XXXX to Flagstar Bank, XXXX XXXX, XXXX NY XXXX Attn : Bank by Mail as instructed by their rep to close my account.",Bank account or service
10338,"the following accounts appear on my credit report, without any authorization, they do not belong to me Identity Theft BK OF AMER Account Number : XXXX This is not mine. 

2. Identity Theft XXXX XXXX Account XXXX : XXXX This is not mine.",Credit reporting
10339,"I was in the middle of a loan modification with XXXX XXXX when my loan servicing company was sold and switched to BSI Financial. I was originally paying approx. {$1800.00} with XXXX XXXX with no problems and paying it on time, especially for the 3 months trial period. So rightfully so when the loan servicing company switched over to BSI I continued to pay {$1800.00}. Then XXXX day I had a conversation with XXXX XXXX ( not sure who she is, but I believe my assigned agent ). She told me she would not accept anything less than {$2200.00}. I asked when did this start because I had been paying the {$1800.00} all this time and no one said anything. She said it had always been this way and that I have been paying {$1800.00} with The XXXX and why wasn't that honored. I filed for a modification and that was denied but how so when I filed XXXX with the XXXX XXXX and that was approved. So denied by XXXX and denied by XXXX no change in circumstances. Now my loan interest is 5.75 % ( listed on my monthly balance statement. however, when I called the VA to discuss what to do to avoid foreclosure, she mentioned that my interest rate was 3 %  and not 5.75 %. I have called XXXX XXXX several times no answer no reason. BSI is the worst loan servicing company in the universe. Customer service has the hardest time explaining to me what are my next steps or how to escalate my complaints.",Mortgage
10340,"PayPal was offering a XXXX % cash back offer through their app for XXXX. 

I completed this order, and now paypal is refusing to honor the offer without even providing any sort of real reason. 

Transaction ID : XXXX Invoice ID : XXXX There's nothing really more to say. There's nothing unscrupulous going on here. 

Social media is filled with paypal honoring VERY few of these requests. 

XXXX XXXX XXXX People are giving up because they're unwilling to fight with paypal. This is NOT acceptable.",Money transfer or service
10341,I have a personal school loan in the amount of {$36000.00} with Sallie Mae. Sallie Mae has charged me late fees because i have been latte with payments because I am not able to make the current payments. Sallie Mae has never contacted me directly. They have only called my co-signer with an automatied system. Because of Sallie Mae negligence. Sallie Mae reported my loans to the credit reporting companies as defaulting. So now they have ruined my credit rating and my co-signers.,Consumer loan
10342,"To Whom It May Concern : I have recently been informed that there is negative information reported by XXXX XXXX XXXX XXXX XXXX in the file you maintain under my Social Security number. Upon reviewing a copy of my credit report, I see an entry listing account # XXXX that I owe {$4400.00}. I challenge the accuracy, compliance and reportability of this listing. Please validate this information with XXXX XXXX XXXX XXXX XXXX and provide me with copies of any documentation associated with this account, bearing my signature. In the absence of any such documentation bearing my signature, I formally request that this information be immediately deleted from the credit file you maintain under my Social Security number. Please note that you have 30 days to complete this investigation, as per the Fair Credit Reporting Act Section 611 ( a ) ( 1 ) ( A ), and I am keeping careful record of your actions, including your Method of Verification. I do not consent to XXXX  or any means of automated verification. Failure to respond satisfactorily within 30 days of receipt of this certified letter may result in a small claims action against your company, seeking {$1000.00} per violation for : 1. ) Defamation 2. ) Negligent Enablement of Identity Fraud 3. ) Violations of the Fair Credit Reporting Act My contact information is as follows : XXXX XXXX XXXX XXXX XXXX XXXX XXXX, MA XXXX P.S. Please be aware that dependent upon your response, I may be detailing any potential issues with your company via an online public press release, including documentation of any potential small claims action. Cc : Consumer Financial Protection Bureau Cc : Attorney Generals Office Cc : XXXX XXXX XXXX",Credit reporting
10343,"I received an offer from Wells Fargo Bank for a {$500.00} bonus for opening a checking account. I opened the checking account on XX/XX/XXXX. I opened the account at the Main Branch in XXXX TN. 

The requirements were to deposit {$2000.00} within 60 days of opening the account. I had deposited over {$2000.00} by XX/XX/XXXX. 

On XX/XX/XXXX, I called customer service to inquire about the bonus. I spoke with XXXX. He informed me to visit the branch I opened the account with. On XX/XX/XXXX, I went into the branch and spoke with XXXX. She informed me that the promo code was not applied to my account and would be credited by XX/XX/XXXX. I waited until XX/XX/XXXX, and when I inquired about the bonus I was told that there was a system error and it would be resolved by XX/XX/XXXX. On XX/XX/XXXX, I inquired and I was told the money would be credited to my account by XX/XX/XXXX. 


It is now XX/XX/XXXX and I have not received any credit. Wells Fargo acknowledges I am entitled to the bonus, but they keep delaying it further and further. When I inquired about it today, I was told to wait until XX/XX/XXXX.",Bank account or service
10344,"I applied for a store credit card. My credit was preciously frozen. I informed customer service I would unfreeze my credit and be back. I received a text via phone asking that I unfreeze my XXXX  to process the application. I was given a reference number via text ( XXXX ). I went to Best Buy and the associate was given a valid California ID., and I verified my information. On yearly income, i put XXXX... I can prove my income as XXXX XXXXXXXX XXXX XXXX XXXX XXXX.. The associate called a third party and I was placed on the phone with an employee from citicards which grants or denies credit. I was asked for a valid phone number so he could send a text to my phone.. He then went on to state that he couldnt text to my phone going on that it had to be a US number ... My number is area code XXXX which is XXXX XXXX I had received a text from that company so I knew he was lying to refuse me credit..My credit score is XXXX which is excellent!. I asked what was the problem..He stated that my social security might be stolen and I might be using a fake name... I asked for a manager and she just went along with the employee stating that they could not text my phone some type of code which is a lie because I received a reference number on my phone... It seems that they can not believe a XXXX man can have great credit and make XXXX XXXX a year! ..I was accused of stealing someone elses ID and social security number by the associate. I dont understand why the first Best Buy Associate would call a third party just because I am XXXX!. This is directly insulting and discriminatory! ..I showed the employee my ID!. I have an account with BEST BUY. I am highly upset about this situation!. I tried another way to verify my info. I offered to email them a copy of my ID. They lied and stated that they can not receive emails!. But when I got home, I got an email from them!. There was no reason to deny me credit and accuse me of stealing someones ID and or social security!.",Credit card
10345,"Im working on getting my husbands estate closed and he had an account with Coinbase. I contacted them originally along with my lawyer and neither one of us received any response. They offer on their website to be able to recover deceased family accounts, but there was never any response. I did it several times. There is a significant amount of money in his account and it would be very helpful if I could get it back to pay his debts. Any help or guidance would be greatly appreciated!",Money transfer or service
10346,"I called Calliber customer care department XXXX and spoke with XXXX. To my surprise, he said that XXXX XXXX 's modification was denied for missing documents. He also said they had not received documents since XXXX, which is untrue. 
The servicer has a complete modification package. I spoke to a rep on XXXX and they requested a Profit and Loss as the last piece of documentation needed to reach a decision. Yet XXXX stated on XXXX the document was never received which was sent via email on XXXX",Mortgage
10347,"We are trying to get a payoff demand on behalf of a dead seller 's wife. The court has ordered the wife to be the owner of this property. I have provided a copy of the authorization signed by the wife, a copy of the Death Cert and a copy of the Court Docs to Bank of America. ( All attached ) BAC is absolutely refusing to provide a payoff demand. 


*****This property has equity. We have a buyer who has been waiting to close escrow. This is NOT a short sale and BANK OF AMERICA WILL BE GETTING A *FULL* PAYOFF. 

XXXX Bank of America is DEFRAUDING THIS ELDERLY WOMAN OUT OF THE EQUITY OF HER OWN HOME!!!!!!!!!!!!!!!!!!!!!!!!!!!!!!!!!!",Mortgage
10348,"I timely submitted required evidence and was granted a XXXX veteran property tax exemption with the XXXX XXXX Treasurer for this most recent property tax bill due on or about XX/XX/XXXX ( See XXXX XXXX XXXX XXXX XXXX XXXX dated XX/XX/XXXX ). The Transaction information section specified that the property tax adjustment showed no taxes due for my property. NewRez was aware that I qualified for this property tax exemption from my prior email communications directly to the company as well as last years XXXX transaction information, where a pro-rated property tax payment was made by NewRez in the amount of {$2900.00} ( See XXXX XXXX XXXX XXXX XXXX dated XX/XX/XXXX ). I received two separate emails from NewRez communicating that my estimated property tax, due on or about XX/XX/XXXX, was {$2900.00} based upon the prior tax bill, and the subsequent email showing that NewRez paid {$16000.00} property taxes from my escrow account on XX/XX/XXXX to the XXXX XXXX Treasurer ( See NewRez email property taxes XXXX and XXXX ). My current NewRez account dashboard now indicates that my escrow account is in arrears by approximately {$5400.00} ( See NewRez account dashboard summary XXXX and NewRez Escrow Account Dashboard XXXX ).",Mortgage
10349,"I have continually made overpayments towards my vehicle loan in an effort to reduce the principle amount and, in turn, reduce the amount of interest being paid towards my loan. I contacted FIFSG ( First Investors Financial ) when I noticed all of my overpayments were being split between principle and interest. I contacted FIFSG the first time via telephone and was advised this would be corrected. When my payment was made in XXXX 2015, I reviewed my account and noticed the first request and resolution had not been honored and my overpayment again was split between principle and interest. I sent an email and received a response to allow XXXX hours for my request to be processed and the change to occur. After making my XXXX 2015 payment, I again noticed no action had been taken to correct the payment allocation on the overpayments and my XXXX payment had, again, followed the same pattern. When I contacted FIFSG on XXXX/XXXX/2015, I spoke with a gentleman who identified himself as XXXX XXXX, a Team Lead. I explained my reason for calling, how I contacted the company twice before and no changes had been made. XXXX XXXX then tried to tell me how my interest was being calculated on a per diem basis and why the amount of the per diem interest was being calculated and I have a simple interest loan. I explained to XXXX XXXX my request was to have the overpayments applied to the principle and the interest remediated, I was advised both verbally and in writing this would be done and my account still shows no changes. XXXX XXXX continued to explain to me how interest worked and I advised I was well aware of how Finance worked considering this is my career field. I then advised I was going to file with the CFPB if this did not get changed. XXXX XXXX continued to argue with me and I ended the phone call with the statement of filing with the CFPB to step in and help.",Consumer loan
10350,"Dear CFPB, Im writing to file a complaint about a money transfer I made using Remitly that still hasnt been resolved. 

On XX/XX/year>, I sent money to XXXX XXXX XXXX XXXX in XXXX through Remitly. The transaction was a bank deposit to XXXX XXXX XXXX, and the app shows the transfer as Completed. But the recipient never received the funds. He even went to the bank in person, and they confirmed there was no deposit in his account. 

Here are the details : Reference Number : XXXX Bank Name : XXXX XXXX XXXX XXXX : XXXX Sender : XXXX XXXX Transfer Type : Bank Deposit I contacted Remitly support right away. The agent was polite and said they would escalate the case to their internal team, but asked me to wait three business days for a follow-up. They also claimed the money was credited, but again, the recipients bank says nothing has arrived. 

This transfer was sent for an urgent medical need, and this delay is causing real stress and harm. At this point, Im asking for one of two things Proof from the recipients bank that the money was actually deposited into the account ; or If thats not possible, I want a full refund as soon as possible.

Ive attached the transcript of my conversation with Remitly for reference. Im hoping CFPB can help move this forward and ensure Im not left without a resolution. 

Thank you for your time and support. 

Sincerely, XXXX XXXX XXXX XXXX",Money transfer or service
10351,"I am writing to formally expressed my concerns regarding Zelles handling of disputes, particularly in light of the recent CFPB lawsuit highlighting significant issues with the platform. despite using Zelle numerous times and reporting discrepancies my financial institution and Zelle failed to investigate my claims adequately. They informed me that recovering l lost funds was impossible and that tracking the transactions was unfeasible. The CFPBs findings indicate that Zelle not only neglected to protect consumers but has also allowed repeat offenders to exploit the system, leaving users vulnerable to scams. The lack of accountability and transparency is unacceptable and raises serious concerns about consumer safety.",Money transfer or service
10352,"On XX/XX/XXXX  I purchased round trip seats from XXXX XXXX XXXX on JetBlue. My seats were confirmed as XXXX to XXXX and XXXX to XXXX, and paid for at the time. I have confirming email of the purchase and seat selection directly from JetBlue. When I went to check in for the flights, my paid for seats had been changed to XXXX. When I called JetBlue, I was told that 1 ) I would need to pay {$25.00} to resolve this over the phone and 2 ) that I didn't pay for these seats and would have to purchase "" even more space '' seats for an additional cost. Rather than argue, I went back online to find that my original seats were no longer available, clearly having been resold. So, I chose seats as close to my original, already-paid-for seats, and paid an addition {$310.00}. 
JetBlue claims that I purchased my tickets and seats through XXXX, and were not guaranteed. This is not the case as all of my flight communications were directly with JetBlueXXXX as evidenced by their email confirmation from JetBlueXXXX not XXXX. 
I sent a letter disputing this. Same response. I contacted the credit card company which noted that I disputed the claims, the issue is resolved, but I disagree with the determination.",Credit card
10353,"I am filing a complaint against my lienholder, GM Financial, for their negligent handling of my auto loan after an accident involving my XXXX XXXX XXXX, XXXX ending in XXXX. I notified them of the accident on XX/XX/XXXX, the same day it occurred. Based on photos, they disavowed interest in the vehicle and improperly directed me to their 'total loss department, ' even though the car was never declared a total loss. Their customer service has been consistently rude and unhelpful, and they refuse to offer any form of forbearance or other assistance, leaving me with no options. The tow yard failed to send them the required certified mail notice, and the fall out of this inaction led to the subsequent fraudulent transfer of the vehicle, which my lienholder has stated they have no record of. I have a recorded phone call in which a representative from GM Financial confirmed they never received this notice from the tow yard. Their failure to properly handle the situation led to the car being sold and a clean title being issued, circumventing their own lien and leaving me with a substantial unsecured loan for a vehicle I no longer have. I was given misleading instructions and am now a victim of fraud as a result of their negligence. I am requesting an investigation into their process and for them to take responsibility for the outstanding loan.",Consumer loan
10354,"Subject : Complaint Regarding Inaccurate Late Payments on Credit Report Complaint Details : I am submitting this complaint regarding inaccurate late payments that are reported on my credit file maintained by Equifax Information Services LLC. I believe these late payments are erroneous and do not accurately reflect my payment history. 

Nature of the Complaint : XXXX. Inaccurate Reporting : The late payments listed in my credit report are inaccurate. I have consistently made my payments on time, as I have been enrolled in auto pay for all my accounts. 
XXXX. Violation of the Fair Credit Reporting Act ( FCRA ) : The inaccurate reporting of these late payments violates my rights under the FCRA ( 15 USC 1666 ( b ) ), as they misrepresent my creditworthiness. 
XXXX. Potential Violation of Fair Debt Collections Practices Act ( FDCPA ) : The reporting of false late payments may also constitute a violation of the FDCPA, which protects consumers from misrepresentation regarding their accounts. 
XXXX. Truth in Lending Act ( TILA ) : I assert that the reporting practices violate the TILA, which mandates accurate reporting of credit information. 


Account Number : XXXX Account Number : XXXX Additionally, the Fair Credit Reporting Act ( FCRA ), specifically sections 15 U.S. Code 1681i and 15 U.S. Code 1681s-2, mandates that credit reporting agencies and information furnishes correct any inaccurate or incomplete information in credit reports and ensure the maximum accuracy of information contained in consumer files. 
Furthermore, under the FCRA, articles XXXX and XXXX ( 15 U.S.C. 1681n and 1681o ) outline the civil liability for willful and negligent noncompliance, respectively. 

These provisions provide for damages, including actual damages, attorney fees, and possible punitive damages, for failure to comply with the XXXXXXXX XXXX requirements",Credit reporting
10355,Disputed with XXXX and it says it's my account but I never lived in the area that the credit was open the address is not my address I have never lived anywhere but my home address nor have I ever Owen the phone number attached to account,Debt collection
10356,"I bought my house/condo and put {$200000.00} down to make my payments {$130.00} per month. The company sent me a paper to sign to refinance, and I sent it back in ; however, they claim they can not find it. I talked to someone in XXXX, and they found it, but now nobody can find it again. I have talked to them numerous times, and I get nowhere. They say they need the signature which was already sent in and found by one staff member ; now nobody can find it again. I can not keep paying this high of a house payment when I only owe {$19000.00} on the place!!! They are so crooked it isn't even funny, and I am ready to get a lawyer involved to sue them.",Mortgage
10357,"I am writing this letter to shed light on a resent incident that happened at Bank of America NA, located at XXXXXXXX XXXX XXXX XXXXXXXX Texas XXXX. 

On Friday, XX/XX/2025 at XXXX XXXX Ser. NO. XXXX I drove into the Bank of America drive thru, inserted {$800.00} cash in denominations of XXXX. The ATM sucked the {$800.00} cash gave an error message and only acknowledged {$400.00} of the {$800.00} cash that was inserted and only {$400.00} of the deposited appears in my savings account. I immediately contacted Bank of America NA, corporate department and explained that the money that was deposited is needed asap as it would cover the cost of bills and payment to other for services. 

I also confirmed that cash deposits are available immediately, with each person I spoke with at Bank of America. I was told by at leas 3 managers that there was nothing they could do and I had to wait until Tuesday or Wednesday for the funds to be applied. I even asked that a provisional credit be applied to the account in attempts to prevent the unnecessary hardship this mishap would cause. It was not even considered. 

I am reaching out to this organization to reveal the unfair and the unethical business practices of Bank of America N.A. This is an example of what happens when humans are replaced with technology. If this transaction was handled by a live teller this would not have happened.",Bank account or service
10358,"XXXX XXXX has a XXXX XXXX option for applying for loans. Applied for loan thinking it was guaranteed and was ultimately denied the loan. This effected my credit score and I lost time dealing with the loan company One Main Financial. If I thought I would be disapproved I never would have applied. Applied for loan XXXX XXXX XXXX XXXXXX/XX/year> Denied for loan XXXX XXXX XXXXXX/XX/year> Also when in process of said lending One Main Financial XXXX XXXX XXXX stated "" they are not affiliated with XXXX XXXX '' I applied through credit karma so therefore One Main Financial has to affiliate with XXXX XXXX in some entity.",Consumer loan
10359,"Subject : Disputing Inaccurate Late Payment Reporting on Paid Auto Lease VW CREDIT Account # XXXX Complaint : To Whom It May Concern, I am submitting this formal complaint regarding inaccurate and unlawful reporting of a late payment on my auto lease account with VW CREDIT, account number XXXX. This account was opened on XX/XX/XXXX, is now closed and fully paid with a {$0.00} balance, and is being inaccurately reported by XXXX major credit reporting agencies. 

Specifically, a late payment mark for XX/XX/XXXX appears on my credit reports from XXXX ( XXXX ) and XXXX ( TU ). However, XXXX ( XXXX ) does not report any delinquency, clearly suggesting a discrepancy or technical error in the furnishing of information. 

I unequivocally affirm that : I have never made a late payment on this account. 
I possess documented evidence, including billing statements and payment confirmations, verifying timely payments throughout the lease term. 
The account was paid in full and closed in good standing, and should reflect a positive payment history. 
Here are the details of this Auto Lease account of mine with the late payments : VW CREDIT Account # : XXXX XXXX Account Type : Installment Account Type - Detail : Auto Lease Bureau Code : Joint Account Status : Closed/Paid Date Opened : XX/XX/XXXX Balance : {$0.00} Late payment marks on XX/XX/XXXX on XXXX and XXXX only! ( no XXXX! ) Also : This reporting violates my rights under the Fair Credit Reporting Act ( FCRA ), XXXX XXXX. XXXX et seq., particularly : XXXX ( a ) Furnishers of information must not report inaccurate or incomplete information. 

XXXX ( b ) Upon receiving notice of a dispute, furnishers are required to conduct a reasonable investigation and correct any inaccuracies. 

Furthermore, continued reporting of inaccurate derogatory information may constitute willful noncompliance under 1681n, and negligent noncompliance under 1681o, which are subject to damages and penalties.",Consumer loan
10360,MY Private student loans were discharged in a Chapter XXXX bankruptcy. Navient after 5 years has started to try and collect on these debts and have attached my credit as result. I have the legal document showing the discharge of the debt. They are at this point threatening legal action against me.,Consumer loan
10361,"I am writing to formally express my concerns Regarding chimes handling of disputes, particularly in light of the recent CFPB lawsuit, highlighting significant issues with the platform. Despite using Chime numerous times and reporting discrepancies my financial institution and chime failed to investigate my claim adequately. They informed me that recovering lost funds wasnt possible and that tracking these transactions was unfeasible. The CFPBs findings indicate that Chime has not only neglected to protect consumers, but has also allowed repeat offenders to exploit the system, leaving users, vulnerable to scams. This lack of accountability and transparency is unacceptable and raises serious concern about consumers safety.",Money transfer or service
10362,I recently reviewed my annual credit report and was surprised to see a late payment show history. I have a perfect record of paying on time. I would like to remain a active customer of XXXX XXXX and will be happy to do so as soon as we get this matter cleared up. I refer friends and family to you all the time for your services. I kindly ask for this erroneous late payment to be deleted from my credit report.,Credit reporting
10363,XXXX is fraudulently reporting on my consumer report without written consent or authorization to report. XXXX has not provided a signed contract between XXXX and XXXX XXXX that give authorization to report on my consumer report. Requesting that this company be removed from my consumer report immediately.,Credit reporting
10364,"On Tuesday, XXXX XXXX I called this debt collection company that goes by the name of XXXX XXXX XXXX to ask why I got letter saying they were going to sue me. They were demanding a debt more than what I owe and trying to get me to pay more than what I could afford to pay for. The full amount they wanted me to pay was {$1700.00} nothing I 've ever spent. Then they tried to get me to pay XXXX or XXXX. Then XXXX. This was all discussed over the phone number they provided on the letter they mailed to me. I think this was the first letter they 've ever sent me. I do n't remember them ever contacting me although on this letter they claim to have made several attempts.",Debt collection
10365,"Im a Vet Whose VA Hospital sent me to another civilian hospital because they couldnt handle the situation in house. Besides being billed for this, I was also billed for the Ambulance ride. The {$1200.00} XXXX mile ambulance charge was paid off but not the Hospital. This has always been covered in similar situations but this XXXX wont go away. My Credit is taking a dive for something that isnt even my responsibility. 
Ive called them numerous times but have been on hold for over an hour on more than XXXX occasion. Still notta.",Debt collection
10366,"Agency used derogatory, XXXX and offensive language while communicating with me about a debt. 
I contacted the original credit company that contracted agency but there was no change of agency. 
Agency ( Law Offices of Frederick Weinberg & Associates ) contacted me again via phone after they were sent letter to only send communication in writing and informed of rep using derogatory and XXXX comments. 
The bank ( original credit company, XXXX ) was made aware of the tactics on more than one occasion but nothing was done to rectify the situation. The bank has a history of using companies that use these form of tactics with XXXX and XXXX debtors.",Debt collection
10367,"On XX/XX/19 I purchased a XXXX XXXX Money Order from XXXX for {$260.00} to make a payment on My Car Loan with XXXX XXXX XXXX XXXX. The payment never was Credited to my Loan Account. I went to XXXX XXXX and they performed a Search for the payment in their system and could not find it. They told me to contact XXXX XXXX and find out who XXXX XXXX   paid for the Money Order and XXXX XXXX said it was Regions Bank. I went to Regions Bank and they told me they can't search their records for it due to the Privacy Act. I asked XXXX XXXX to contact Regions, one financial institution to another to help me get the money back. XXXX XXXX said Regions would not help them. I filed complaints with FL Atty General against XXXX XXXX and Regions Bank. They sent it to the FL Office of Financial Regulation. The OFR said they could not help me on the Complaint against XXXX XXXX. I asked about the Complaint Against Regions Bank and the referred me to you. Please see all my attached correspondence and the actual Money Order in question for {$260.00}.",Money transfer or service
10368,"On XX/XX/XXXX I cosign for my XXXX  a car with XXXX XXXX my XXXX  the car broke down and my XXXX  did not pay for it but I have filed XXXX  in XXXX in which that car was included in my XXXX. I have since filed XXXX  in XXXX and everything was cleared up. Ive tried to purchase a card number of times this month and was denied because I have a repossession on my credit report when I found out that XXXX XXXX is still reporting a repossession to my credit report from XXXX, but I have filed XXXX  twice since then and its hindering me from obtaining any other kind of loans or financing.",Credit reporting
10369,"I sent money to coinbase to purchase digital assets. I haven't done anything, but coinbase locked my account for 30 days due to suspicious activity. I even had to verify my identity a second time. They stated that there is no way to expedite this process. What suspicious activity? All I did was sent money to coinbase. They are holding my money causing me to miss the window of opportunity of investment that I was anticipating. I have been checking everyday with anxiety!",Money transfer or service
10370,"On XX/XX/2020 at approximately XXXX XXXX  I was called by phone number XXXX. When I answered the phone line was silent for a moment and went dead. I attempted to call the phone number back and I was put into touch with Radius Global Solutions. When I requested to know why the company was using an  autodialer that was disconnecting calls I was told that they do not use an autodialer. I then asked who called me and why they disconnected the phone line. I was immediately transfered to a supervisor, XXXX, who once again stated they did not use an autodialer. He said I called back the wrong company ; however, my phone record will show the call came from the number I called back. I asked why one of their employees called me before immediately ending the phone call. The supervisor began asking me intrusive questions and when I refused to answer he said that the call was noted as "" refusal to authenticate. '' I asked him how me saying "" hello '' was refusing to authenticate. He refused to answer and said they would investigate it. Now I fear that if my phone number is in their system the company will continue these harassing and disruptive practices of calling me and hanging up. It is even more concerning that employees are the ones doing this.",Debt collection
10371,"I have had my mortgage with Wells Fargo Home Mortgage for years. I closed on a short sale today. I had tried for the past several years to save my home to no avail. My home preservation specialist was XXXX XXXX. And I use the term "" home preservation specialist '' very loosely as he was never of any help. Very rarely responded to any of my inquiries. I asked many time to deal with someone else at WFHM and once again. my requests went unanswered. I have called XXXX XXXX every day since last Thursday, XXXX XXXX as I am requesting relocation funds as my home is closing in a short sale today. He HAS NOT responded. I am going to temporarily move in with my daughter but I should be eligible for relocation funds from WFHM. I think it 's disgraceful, immoral and illegal not to provide relocation funds so that I can move. I would like a response and an explanation as to how I will receive relocation funds. Thank you. My loan number is XXXX My name is XXXX XXXX XXXX XXXX Court Cinti Ohio XXXX",Mortgage
10372,I requested a distribution from my traditional IRA account. They sold my securities the day I requested them. All good there. I was told the money would be in my account within 48 hours ( just like it has always been done on every other distribution I have taken ). It is a week later and I still do not have my money and they can not give me any details as to where it is or what the problem is. My account is {$16000.00} less and I do not have my money and they can give me any answers.,Bank account or service
10373,My card was stolen and use for purchases and XXXX. I filed a dispute with Netspend and they denied the dispute with no credit to my account. I filed the dispute online. This was a new account so the PIN number was on a sticky note in the same area as the card so I wouldnt forget. My card was stolen and used without my permission. If they can get the forage of the XXXX they would be able to see that.,Bank account or service
10374,In 2006 I had A auto loan with wells fargo and the car got stolen and the insurance company paid the car off but wells fargo started reporting a balance to equifax and now 10 years later XXXX is still reporting this ( A BANKRUPTCY ONLY STAY ON YOUR REPORT FOR 7 YEARS ) but this show you how big banks control credit reporting agencies,Consumer loan
10375,"On on or about XXXX XXXXXX/XX/year> I was notified by XXXX XXXX XXXX XXXX that my personal information, including sensitive details such as my name, Social Security number, and financial data, was compromised due to a security incident. This breach has led to unauthorized access to my accounts and resulted in fraudulent activity being reported on my credit report. 

Then again XXXX also notify me as well. As a consequence of this breach, I discovered several fraudulent accounts and transactions that I did not authorize. These discrepancies have now created significant challenges for me. Specifically : Fraudulent Accounts** : My credit report now shows accounts that I did not open, which has adversely affected my credit score.

I am actively working to resolve this matter by disputing the fraudulent entries on my credit report and seeking assistance from credit monitoring services. However, the immediate effects are hindering my ability to manage my day-to-day expenses effectively. 

I kindly request your understanding and support as I navigate this challenging situation. If you require any additional information or documentation regarding the breach or the fraudulent activity on my credit report.",Credit card
10376,"Ive agreed to pay the alleged debt so as a consumer should, I requested Carmax to fill out the paperwork I sent requesting the name, address, contact & signature of the creditor 3 times. Yet they refused to give me that information. Instead theyve decided to no longer protect my private personal information by selling it to third party venders influencing them to steal my vehicle, causing me to lose my job and my financial stability in the process which is a violation according to 15 USC 6802 ( b ). Theyve also made derogatory statements on my credit file which have denied me access to credit cards & employment to several different jobs all within the span of 3 months which is a violation under 15 USC 1681 ( a ) Accuracy and fairness of credit reporting. 15 USC 1662 states I wasnt supposed to put down any amount unless that amount was usually & customarily arranged so being swindled by the words how much are you willing to put down was not fair by any means. Aware of the fact that no form of cash what so ever should be put towards the finance charge I was totally unaware of the fact that my {$3000.00} wouldnt show up as a payment towards my vehicle if all other charges, fees & taxes are to be paid in the finance charge. As a Consumer I made sure my request where not inconspicuous or shady by any means while Carmax has violated my consumer rights by using tactics and information that I werent told or disclosed to me.",Consumer loan
10377,"i see on my credit report new collection account from MIDLAND CREDIT MANAGEMENT, AMOUNT OF {$7100.00} AND A CALL THE COMPANY TO GET ANY INFORMATION, THE COMPANY SAY ITS XXXX XXXX  XXXX  XXXX  OPENED IN MY NAME, I TOLD HIM THAT BOT MY ACCOUNT AND SOMEONE USE MY PERSONAL INFORMATION SUCH XXXX XXXX, NAME AND XXXX FOR OPEN FRAUDULENT ACCOUNT, USE IT AND NOT PAY! WITH DIFFERENT ADDRESS PHONE NUMBER AND EMAIL ADDRESS, THAT ACCOUNT NOT MY AND I NOT DISPOSABLE FOR THIS DEBT!",Debt collection
10378,"PayPal is blatantly lying in plain sight of the CFPB. 

A few weeks ago, I submitted the first complaint on behalf of my PayPal account under XXXX XXXX which states that 1. I provided a proper W-9 form for PayPal and they didn't accept for reasons undisclosed. The representatives seemed completely unfamiliar with the issue.

2. My account, which hasn't processed a single transaction NOR has it received a - significant in any way relative to the reserve amount - amount of complaints in months, no longer provides a reserve-worthy risk to PayPal.

In their last response, they said that they determined that my account still provides risk to them, which is a blatant lie. I'm sure they have my money invested somewhere and they're earning a % on it.

They also said my W-9 was incomplete. That was not truthful either. I will provide the W-9 in the attachments to prove this.",Money transfer or service
10379,"I received a text from Chase on XX/XX/21, they told me they declined a {$230.00} purchase with my credit card at XXXX XXXX. They asked if that was my purchase, I said no. They canceled that card and sent a new one ; however, I found out after going through my statement on my mobile app that there were over XXXX in XXXX charges on my credit card. Chase flagged one charge but there were at least 50 charges. I called both Chase and XXXX, its been an ongoing issue. I received a letter from Chase saying my case was closed because they said I benefitted from the transactions which I did not. I had to continue to call both Chase and XXXX to try to get them to work together to help me get my money back. XXXX asked me if I knew a XXXX XXXX, I said no. This person is involved in this fraud. Ive also filed a police report naming this person in the case.",Credit card
10380,"I woke up to a transaction from XXXX for XXXX dollars on my cashapp card around late XXXX XXXX. First thing I did was contact XXXX and requested a refund which they refused. First I talked to a representative that said the transaction didnt go through their systems so it would be refunded to my card. I confirmed with said representative roughly XXXX or XXXX  times if this was true and they reassured me that the statement was true. But the next morning I saw that the transaction did go through. Then I began talking to another representative just to be sure and they pretty much told me I just wasnt gon na get my refund and then ended the conversation after I defended my case. Then I went to cashapp to handle it and filed a claim for a dispute on Sunday which they denied Monday morning, which to me doesnt add up because they said roughly XXXX  days for a response and proceeded to deny my claim in around XXXX hours and the fact that thats the first prize picks transaction on my cashapp card and I gave them a generous amount of evidence that could help me in this case. After almost losing hope I found about the CFPB and how they help people just like me and now Im filing this complaint. Hopefully I am able to get this refund.",Money transfer or service
10381,"On XX/XX/year>, I initiated an outgoing electronic transfer from my Ally Bank Savings Account, to an external bank account that Ally had previously verified. This transfer was for {$50000.00}. The nature of the transfer was a personal loan. The same day, Ally flagged the transfer as possibly fraudulent, and restricted all access that I have to my account. I called Ally XXXX times to resolve the issue before them telling me on XX/XX/year> that their investigators decided to close the account. I was told that I would receive my funds as a check in XXXX days. On XX/XX/year>, I called Ally again and was told that my account closure is pending and that I will receive my funds as a check in XXXX days. Ally has not given me any access to my account of approx. {$85000.00} in over three weeks which is money critical to my livelihood. They've provided no mail indicating my account is closed, only verbally when I call them. The Ally Bank Savings Account number ends in XXXX. Ally is not providing me access to bank statements at this time.",Bank account or service
10382,"Despite the multiple previous written requests, the unverified accounts listed below still remain on my credit report in violation of XXXX XXXX. You are required under the FCRA to have a copy of the original creditor documentation on file to verify that this information is 100 % true, accurate & correct. 

In the results of your first investigation and subsequent reinvestigation ( XXXX ), you stated in writing that you verified that these accounts are being reported correctly? Who verified these accounts? You have NOT provided me a copy of ANY original documentation ( a consumer contract with my signature on it ) as required under Section 609 ( a ) ( 1 ) ( A ) & Section 611 ( a ) ( 1 ) ( A ). Furthermore, you have failed to provide the method of verification as required under Section 611 ( a ) ( 7 ). Please be advised that under Section 611 ( a ) ( 5 ) ( A ) of the FCRA you are required to ... promptly CORRECT or DELETE all information which can not be verified.

Section 616 and Section 617 provide me with a remedy which XXXX about to seek. You are willful non-complying with the FCRA. 

Since you claim XXXX verified the accounts listed below I wanted to confirm my thoughts and contacted the banks directly. They did not provide me with any verifiable proof. So, my question comes up again, WHO VERIFIED THESE ACCOUNTS? I believe you have not verified these accounts based on Section 609 ( a ) ( 1 ) ( A ) & Section 611 ( a ) ( 1 ) ( A ) & I will be seeking a legal remedy. 

Please DELETE the account, or inaccurate information, from my file immediately XXXX XXXX XXXX",Credit reporting
10383,"Payment attempted to Aidvantage on the following dates : XX/XX/2023 XX/XX/2023 XX/XX/2023 XX/XX/2023 XX/XX/2023 Each time payment was reversed. I resubmitted my bank account information and tried submitting again, but still the payment is reversed. Unable to get in contact with the company. I tried to contact them through email on XX/XX/2023, and they have not replied. Now they are saying I missed my payment, without any notification. The only emails I received from them during this periods were confirmations that my payment had posted. There were no communications about reversed payment.",Consumer loan
10384,"In the process of applying for another loan, my credit report showed a delinquent account with an overdue amount to a utility company in Texas. I have never lived in Texas and my last XXXX  trip to Texas was at least XXXX years ago. 

I submitted a dispute to TransUnion XXXX and the utility company - I'm still waiting to hear from the utility company ). TransUnion 's "" investigation '' stated that my report is accurate with regard to the amount due the utility company. They provided no evidence or explanation as to why they think this is correct. TransUnion should be obligated to provide documentation and verification. 

I can not prove a negative - it's up to them to prove this is my account.",Credit reporting
10385,"In XX/XX/XXXX and again in XX/XX/XXXX, a banker then a teller at 2 US Bank branches informed me that if my balance went to XXXX  the account would be closed. I did in fact close out the account in this manner. I no longer monitored this account as I had already done so to insure no outstanding checks or debits were posted. Now in XX/XX/XXXX I receive a letter informing me that I owe 2 months service fees and another past due fee. I took this letter to one of the same branches and another banker told me there was nothing she could do about it. This letter also claims "" You have been contacted recently '' regarding this matter. It does not say how I was supposedly contacted or dates or times. This letter also threatens to damage my credit with other financial institutions. 
Thank you.",Bank account or service
10386,"I received 100 % permanent and total XXXX from the VA effective on XX/XX/2025, after my claim was completed on XX/XX/2025. On XX/XX/2025, I paid {$7300.00} to Mohela to eliminate an unsubsidized loan. My loans were discharged a few months later in XX/XX/2025. I sent an email on the Mohela website to inquire about my refund. The response I received stated, "" Our records show that your loans were discharged due to XXXX with an effective date of XX/XX/2025. As there were no payments made after this date, no refund will be issued. '' Under Code of Federal Regulations ( CFR ) Title 34, Section 682.402 ( c ) and Section 685.213, I am entitled to a refund of {$7300.00} paid on XX/XX/2025.",Consumer loan
10387,PayPal closed my account for no reason and will not help me with getting it back up and going. I am not sure if this is some mistake as I assume it has to be. I have not been able to get help from them for months but I just remembered I could file a report on here as I feel they are not doing their job properly and it is effecting me a great deal as I used PayPal quite frequently and have a reasonably large sum money being held by PayPal that they are not allowing me access to. My email linked to my PayPal is XXXX.,Money transfer or service
10388,"I am in process of a refinance of my home and my mortgage company, United Wholesale Mortgage has not updated my payments for almost ( XXXX ) months making it appear that I have an unsteady payment history resulting in a lower credit score. I made calls into the company on XXXX occasions to fix this issue and nothing has been done. 

I made calls in XXXX and XXXX because the credit bureau does not show me paying any mortgage since XXXX of XXXX  and I have not missed XXXX payment in the XXXX  years i have owned my home.",Mortgage
10389,"XXXX and XXXX debt collection agency repeatedly calls me asking for more in monthly payments. I have repeatedly told them that I can not afford more than I already agreed upon. 

They recently called my work number when they know my cell number. My voice mails are monitored and this is unacceptable. 

I have been dealing with XXXX and if I had more money, I would certainly pay more ; however, my income does not support any more than I did agree upon and signed the agreement. 

Once an agreement is made with a collection agency, they are dishonoring their own agreement and I definitely feel they are harassing me now, as this has been a monthly call. 

I no longer will accept any calls from this collection agency. Their practices of harassment is causing me undue XXXX XXXX and XXXX  while I am dealing with XXXX.",Debt collection
10390,Department of Education does not have my accurate payment count on their website. The website is missing payments made from XX/XX/XXXX to XX/XX/XXXX. I should have made my XXXX qualifying payments years ago. I have tried talking to Mohela and they have stated that there is nothing they can do. I have tried reaching out to XXXX XXXXXXXX XXXX and I can not reach an actual person. I contacted XXXX who used to be my loan servicer and they provided me with documentation proving I made payments during this period of time. Nothing has been done.,Consumer loan
10391,Made payoff payment to BMO HARRIS AUTO LOANS on XX/XX/2019. Registered payment with them on XX/XX/2019. Said it takes 17 business days to release lien for payment to clear. I requested the lien to be released sooner due to the vehicle being given to my parents in another state. They are unable to register the vehicle until lien is removed. Was told they will fax to the DMV to release the and it never happens. They say title is in the mail and I never receive it has already been 15 business days.,Consumer loan
10392,"Money was taken out of my citizens account by cash app that I or no one in my home authorized. Over XXXX XXXX  that was for a second car for my family. We have XXXX  twins. We live in the country so when my wife or I are gone there is no way to get anywhere. XXXX is XXXX minutes away. I filed a claim XXXX with citizens as soon as we saw it. XX/XX/XXXX. I filed something with you XXXX against XXXX. Cash app has been very uncooperative with me accusing me of fraud and wont sho me proof. I live in XXXX  and on cash app it says on t trusted device Im in XXXX. They will not explain that. Im stressed out about this citation, what do I do?",Money transfer or service
10393,"I requested the medication information from XXXX website. There is a person contact me via test massage on second day. He provide me a name, email for XXXX payment. After I sent money via XXXX, he ask me another fee charge by XXXX. Custom and give me another XXXX account information. I found it is scam. I contacted with my bank and send all the text massage information to my bank, my bank mentioned after research, they can not refund money to me.",Money transfer or service
10394,"I visited XXXX XXXX in XXXX, NY to look at a new truck. We discussed a truck, they took some information and went to run numbers. As we were filling out information prior to running numbers. I said to the salesman, very clearly, do not run my credit. I have an XXXX credit score and am very particular about it. I stressed how important it is, he acknowledged and understood. They disappear to run their numbers per usual, come back to share them. We were obviously not looking at the right truck. As I get up to leave because I had a two hour drive home to take care of my dog, the sales manager states to me "" your payoff was a little higher than you thought ''. Which technically, it wasn't, but TransUnion hadn't updated yet. To which my response is "" you ran my credit?? "". At this point I was extremely upset and frustrated. I asked for full disclosure pricing on a 72 month term, they came back with all different terms, add-ons including warranty, rust proofing, etc. and completely ignored my request to not run my credit. Now I have an unjustified hard inquiry on my credit that will remain for 2 years for no reason.",Consumer loan
10395,"I was always able to receive and send money via Paypal then suddenly I was asked to provide my bank statements and identification ( passport ), which I actually did provide. Later they limited ( I could not withdraw, send or receive funds ) my account for a period of 180 days which ended on XXXX XXXX. On XXXX XXXX at XXXX pm CAT I was sent an email that stated that I could withdraw my funds unfortunately, I am still unable to withdraw my funds. I really don't understand why I still can not withdraw my funds even after trying to reach out to Paypal support via email, inbox and even XXXX. I seek your help to look into this, this is the Reference ID : XXXX",Money transfer or service
10396,"I opened a Wise account in XXXX XXXX, immediately after turning XXXX on XX/XX/XXXX. Wise was my first choice for an international financial platform, and I trusted the company to begin building my financial history as an adult. 
On XX/XX/XXXX, I attempted to receive XXXX from my own XXXX bank account. Wise required identity verification, which I completed correctly. Right after verification, Wise permanently closed my account without giving any factual reason. The XXXX was later returned, but the issue is not the money it is the unjust treatment and a lack of due process. 
I am a newly-adult consumer with no previous banking violations, no suspicious activity, and no third-party transfers. Wise has refused to provide : - any explanation or evidence, - any meaningful investigation details, - any fair appeal process. 
Closing my very first global financial account immediately after obtaining my identity documents sends a damaging message to a young consumer who chose to trust Wise. I believe this treatment is unreasonable, disproportionate, and may violate consumer rights and principles of fair access to financial services.",Money transfer or service
10397,"I opened a Netspend checking account on XX/XX/year> with the promotional offer of direct deposit of {$400.00} or more within 60 days of account opening to receive a {$100.00} bonus into the checking account. I work for XXXX XXXX XXXX and has set up direct deposit from my salary to go straight to this bank account on XX/XX/year> ( early paycheck has arrived at NetSpend 2 days early so the deposit posted on XX/XX/year> ). However it has been 5 months and NetSpend still has not followed their promotional term to credit the promised bonus amount into my account. I have reached out to NetSpend multiple times to request a review but still receive "" You are not eligible for the bonus because you did not have direct deposit within 60 days of account opening on your account '', which is not true and I had even sent them my pay stub to prove I did qualify the terms. Please see the attachments for screenshot with timestamp of promotional term, my bank statement, and my paystub. They also ordered my replacement debit card for my original debit card that had never arrived using expedite shipping without my authorization and charged me {$20.00} for it, which I had to call in multiple times over the course of 3 months to get my refund. The practice of this bank is unethical, deceiving, and needs to be noticed by the CFPB as well as the general public. Please help me reach out to them to request correction actions on their party. Thank you very much, XXXX XXXX",Bank account or service
10398,"ACCORDING TO 15 USC 1681I - XXXX, XXXX, AND TRANSUNION HAVE XXXX  DAYS TO INVESTIGATE AND SEND ME THE RESULTS. 

In accordance with the Fair Credit Reporting act. These accounts violated my federally protected consumer rights to privacy and confidentiality under 15 USC 1681. 




XXXX XXXX # XXXX XXXX # XXXX UNAUTHORIZED INQUIRIES : XXXX XXXX XXXX XX/XX/year> XXXX XXXX XX/XX/year> XXXX XXXX XXXX XXXX XXXX XXXX XXXX XXXX  15 U.S.C 1681 section 602 A. States I have the right to privacy. 

15 U.S.C 1681 section 604 A Section 2 : It also states a consumer reporting agency can not furnish a account without my written instructions 15 U.S.C 1681c. ( a ) ( 5 ) Section States : no consumer reporting agency may make any consumer report containing any of the following items of information Any other adverse item of information, other than records of convictions of crimes which antedates the report by more than XXXX  years.

15 U.S.C 1681s-2 ( A ) ( 1 ) A person shall not furnish any information relating to a consumer to any consumer reporting agency of the person knows or has reasonable cause to believe that the information is inaccurate.",Credit reporting
10399,"On XX/XX/XXXX, I placed an online delivery order from XXXX, order # XXXX and was charged {$370.00}. 

XXXX charged me again, today, XX/XX/XXXX for the same amount of {$370.00}, for NO REASON. Now, I'm overdrawn {$370.00} and I can't pay my bills. I will be charged late fees and suffer repossession of electrical appliances. I can't get my laundry done or buy ANYTHING! 

Talked to XXXX from XXXX, reference number XXXX. She told me to call my bank and tell the bank that XXXX was going to call them so the hold can be released. I called the bank, again, and told them and the bank refused to cooperate.",Bank account or service
10400,"Beginning of this month my Walmart account was sold to Capital one The payment is due XXXX of every month. I always log on to see what amount is due so I can be sure I am paying the correct amount. 
I tried to XXXX XXXX and could not get log in! Capital on was no prepared for the transition. 

So I just paid what I did for last month. I was instructed to go to URL WALMART.CAPITALONE.COM. I tried this a got a series of pages and still could NOT get to my account. So I called them and NO help. 

I need online access so I can view my account and statements and make payments This is important in order to keep my account up-to-date To date I have not received a statement nor receipt for my last payment on XX/XX/19 of {$130.00}. 

Everyone in customer service is very difficult to communicate with the just DON'T UNDERSTAND I just basically want access to my account. I am being treated as though it is NOT MY ACCOUNT. 
I know Capital One has had problems with CYBER ATTACKS but DON'T BLOCK ME FROM MY OWN ACCOUNT. I am attaching a copy of the screen I get and can't get online to my account.",Credit card
10401,"XXXX XXXX XXXX XXXX XXXX XXXX XXXX OH XXXX SS XXXX XXXX XXXX To whom it mar concern, I was going over my credit file and found some items that are incorrect and never verified. FCRA 623, 609 violation. I request the following unknown address be removed from my file : XXXX XXXX XXXX XXXX, OH XXXX. 
The following accounts are not METRO 2 complainant Per 15 U.S.C 1681e Whenever a consume reporting agency prepares a consumer report it shall follow reasonable procedures to assure maximum possible accuracy of the information concerning the individual about whom the report relates. 
According to 12 CFR Part 1022 ( Regulation V ) requires furnishers to : Furnish information concerning accounts or other relationships with a consumer that has integrity. Please delete the following accounts : XXXX XXXX, XXXX XXXX XXXX  XXXX, XXXX XXXX XXXX XXXX, XXXX XXXX, XXXX XXXX XXXX XXXX, XXXX XXXX XXXX,",Credit reporting
10402,"XXXX XXXX XXXX XXXX XXXX XXXX XXXX FL XXXX SS # XXXX XXXX XXXX XXXX I Hereby request Validation of debt collection practice act ( FDCPA ). Statements alone are not sufficient evidence of debt. As established in XXXX concrete XXXX  XXXX. XXXX, XXXX XXXX XXXX, a mere statement does not satisfy the burden of proof. therefore I request you provide : XXXX. The original contract or agreement. XXXX. A detailed accounting of the debt, including all charges and payment made. XXXX verification from the original creditor that you have the legal right to this collection debt. Additionally, I demand that you cease and desist from all communication with me, as provided by the FDCPA. This includes, but is not limited to phone calls, email, letters, or any other form of communication. Furthermore, this cease and desist request extends to any form of communication via my consumer reports. Thus, you must delete any entries related to this debt from all consumer reporting agencies. Account # XXXX XXXX  if you fail to comply with this request.",Debt collection
10403,On XX/XX/XXXX 2017 I sent a validation letter to Enhanced Recovery Corp they recieved itXX/XX/XXXX 2017 on the behalf of XXXX. I ask in the valdation letter for them to send me a signature of the contract and validated the debt the say I owe. The sent me a bill of the phone useage from XXXX themselves. I then sent 2nd letter tell them this does n't validated an debt an to remove this debt of my credit or I will be force to take legal action I sent the 2nd letter onXX/XX/XXXX 2017 giving them an additional 5 days business to validated the debt they recieve that letter on XX/XX/XXXX 2017 it is pass the debt but they have recently reported a new collection on my credit onXX/XX/XXXX 2017 but having validated my debt,Debt collection
10404,"I purchased a XXXX Buick Rainer on XXXX XXXX, XXXX. The amount financed for the Vehicle was {$16000.00}. Since XXXX XXXX, XXXX, I have been paying the sum of {$440.00} every month. To date, I have paid {$15000.00} and have been inform that I still owe {$10000.00} on the Vehicle. Since I got the Vehicle, I have been experiencing serious problem involving periodic repairs. This has been going on until recently, the Vehicle has broken down. The repair bill is over {$4000.00}, which I do n't have. I have tried to solicit help from the loan company, Exeter Finance, but they have flatly refuse to even listen to me. I asked for them to refinance the vehicle, but they told me to go to other Loan Institutions as they do not finance their own loan. I am writing this complaint to inquire as to what steps are available to solve this problem. I casn not continue to pay for a vehicle that I am not using. It is apparent that during the course of this loan, I have only been paying interest, and little or no principle. Please advise on how I can get help in this situation. Thanks for your anticipated help.",Consumer loan
10405,"We have purchased a new home. We still are paying the mortgage on our previous ( first ) home. We are trying to owner-finance a sale of the first house. However, the title company asked we receive a letter of permission from the lein holder, Carrington Mortgage. On XX/XX/XXXX, I contacted them by phone to ask for this letter. They sounded confused as to what I was asking. They asked that I fax a letter requesting the permission to their Research department. I had my agent fax that letter the same day, XX/XX/XXXX. 

I phoned back on XX/XX/XXXX and the representative claimed that the fax receipt was not in the system, and if it is not there, they can not help with any further information. When I asked whether she could contact the department and verify, I was told she has no way to contact them, and I should wait until the 20 - 30 allotted business days were up. 

We have yet to receive any information or response to the letter or phone calls. As of last week, XX/XX/XXXX, their customer support system was having technical difficulties and the office was closed.",Mortgage
10406,"In accordance with the fair credit reporting act. This creditor has violated my rights, under 15 U.S.C. 1681 section 602. States I have the right to privacy.

15 U.S.C. 1681 section 604a section 2.

It also states in consumer reporting agency Can not furnish an account without my written instructions.

Under 15 U.S.C. 1666b. A creditor may not treat a payment on a credit card account under a open-end consumer credit plan as late for any purpose. 

Please remove these late payments and update the account immediately, As you are in direct violation of the Fair Credit Reporting Act )",Consumer loan
10407,"My mortgage was transferred to Roundpoint Mortgage Servicing in XX/XX/2023. Ever since the transfer I have consistently faced trouble submitting my payments through their online website. I always ensured to submit my mortgage payments on time, yet their online payment system either does not deduct the payment or returns it to my bank as a stopped payment. I usually have to resubmit my payment twice or thrice to ensure that they received my mortgage payment. Recently, in XXXX I have faced the same issue, however now they completely changed the amount received although my bank statement indicates that they received the complete amount due. Whenever, I try to speak to the customer service center they are of no help, evade answering questions, and state that they can not see my payments through the system and try to make it appear as though it is my banks problem, although it is not. Please, help me ensure my mortgage payments are timely paid, I have everything to prove I have submitted my payments timely. This company does this to increase the monthly payments and are causing me unnecessary trouble and financial harm. Please help me resolve this by communicating with them. I am honest in my dealings and try to stay up to date with my mortgage payments. Thanks!!",Mortgage
10408,"We took out a XXXX mortgage with Green Tree for our childrens school and medical bills. ( I 'm on the XXXX at the University XXXX ) I have written, called, Green Tree so many times and have gotten no response. All I wanted them to do is lower my interest rate of 9.65 to even 5 would help. I have never been late on a payment but its getting harder and harder to make those payments especially when principal is only XXXX from a payment of XXXX. Any help would be appreciated. I have told them when the transplant happens we may not be able to afford this with the medications being so high. I have NEVER heard back from them ... XXXX and XXXX XXXX",Mortgage
10409,"I have expressed that there were multiple fraud accounts and inquiries placed on my credit file over the past few years and XXXX, XXXX  and transition are continuing to report fraudulent information on my credit file.",Credit reporting
10410,"I am a recording artist through "" XXXX XXXX XXXXXXXX XXXX XXXX XXXX XXXX XXXX '' I have been producing products for over 10 years with XXXX XXXX. I was using PAYPAL as my "" Payment of Choice '' for receiving my sales revenue. Both XXXX XXXX and PayPal have provided me with documentation that shows ONLY 5, of the most recent payments into my XXXX  XXXX XXXX bank account. XXXX XXXX has provided me with 3, pages of additional payments dating back to XXXX. I can't reach anyone at PAYPAL who can "" REFUND '', or RETURN to XXXX XXXX those payments that I have never received. The amount I am due is {$11000.00}. At least that's what my XXXX XXXX XXXX Account page shows. XXXX XXXX has assured me that they can "" REISSUE '' my payments as soon as PAYPAL can confirm that I never received those funds. I have NOT been able to reach anyone at PAYPAL. The IRS will be expecting me to pay TAXES on that income if it is indeed my revenue. Can you help me reach someone at PAYPAL who can address this legal issue concerning my bank account information and TAX ID?",Money transfer or service
10411,"Was granted deferments in XXXX, XXXX, XX/XX/XXXX. Disaster relief XXXX, XXXX, XXXX of XXXX, yet they reported late payments for those months. Which is impacting my ability to get any new credit, due to the 9 late payments they are listing. So these late charges need to be removed in accordance with U. S. code 1666/ 1666B. They stated my payment where past due, but not 30 days late.",Consumer loan
10412,"My name is XXXX XXXX, and I am sending this request myself to address the inaccuracies on my Credit Reports. 

This account is inaccurately and erroneously reporting. Their intentional and willful furnishing of inaccurate information is a violation of FCRA Section 623 and according to FCRA Section 611. I have done many attempts to reach out to XXXX and XXXX Credit Bureaus but they failed to give me any results or feedbacks about this concern, and where is the proof of payment history for this account? Please investigate properly and remove it from my personal credit file. Thank you. 

LVNV FUNDING LLC XXXX Balance {$380.00}",Credit reporting
10413,"In 2010 I acquired a Macy 's store card. A year or so later, I was informed that, because of my excellent credit, it was being automatically converted to a Macy 's American Express card. I have used it only for purchases at Macy 's and at XXXX. Today I received a notice from my credit monitoring service that I had exceeded the credit limit on my card. I checked my most recent statement and saw that the credit limit is {$2000.00} -- far above the {$340.00} balance from XXXX charges. I telephoned the customer service number on my Macy 's card statement and was told that it is a "" XXXX in XXXX '' card. The {$2000.00} limit applies only to purchases at the store. Outside purchases are governed by a {$300.00} credit limit. I then phoned the XXXX customer service number and was told the same thing. I am furious and feel that this is deceptive. If there must be a discrepancy in the credit limits, that should be stated clearly on every statement. Remaining credit for Macy 's purchases : $ XXX.XXRemaining credit for other purchases : $ XXXX. 
I intend to cancel the card after paying the outstanding balance, but wanted to warn others about this practice.",Credit card
10414,"I am deeply concerned about the violation of my consumer rights through the dissemination of inaccurate information. I expect fair treatment from those responsible and request detailed explanations regarding the lapses in accuracy and compliance. Negative information, regardless of certification, is unacceptable to me as I prioritize factual and truthful data concerning your company and my credit profile. The credit report I received is astonishingly inaccurate, considering the expected adherence to the FCRA and relevant XXXX XXXX data field formatting standards. I challenge you to create a verified, complete, and true document with evidence for each claim, as stated in the 2020 XXXX. Deviations from these standards jeopardize data integrity, highlighting the seriousness of this issue. To prevent any future financial repercussions, I kindly request the prompt removal of any false accounts from my credit report, as it holds great significance in my life. I insist on factual accuracy, verification, and compliance in all documented data. 

Listed below are the Collections that are being challenged SOURCE RECVB - XXXX",Debt collection
10415,"I recently conducted a review of my credit report and found several items that have caused me significant distress. These items appear to be unverifiable, inaccurate, and questionable. Your agency has failed to ensure the accuracy of the information as required under 15 U.S. Code 1681e ( b ) Accuracy of Reports. This statute mandates that consumer reporting agencies must follow reasonable procedures to ensure the maximum possible accuracy of the information they report. 

Furthermore, under 15 U.S. Code 1681i ( 5 ) Treatment of Inaccurate or Unverifiable Information, you are required to promptly delete or modify any information found to be inaccurate, incomplete, or unverifiable during a reinvestigation. If you are unable to provide me with verifiable proof of the accuracy of the disputed items within 15 days of your investigation, these accounts and the related information must be removed from my credit report.

Additionally, under the Fair Debt Collection Practices Act ( FDCPA ), I do not recognize any of the alleged creditors or debt collectors. I have never entered into a valid contract with any of these entities, nor have I engaged in any transactions with them. As such, these accounts are fraudulent and and inaccurate information.",Credit reporting
10416,"I am filing a complaint regarding inaccurate billing, misapplication of payments, and improper account locking on my auto loan. My monthly payment is {$660.00}. 
In XXXX and XX/XX/XXXX, some early payments did not post correctly. To resolve this, on XX/XX/XXXX, I made a {$1500.00} catch-up payment, which cleared my bank without issue. When payments are applied correctly to the oldest unpaid balances, that XXXX payment fully satisfied the prior months and created a credit that carried forward. 
Additional payments made in XXXX, XXXX, and XX/XX/XXXX cleared my bank and were applied, resulting in all monthly obligations being satisfied through XX/XX/XXXX. 
I filed a bankruptcy case in late XX/XX/XXXX. Payments made after that time cleared my bank and should have been applied accurately and consistently by the loan servicer. 
Despite this, in XX/XX/XXXX I was unable to make my scheduled payment because Global Lending locked my account. I was told by representatives that I owed an additional balance exceeding {$1000.00} and that a prior payment had not cleared, which is incorrect. My bank records show the payments cleared, and the lenders own payment history does not support an outstanding balance beyond the regular XXXX payment. 
I contacted Global Lending multiple times, including escalation, but the issue was not resolved and promised follow-up did not occur. I am requesting correction of the account balance, removal of the improper account lock, confirmation that payments through XX/XX/XXXX are satisfied, and the ability to make my XX/XX/XXXX payment without penalty.",Consumer loan
10417,"I filled out a 1099A form for Navy Federal, which the IRS accepted on XX/XX/year>. As a result, it has now become a certificate of indebtedness that is considered as income. Please update my account ending in XXXX and confirm that it has been paid as agreed by all third-party agencies and send me copy B so I can properly complete my taxes.",Credit card
10418,I was buying a car for XXXX I sent {$2000.00} in one transaction on cash app to the person and I sent {$400.00} in the summer transaction and then they answer the phone one more time and told me they were not going to give me my car or my money back so I found out this view and they're acting like they if he doesn't give me the money back get my money back,Money transfer or service
10419,"JP Morgan Chase Bank Received email notification that Chase Freedom Unlimited card was applied for on XX/XX/23 Notified Chase bank who stated they will close the application and notify credit bureaus to remove the inquiry Notified XXXX, they stated they will process the dispute and identity theft claim",Credit card
10420,This company has continued to violate my consumer rights by reporting inaccurate information about and address I never lived at plus this is a made up address that is attached to an account that is also not mine but they still want remove this account even when I request it to be removed plus I have shown my drivers license that have my correct address on it but still they want remove it. I have even got and FTC report for the account and inaccurate address but still they want remove it.,Credit reporting
10421,XXXX and TransUnion refuse to remove a paid in full account on a secured credit i had with XXXX  witch whom i still bank with as a derogatory and negative remark on my credit report and it is hurting my chance of getting a home loan can u plase investigate and have them negative account removed,Credit reporting
10422,"On XX/XX/23 I received a text message from "" Bank of America '' asking "" Did you attempt a {$3500.00} XXXX transaction. Reply Yes/No/Help. This text was from the number ( XXXX ) XXXX. I did not respond to this text. 
On XX/XX/23 I received another text message with exactly the same language from number ( XXXX ) XXXX XXXX from a person named XXXX XXXX. 
I responded NO and immediately got a call back from someone who said they were from Bank of America. He then took me through EXTENSIVE steps that he said would rectify this matter, even transferring me to a person from XXXX. Neither were representatives of these companies. When I hung up I called my bank to find out that this transaction was put through. This SCAM is RAMPANT. For further clarity this is how it works : "" A common example of the latter is the XXXX Fraud Scam, which uses an ever-shifting set of come-ons to trick people into transferring money to fraudsters. The XXXX Fraud Scam often employs text messages and phone calls spoofed to look like they came from your bank, and the scam usually relates to fooling the customer into thinking theyre sending money to themselves when theyre really sending it to the crooks '' Bank of America is not willing to refund my {$3500.00} saying that since it was me that transferred the money that there's nothing to be done about it. 
I am proceeding with filing a complaint with the local police, the FBI and notifying XXXX, as well as any other organizations that deal in these matters, as well as any political figures that focus on these fraudulent banking practices.",Money transfer or service
10423,"Recently, I did an investigation on my credit report and found several items on there to be inaccurate. 
Under 15 U.S.Code 1681e ( byccuracy of report Whenever a consumer roporting agency prepares a consumer report, it shal follow reasonable procedures to assure the madmum possitle accuracy of the information concerning the individual about whom the report relates.

15 U.S.Code 1681i ( 5 ) Treatment of inaccurate or unverifable information ( A ) in general it, after any reinwvesigation under paragraph ( 1 ) of anty intormation disputed by a consumer, an item of the information is found to be inaccurate or incomplete or can not be verified.

the consumer reporing agency shall- <prompty delete that item of information from the fie of the consumer, or modify that item of information, as appropriate, bused on the resuts of the reinvestigation; and ( i ) prompty notity the fumisher of that information that the information has been modified or deleted from the fie of the consumer. 
Please romove the followirig items trom my credit report",Credit reporting
10424,"I am filing this complaint against Navient for repeatedly contacting my workplace, including my colleagues, managers, and organizational executives, regarding my personal student loan. These actions have caused significant distress, and I view them as harassment. Despite my efforts to handle this matter privately, the company has escalated the situation by involving my professional contacts, which jeopardizes my reputation and employment. I have requested multiple times that all communications be directed to my personal email or phone, but Navient has disregarded these requests. This behavior is unprofessional, invasive, and has created unnecessary tension within my workplace. 

I am seeking a resolution that prevents Navient from contacting my workplace or any professional colleagues regarding my personal matters. Additionally, I would like to formally request a cease-and-desist order to stop this harassment immediately.",Consumer loan
10425,"I am filling a complaint against Cash App ( Block , Inc. ) due to inadequate customer service and unfair practices, which violates the Consumer Financial Protection Act ( CFPA ). Specifically, Cash App failed to take timely and effective measures to prevent and address fraud on their platform, leaving my account and my personal information vulnerable and unprotected. Furthermore, their dispute resolution requirements under the Electronic Fund Transfer Act ( EFTA ) and Regulation E. These actions have caused significant inconvenience and financial loss, and I seek appropriate redress for these violations from this company.",Money transfer or service
10426,"My bank has suspended my account and restricted my ability to make transfers to an external account. I have called and requested this be fixed, and am told I must wait 1-2 business days. I feel this is an inappropriate amount of time to not be able to access the money I need to access. Additionally, I don't understand why my account has been suspended for a failed {$2.00} transfer. I have been a customer for years, and the support I have been given for this issue is completely unacceptable.",Bank account or service
10427,"From XXXX XXXX to the present, Synchrony Bank has been calling my cell number from XXXX times per day, as early as XXXX XXXX. After the phone call they send a text. I do not have a balance with this bank. My account was paid off in early XXXX XXXX. Multiple calls have been placed to request that they cease their advertising or marketing tactics without success. When I call their XXXX number back, it takes me directly to their automated system which indicates I have a zero balance They need to be regulared and fined.",Credit card
10428,"i had an overpayment on a card after i did a return.total was XXXX some changei requested a payout for that amount on XX/XX/XXXX. i have still not received my money. 
also is there a way to charge them a late fee?",Credit card
10429,I booked a hotel room by phone with company called XXXX XXXX XXXX in the amount of {$780.00}. At the time of booking I specifically ask. # 1 was it refundable. I had a medical procedure scheduled that could be cancelled. I was told yes just let us know as soon as possible. # 2 was there a shuttle. I was told yes. # 3 was I receiving the XXXX XXXX rate. I was told yes. I booked the room confirmation came back no cancellation no shuttle. I contacted the merchant and I was told no refund. I contacted Barclays to file a dispute. I have their AA Advantage Master Card. XX/XX/year> I received confirmation of the dispute. XX/XX/year> I received a provisional credit. XXXX a denial of my dispute due to merchant has not violated terms of contract. I do not believe Barclays read my appeal and summarily dismissed. I was given false information. I would have never booked with them if i was provided the information in the confirmation. In addition i also informed Barclays when i filed the dispute the merchant cancelled the hotel room that was paid for. My procedure is still scheduled and i had to book another room same hotel same dates.,Credit card
10430,"My mortgage lender Umpqua Bank has engaged and conducted an illegal foreclosure sale. Umpqua Bank has failed to follow the guidelines and policies and procedures that MUST be followed when servicing a government insured FHA loan. A denial letter that was received indicates that if an appeal is requested, that there is a 30 day appeal review period, and Oregon and federal law prohibits a foreclosure sale to be conducted prior to the expiration of this appeal period. However, Umpqua Bank and law firm XXXX neglected to consider this and moved forward with and conducted an illegal foreclosure sale despite the fact that an appeal was requested. I have attached documentation to back up this assertion. 

Additionally Umpqua Bank and XXXX failed to offer Occupied Conveyance as an option. The Occupied Conveyance paperwork was never provided for me and this option was never offered, even though FHA and HUD REQUIRE that FHA loan servicers provide this option. 

I have owned my home in XXXX Oregon for sixteen years. I refinanced into an FHA mortgage loan that is serviced by Umpqua Bank, and after being injured on the job and forced to take an early retirement have been trying to resolve a mortgage delinquency with them. On multiple occasions I asked Umpqua Bank to work with me and consider me for all of the government FHA programs that they have available. They told me on XX/XX/XXXX that I was denied, but I believe significant errors were made so we requested an appeal. I believe that if I were given the option of a review based on my appeal and the chance to point these errors out that I would have had the denial overturned and gotten approved.",Mortgage
10431,"I am writing to file a complaint against Navy Federal credit union regarding multiple overdraft fees I have incurred. Despite having sufficient funds when transactions were authorized, I was charged fees due to lagged posting of charges and credits. This issue aligns with the recent CFPB findings against Navy Federal for similar practices, where transaction settled with insufficient balances despite initially available funds. I believe these practices are unfair and request an investigation into my account transactions.",Bank account or service
10432,"In accordance with the fair credit reporting act XXXX XXXX XXXX XXXX XXXX XXXX HAS VIOLATED MY RIGHTS 15 USC 1681 Section 602 states : I have a right to privacy.

15 USC 1681 SECTION 604A SECTION 2 : IT ALSO STATES A CONSUMER REPORTING AGENCY CAN NOT FURNISH AN ACCOUNT WITHOUT MY WRITTEN INSTRUCTION.

15 USC 1666 B : A CREDITOR MAY NOT TREAT A PAYMENT ON A CREDIT CARD ACCOUNT UNDER AN OPEN-END CONSUMER CREDIT CARD PLAN AS LATE FOR ANY PURPOSE.",Credit reporting
10433,"My care was repossessed in XX/XX/2017 and sold for {$2500.00}. I was harassed had wages garnished and my debt resold after the 7-year period. It is still on credit, but credit bureaus are lying saying that it isn't.

In accordance with the Fair Credit Reporting Act, this creditor has violated my rights under 15 USC 1681 section 6 0 2 that states ; I have the right to privacy ( 15 USC 1681 ( section 6 0 4 a section 2 ).

It also states that a consumer reporting agency can not furnish an account without my written instructions under 15 USCS 1666b a creditor may not treat a payment on a credit card account under an open-end consumer credit plan for any purpose.",Consumer loan
10434,"I Recently, I did an investigation on my credit report which caused XXXX  XXXX, and found unverifiable, invalidated, inaccurate, and questionable items that your agency didn't make sure it was reporting 100 % correctly. Under 15 U.S. Code 1681e ( b ) Accuracy of report Whenever a consumer reporting agency prepares a consumer report, it shall follow reasonable procedures to assure the maximum possible accuracy of the information concerning the individual about whom the report relates. I made numerpus phone calls, amd letter sent on XX/XX/year>. I know that Under 15 U.S. Code 1681i ( 5 ) Treatment of inaccurate or unverifiable information ( A ) In general if, after any reinvestigation under paragraph ( 1 ) of any information disputed by a consumer, an item of the information is found to be inaccurate or incomplete or can not be verified, the consumer reporting agency shall ( i ) promptly delete that item of information from the file of the consumer, or modify that item of information, as appropriate, based on the results of the reinvestigation ; and ( ii ) promptly notify the furnisher of that information that the information has been modified or deleted from the file of the consumer. If you are unable to provide me a copy of verifiable proof within 15 days after your investigation, you must remove the accounts and or the information listed below. Thanks for your help with this matter",Credit reporting
10435,"I have multiple loans, both private and federal, and I have  XXXX  agreement with  XXXX   XXXX   XXXX  of  XXXX  dollars monthly, this is not the orignal loan provider they bought the debt, I have been paying for 2 + years on time and I just recently found out that I am only paying  XXXX  dollars monthly to my principle balance and the rest goes to intrest. This is robbery!! I am an   XXXX   and if I was current with all of my loans I would not be able to feed my family,! I need help. I was also scammed by a student forgiveness program called  XXXX   XXXX  for thousands of dollars and I am in the process of trying to get that back. The college I attended has been shut down and is no longer in business. Please help.",Consumer loan
10436,I sent letters via certified mail and I uploaded documents to Nelnet account and their has been no response and no information provided from student loan servicer. Letters was sent in XXXXXXXX XXXX XXXX XXXX XXXX,Consumer loan
10437,"My wife and I have a Macy 's credit card. Today I received, in the mail, a notice that they had automatically enrolled us in credit protection program and would charge for this monthly based upon the outstanding balance. I called them and cancelled as I did not want nor ask for this. The reason I am writing is to complain about Macy 's in the context that it should have been an "" opt in '' program not something that they could process to customers in an underhanded way and hope that people missed the notice and they could bill them. It was just lucky I read the notice and could just as easily missed it.",Credit card
10438,"I have a Coinbase account holding {$20000.00} in XXXX and XXXX of XXXX. While trying to make an additional purchase of XXXX with a bank account linked to the coinbase account I accidentally overdrew my bank account. Giving an insufficient funds notice for {$1500.00}. When I tried to use the buy sell feature on my coinbase account on XX/XX/XXXX. It said I needed to cover the {$1500.00} from my attempted purchase of bitcoin that had insufficient funds in my bank account. 

I completed payment of that {$1500.00} from my USD wallet on coinbase. It said thank you for payment and showed that I owed {$0.00} Assuming that I had now unlocked use of my account and access to my funds I was surprised to see that I got a message saying Payment required. 

When I click on that message it says that I owe {$0.00}. 

I contacted coinable customer support by phone on XX/XX/XXXX and they said my case would have to be looked at by a specialist. They gave me absolutely no timeline of how long this could take for me to have access to my funds. After speaking with phone support i was sent this email : Hi -- -, Thanks for reaching out. Having investigated the issue, I am working with a specialist to address it properly. We will follow-up with you as soon as we have an update. 

Thank you for your patience. 


I called customer support the next day and was met with basically the same answer that they have no idea how long it could take for me to have rightful access to my funds.",Money transfer or service
10439,I did not get notified about this debt. It appeared on my credit report. I sent a letter asking them to validate the debt and they could not. This debt was opened in XXXX of 2019 in the amount of {$360.00}. I asked them for a full accounting which they could not provide. This account is on my credit report and they cant even show it belongs to me or where they got the balances or anything.,Debt collection
10440,"I have a substantial amount of student debt, upwards of XXXX in Federal loans and another XXXX in Private student loans through wells fargo. I called Wells fargo and explained my situation and the fact I only make XXXX a year.. so essentialy the amount they are asking for me to pay monthly would cause a hardship for me and not allow me to save any money in case of an emergency or move up in life IE. Buy a house, have a family. After Wells Fargo had me submit all of my paperwork for the hardhsip they recently contacted me that I was not approved for the hardship request and that I would have to continue to make the payments they demand. Wells fargo is soo unwilling to help students like myself who feel trapped by the burden of having such large payments due on a month to month basis. I essentially feel enslaved by this. Please help me lower my student payments at least to the levels of federal loans where the payment is more manageable. Also the high interest rates on Wells fargo loans are upwards of 10 percent which only causes a never ending cycle of debt for student like myself. It makes me wish I could return my degree given that I am not currently working in the field I studied. Please help!!!",Consumer loan
10441,So I first opened my account with TD bank I believe it was back in XXXX of 2020 now I was new to this account and im used to banks like XXXX where you cant over draft well around this time I was making small purchases to avoid overdrafting also didnt know that purchases dont get posted on sunday. I also had an issure paying my car payment at the time so I used my account and routing number to pay it because my debit has never worked from some reason. well XXXX I was paying it agian techanlly the account and routing number way went through take XXXX dollars out of my account and I made small purchases not know it was already paid. they overdrafted me XXXX dollars back in XXXX and at the time I learned from one of there associates that the an option in the app where you can turn offsome thing meaning when you at XXXX ull have no money so I didnt know about this unjtill later being a new customer with TD So I proceeded to so so I wouldnt have any more issues. now for ssome reason that option is enable again and Im over drafting like crazy again and TD just doesnt want to work with me on giving it back. Understand I havent receive one payment from unemployment since XXXX wich has cause me to live out of my car for four month with my dog and I also have crdit cards to pay that I cant and I might lose. just the other day they finlly towed my car reposessed because I was behind on my payment three months. now I dont have a home and my dog and I are now living in the streets so I need whatever I can get when it comes to money. Td has helped me on ike one or two in XXXX  but the ones in XXXX are more rediculous then any of then and I dont understand why they wont help me with the impotant ones plz help,Bank account or service
10442,"I reach out to my Mortgage Company, Royal Pacific, to discuss my options to remain in my home in XX/XX/2022 after they refused to accept my mortgage payment. I was confused as to why my attempt at payment were being rejected. They advised I should complete a loss mitigation application to discuss my options. This package was completed in XX/XX/2022 and uploaded to their loss mitigation portal. I called to follow-up on my application and was informed it was being reviewed or handled by a staff member. .During this time, I have received very little assistance or correspondence from this company ; until I received a final notice of foreclosure action. This is extremely disappointing that instead of accepting my payment attempts and then ignoring my submitted loss application the decision was made to rush through the foreclosure action with no assistance. I know RESPA requires servicers to review loss mitigation applications within a particular time period and assist borrowers with their options. I also have fair lending, moreso fair servicing concerns. It is very problematic if protected borrowers living in certain communities are not receiving the proper assistance and being provided the opportunity to remain in their homes or understand their options. This follows a long line of theft of wealth by mortgage companies who fail to assist minority borrowers with their loss mitigation applications and instead rush to foreclosure. It is shameful! These types of things should not be allowed to continue in XXXX I am asking that the foreclosure sale/ auction and the mortgage provider at least review my loss mitigation application and assist me in keeping the home I worked so hard to obtain. 

I only owe {$18000.00} on a home that is worth well above this amount and this mortgage company is not willing to assist to allow me to remain in this home. Foreclosing when a customer is doing everything to maintain their home should be considered theft!",Mortgage
10443,"XXXX XXXX cashed XXXX checks in the amounts of {$6000.00} and {$6500.00} which were fraudulently endorsed at XXXX XXXX. The checks were mailed to a XXXX XXXX XXXX my company. The payee states they did not receive the checks nor do they use XXXX XXXX. My bank ( Cadence ) shows the checks were cashed in a manner that did not follow normal banking protocols as they were cashed by an individual rather than the check payee. In the past year, XXXX checks were mailed to this payee at the XXXX XXXX XXXX XXXX checks arrived with no issues and XXXX were fraudulently endorsed and cashed. I was informed by the payee that the account was XXXX days in arrears which started the investigation as my bank statement showed the checks were cashed. I did not knpw there was an fraud ssue until XX/XX/year>. When I contacted XXXX 's XXXX they said they could not communicate with me as I did not have an account with them. XXXX XXXX said XXXX had to do the contact.",Bank account or service
10444,"I have had multiple issues with XXXX. Now known as Navient. 
I have been unemployed since XX/XX/2017. My payment on my private loan is due XX/XX/2017. I contacted them and spoke with XXXX agent # XXXX to notify and inquire if I could miss 1 month without derogatory marks on my credit. I have not missed XXXX payment in 5 years and have paid off XXXX of my loans. She proceeded ask inappropriate questions such as as my living arrangements. Why my adult children were in the home. 
What did they pay to be here IE : utilities & rent. She brought up my credit report and proceeded to scold me for my debt. I did point out that I was being proactive in calling Navient about my employment status to inquire about any possible arrangements. And, if she looked at my payment history, my credit report was at 100 % payments on time. I did not call for financial advice. Nor was my debt ( other than Navient ) and my adult children 's living arrangements any of her business. She seemed to enjoy rubbing salt into the wound of a customer who was trying to do the responsible thing and who DOES take her debt and credit report seriously. If I had wanted financial advice, I would contact an expert. 
Not XXXX # XXXX who works a call center. They can change their name but it is the old XXXX!",Consumer loan
10445,"I was traveling and came home to a two-month-old statement. Fee was assessed XX/XX/year> for {$770.00}. XXXX  XXXX charges had gone up nearly {$150.00} and now a new card fee was introduced. When I called back to complain I was told that there was nothing that could be done about it. When I asked to speak with a supervisor I was given the option of prorating a refund. I was absolutely lied to with their first defense. She was willing to hang up letting me know that there was nothing that could be done, when in actuality, something could be done.",Credit card
10446,"I am filing a complaint against Cash App ( Block , Inc. ) due to inadequate customer service and unfair practices, which violated the Consumer Financial Protection Act ( CFPA ). Specifically, Cash App failed to take timely and effective measures to prevent and address fraud on their platform, leaving my account vulnerable and unprotected. Furthermore, their dispute resolution process was unfair and deceptive, as they did not comply with error resolution requirements under the Electronic Fund Transfer Act ( EFTA ) and Regulation E. These actions have caused significant inconvenience and financial loss, and I seek appropriate redress for these violations",Money transfer or service
10447,"We are trying to get a payoff demand from Ditech. We faxed a payoff demand request on XX/XX/XXXX. I called on XX/XX/XXXX as i had not received the payoff demand yet. The rep said it takes 5-7 business days so we should have it within a few days. 

I called today XX/XX/XXXX because we still have not received the payoff demand. I was told that the payoff was not even ordered until i called in on XX/XX/XXXX. They don't care that we sent a written request for the demand on XX/XX/XXXX. 



*****This property has equity. We have a buyer who has been waiting to close escrow. This is NOT a short sale and Ditech WILL BE GETTING A *FULL* PAYOFF. 


XXXX Ditech is refusing to provide a payoff demand and is PURPOSELY DEFRAUDING THIS ELDERLY WOMAN OUT OF THE EQUITY OF HER OWN HOME!!!!!!!!!!! 


There is an upcoming foreclosure date of XX/XX/XXXX. I need a Payoff Demand immediately, and a postponement of the foreclosure date due to Ditech 's superfluous delays.",Mortgage
10448,"Commencing on or about XX/XX/, I fell victim to two multi-layered scam operations run by XXXX XXXX XXXX who said he was working for PnC which involved me making deposits for a total amount of XXXX USD from my Chase Bank account to fraudulent investment firm ( s ).",Money transfer or service
10449,"I reached out to USAA about a promotional 0 % interest card on XX/XX/year>. I submitted a balance transfer to a telephone representative on that day. I was told the transfer to my new USAA card was submitted to the other card to finish the process and the amount of months my 0 % interest .would be available. Upon receiving my first statement in early XXXX I noticed the only amount on there was the was few purchases I made. When I contacted USAA on XX/XX/XXXX I was told they have no record of a balance transfer, I was never contacted by anyone at USAA stating that there was a problem with the transfer or that it wasn't submitted. Obviously the associate I interacted with on XX/XX/XXXX just signed me up for a card at 16 % interest and did not submit the balance transfer. I immediately closed my USAA card which will most likely affect my credit score. Thank you, XXXX XXXX",Credit card
10450,"I had several fruadulent charges on my paypal account. Paypal has not correctly resolved my disputes and are in the act of making me pay for charges that were all unauthorized. I have had to re open XXXX recent disputes due to the charge back from paypal. I believe paypal is purposely taking there time and bullying me into not being able to use my account. The following charges I have investigated myself and are fraudulent and paypal is still investigating the charges. 

XXXX {$38.00} USD Unauthorized transactionXXXX XXXX, XXXX XXXX {$6.00} USD Unauthorized transactionXXXX XXXX XXXX  XXXX {$21.00} USD Unauthorized transactionXXXX XXXX XXXX XXXX {$6.00} USD Unauthorized transactionXXXX XXXX XXXX XXXX {$23.00} USD Unauthorized transactionXXXX XXXX, XXXX XXXX {$33.00} USD Unauthorized transactionXXXX XXXX XXXX XXXX {$25.00} USD Unauthorized transactionXXXX XXXX XXXX XXXX {$240.00} USD Unauthorized transactionXXXX XXXX XXXX  XXXX {$68.00} USD Unauthorized transactionXXXX XXXXXXXX, XXXX XXXXXXXX {$14.00} USD Unauthorized transactionXXXX XXXX XXXX",Money transfer or service
10451,"this is a call, referring to my mother-in-law who passed away last year in XXXX. They are not specifically trying to collect money from me but they keep asking for her and I have already told them twice that she is dead which they did request a death certificate and I dont see a problem providing that however, I dont wan na be continued to be called up until that time. And I was told they can not remove my number until they get the certificate.thank you.",Debt collection
10452,"My husband told Carrington Mortgage that he had my permission to pull my credit for a joint VA mortgage loan. refinance. This was. NOT true, I was totally unaware of what my husband was attempting to do with the mortgage company. He had reached out to them about a refinance in order to qualify for some type of XXXX relief. 

I noticed that I had XXXX hard pulls on my credit from XX/XX/XXXX and XX/XX/XXXX. Once I investigated where it came from, I discovered that it came from XXXX Mortgage. 

On XX/XX/XXXX I reached out to XXXX Mortgage to request that they remove the hard pulls from my credit report because they did not have my permission to pull my credit. They asked me to send the request in writing. On the same day of the call to Carrington, I faxed a written request to them as requested. 

On XX/XX/XXXX, I received a letter from Carrington Mortgage stating that they would not be able to honor my request because they did have permission from my husband XXXX XXXX to pull my report. 

After investigating the law regarding consumer credit monitoring, I found several online references that state that it is illegal to have a spouse or a business to a spouse 's credit without permission. Please assist in the resolution of this complaint. My credit has suffered tremendously due to these unauthorized actions and credit pulls.",Mortgage
10453,"Dear Midland credit I recently received a debt collection notice from your office about account XXXX. I am writing to verify that you have contacted the correct individual and to request that you provide documentation confirming this. 

Please supply me with a copy of any contract or purchase agreement signed with your company or the original creditor. 

In accordance with the Fair Debt Collection Practices Act ( FDCPA ), I request the following information : 1. The name and address of the original creditor and the current creditor.

2. Verification of the debt amount you are seeking to collect, including evidence that a contract exists creating the amount you claim is owed.

3. Documentation of all assignments showing the transfer of the debt from the original creditor to the current creditor.

4. Proof that the original creditor securitized the debt.

5. Documentation showing the assignments of the debt from the original creditor to the secured trust and then back to the original creditor. 

Please cease and desist from collecting on this debt until you have provided validation of the debt. 

Additionally, I request that you do not access my credit report or report anything to my credit bureaus. I dispute the validity of this debt amount, and this dispute should be reflected on my credit report if you have already reported this debt. 

Permissible Purpose Please state your permissible purpose for accessing my credit information. I dispute your right to do so. 

Notification to Other CollectorsI dispute that I owe this debt to you. Should you transfer this debt to another collector, please inform them of my dispute regarding the validity of this debt. 

Thank you for your prompt attention to thiS matter",Debt collection
10454,"Complaint Against Select Portfolio Servicing Utah Select Portfolio Servicing has repeatedly failed to properly manage my escrow account. Despite multiple attempts to resolve issues through their customer service department, representatives have been unhelpful and unable to provide accurate or timely information. 

The companys processes appear designed to make resolution unnecessarily difficult, and they routinely fail to meet the response timelines they commit to in their own communications. These delays and lack of accountability have caused ongoing frustration and inconvenience. 

I am requesting that Select Portfolio Servicing take immediate corrective action to properly manage my escrow account, honor their stated response timelines, and provide clear, accessible customer service.",Mortgage
10455,"I applied for credit and was denied due to a bankruptcy illegally reported on Experian ONLY, no other credit bureau has a bankruptcy on my credit profile. 

I contacted the US Bankruptcy XXXX XXXX XXXX XXXX XXXX and requested the accurate information that his office reported to the credit bureaus and the secretary stated they do not report to credit bureaus.

Experian again has reported illegal inaccurate information on my credit profile and Im demanding it be removed immediately according to the FCRA, this is an illegal act from Experian. Im filing a complaint with the Attorney Generals office in Arkansas and the FCRA of this illegal reporting on behalf of Experian.",Credit reporting
10456,"Hello, I have tried to have this account that has erroneous information removed on different occasions, I contacted the company on different occasions until now they sent me the information that they have that is different from what they are reporting and they are violating the law of fair credit. I gave them proof of what the agent supposedly says I owe and what they are reporting, which are different amounts and are violating federal laws. 

XXXX XXXX XXXX XXXX Reported : XXXX XXXX XXXX  {$920.00} Here I send you proof that what I say is true, I send you the information that the agent of said company sent me and requested additional payments.",Debt collection
10457,"I paid off a checking overdraft line of credit in XX/XX/2019 but Pentagon Federal continues to report it as over the credit limit and late for over a year through today. I attached a communication from XXXX XXXX at Pen Fed acknowledging that the account had been paid off in full. PenFed never sent me notices that any amount was owed for this account. It has literally destroyed my credit score. There have been dozens of communications in prior years for them deliberately reporting false negative information and I can not get them to stop. It is deliberate  and based on situations and information I charge it to be pure XXXX. I plan to file a separate formal race discrimination complaint. I also filed a complaint with the company, its supervisors and NCUA. Please make them stop immediately and hold them accountable",Consumer loan
10458,"XX/XX/year> - Sent {$40.00} through Chime after confirming with scammer on XXXX the amount for item to be shipped XX/XX/year> - Scammer said payment failed and tried to request from me again. I refused XX/XX/year> - Reached out to the scammer about shipping item and found I was blocked. 
XX/XX/year> or XX/XX/year>? - Reached out Chime customer service about somehow reversing or cancelling the payment. Wasn't possible to reverse the payment and was not given much information. 
XX/XX/year> - I filed a police report",Money transfer or service
10459,"This is my 16th endeavor to tell you that I am a victim of identity theft and I complain to question specific records in my document coming about because of the wrongdoing. The records I am questioning connect with no exchanges acquiring any possession of goods, services or money that I have made or authorized. Assuming no one cares either way, block the noteworthy of any information in my credit record that came about due to an alleged fraud or extortion. 
XXXX XXXX XXXX XXXX XXXXXXXX, MD XXXX XXXX XXXX XXXX Balance : {$0.00} XXXX XXXX XXXX Balance : {$860.00} XXXX XXXX XXXX Balance : {$0.00}",Credit reporting
10460,"On XX/XX/XXXX i logged into my paypal acct ; although the payment screen on my mobile phone and desktop said "" next auto pay '' XX/XX/XXXX - no payment came out - i have a screen shot of the desktop showing the issue. It would not allow me to screen capture on my mobile device. 
When I called to point out the problem - they stated i changed the autopay and it takes 30 days to get into the system. 
However their website site should not reflect XX/XX/XXXX if it was within 30 days - it should have reflected XX/XX/XXXX. 
Additionally, when I asked to speak to a manager they put me on hold and never got back to me or let me know how long it would be. As I am at work I had to drop @ 22 minutes 46 seconds. 
Because the payment is a day late, it will now affect the special financing of 6 months. 

So, I find it extremely deceptive that their payment Auot-payment screens dont reflect real time reality.",Consumer loan
10461,"A wire was sent from my bank on XXXX before Coinbase 's cut-off processing time. My bank does confirm the funds are sitting with Coinbase. Coinbase is refusing to put the money into my account and claim no money was ever sent. They said to stop contacting them about "" missing money ''.",Money transfer or service
10462,"I received a letter from Wells Fargo Mediation several weeks ago, I replied requesting a refund of remaining fees charged to prior accounts, opened as a result of Wells Fargo high-pressure sales tactics ... The fees totaling XXXX, are overdraft fees .To date, I have not received an official response to my request..I received an email on XXXX from an XXXX XXXX with Wells Fargo Claims in regard to my mediation submission, requesting I call her. As explained in my email reply, I currently do not have a phone, I further explained the reason for my refund request of fees and complaints filed prior with CFPB. She replied back asking me to go to a local branch to call her, I replied stating I do not have a branch near me and requested an account of fees in order to work out a resolution via email, I closed stating no refund at all is unreasonable and no reason to discuss it over the phone, she did not reply as of yet ... It appears she was not able to offer any kind of settlement, I hope I am wrong ... I emailed her back today on XXXX, to follow up.. I received a reply via CFPB today, XXXX, to prior complaint filed about issue of fees charged to prior accounts and accounting of them. The reply states Wells Fargo stands by prior decision not to refund which is unfortunate as there is currently an investigation by one ore more law firms into charging of overdraft fees by several banks, including Wells Fargo. If Wells Fargo will not work this out directly with me, I can assure them I will get some sort of refund through any settlement which arises from investigation. I am still willing to work with XXXX, I do not have a phone to call her currently, I have been without a phone for several weeks..If she can provide me a offer of settlement via email, I will gladly take it into consideration and reply ASAP.",Bank account or service
10463,"A deposit was made to account XXXX on XX/XX/XXXX. The next day I withdrew money. On XX/XX/XXXX TCF decided that this was a fraudulent transaction and started an investigation and closed this accoiunt. About {$1700.00} was in the acciunt before it was closed and they deposited 2 social security checks after account was closed. I was told investigations can be ongoing for 3 months. I have sent 3 letters, one of them was a requested notarized signature and have gotten no response.",Bank account or service
10464,"I applied for a mortgage loan through Bank of America for the purchase of a home. I was approved and the rate was locked. In order to close the escrow, I had to liquidate large amount of investment in a brokerage account. One day before the settlement date, I was instructed to wire the funds to the escrow company and the arrangement was being made to proceed. Then the bank informed me that the loan is not being approved because they determined that I had a second home and I would have to pay a higher rate. I had a second home but it was going to be converted into an investment property and the newly purchased home would become a second home. However, this was all known by the bank from the beginning of the process as everything was disclosed on the application. As a result, I could n't proceed with the purchase and suffered a significant damage.",Mortgage
10465,"On XXXX/XXXX/2020, I received an email from XXXX XXXX XXXX XXXX XXXX that stated that they had a data breach, my account was deactivated, please destroy the card, and a new one would be issued. ( see copy of email attached ) In spite of this notice, I made a payment that was posted on XXXX/XXXX/2020 and another on XXXX/XXXX/2020. ( see statements attached XXXX However, XXXX XXXX XXXX NEVER sent me a new card in spite of them receiving payment 13 days after the date of this email. In XXXX 2020, my credit report alerted me that I had a XXXX status on my credit report for this account. ( Note : I had never been late prior to then or thereafter. I still have this account. ) When I contacted the creditor, they stated that my card wasn't issued automatically because I had a late payment. It was confusing since the notice of breach via email and a payment was within 13 days of each other. Finally, on XXXX/XXXX/2020, I received the new card that the email stated that I would receive automatically. 
I have disputed this information several times through the credit bureau. I have even filed a XXXX XXXX. XXXX see their response attached, which had some discreptancies ) The creditor refused to assume any responsibility for THEIR data breach, lack of communication on current account numbers and reissuance of cards and THEIR ADMINISTRATIVE ERRORS and how this has affected my credit. I am now trying to purchase a home and this ONE LATE PAYMENT is hurting me badly. It has been over a year and I need it off ASAP. 
All documents proving these statements are attached. 
I am making this final attempt before pursuing legal matters stating how their errors is damaging my future.",Credit reporting
10466,I have had fraud on my account with navy federal. International currency transactions are showing on my account in which I have never did business with. Because of the amount navy federal credit union refuses to even investigate the fraud. I have sent in legal documentation and was not even acknowledged that there was an error. The immediately said they did not find an error not have to investigate the problem.,Bank account or service
10467,These loans are duplicately reported along with XXXX and XXXX XXXX XXXX. This account was on an approved deferment and therefore was never late. The unscrupulous practices of student loan companies make it almost impossible to repay and hinders your credit unnecessarily. Please correct this error immediately to paid as agreed never late!,Consumer loan
10468,"This company has contacted my ex husband on his phone number, which I did not provide to them, nor gave them permission to contact him, nor any other third party concerning any debts that I allegedly owe. My ex husband has contacted me with a call log that shows Midland Managment contacting him repeatedly about a debt that I supposedly owe them. He stated they have called him several times harassing him about a debt in my name that may or may not be mine.",Debt collection
10469,"During the Rushcard glitch, I was without access to my funds for a week or more. I could not pay my bills on time which lead to me having to pay late fees. I could not withdraw money to eat, put gas in my car, pay a loan off, any many other things I needed to do. This ordeal caused a lot of hardship for me.",Bank account or service
10470,I have called and asked for an accounting of my PSLF payments because I believe that they have made a mistake in their calculation of my payments. It has literally been 6 months since my last call and they have failed to issue a letter to my account. This is a pattern of behavior on the Part of FedLoan Servicing.,Consumer loan
10471,"On XX/XX/2022 I tried to make a deposit on an ATM machine, and the machine stopped working without returning me the money neither depositing on the account. 
The machine just printed a receipt saying the ATM stopped working, I called Citibank to open a case and the told me I have to wait 5-10 business days to credit me the money on the account. It wasnt nu fault what happened and Ive been trying to call customer service to accelerate the process. Today I called and they said that they investigated and there wasnt any discrepancies on the ATM machines. So now I have to or lose my money or open a new case and wait 10 more business days. The amount was for {$700.00}. I feel frustrated and discriminated, my rights are been violatef",Bank account or service
10472,"Recently, Chase increased my purchase rate by 2 %. I pay on time and always more than the minimum amount. Upon contacting Chase they blamed the increase on government regulation and an increase in the prime to 3.5 %. I 've had this card for years and a prime increase or decrease never affected my rate. Chase 's only resolution was that I could close the account. The rate should not change.",Credit card
10473,"Received an email today, XX/XX/year> with my monthly mortgage payment due. 
The XXXX at Shellpoint have it listed as due in the past on XXXX. 
This was paid on XXXX. 
Attached is the summary of payments. 
Attached is the email confirmation. 

Here are the payment details : Loan Number ending in : XXXX Confirmation : XXXX Payment Date : XX/XX/year> Amount : {$2000.00} The next amount due is NOT XXXX, but XXXX. 
Also, the amount is INCORRECT. 
I am on a Loan Modification Trial Period Plan for $ XXXX. 

But all of these XXXX 's bills- online & via email- have the regular, full amount listed as due of {$2000.00} and NOT {$1700.00}. There is no way to change this amount on the website. 

The due date is WRONG. It is listed as XXXX, but that was paid on XXXX. The next due date is XXXX. 

These jerks have done nothing but XXXX up my loan, create nonsense entry lines, and have not followed their own Loan Modification Trial Period Plan of {$1700.00}. 
None of my payments are late. This loan is up to date. 
Shellpoint uses so-called workers who can't do math or keep customers ' loans correct. 

MY LAST PAYMENT FOR XXXX WAS MADE ON XXXX. 
THE NEXT DUE DATE IS NOT XXXX BUT IS INSTEAD XXXX. 
FIX IT IDIOTS.",Mortgage
10474,"Was trying to sell something on XXXX market place, had someone respond immediately. Was told that the account needed an additional XXXX to upgrade the Zelle account, I sent the person XXXX believing it was legit, the person started getting hostile with me when I said I was calling Zelle customer service. I immediately called my bank to see if I could get the payment stopped and it could not be stopped.",Money transfer or service
10475,"I've previously disputed that this Bankruptcy account from the XXXX XXXX  XXXX XXXX XXXX IL is reporting inaccurately and should be removed from my credit report. You guys claimed that it was verified, which is odd because I've checked with the XXXX XXXX  XXXX XXXX XXXX XXXX IL and they have told me that they don't report to any credit Bureaus. I then told XXXX XXXX  that they were reporting this bankruptcy inaccurately and they deleted this account from my credit report immediately. So again I'm confused on how you verified this account if the furnisher you have reporting says they don't even report to you guys and XXXX XXXX deleted the whole bankruptcy from my consumer report. Yall have committed fraud against me and if you do not decide to delete this account from my credit report after receiving this complaint you will be violating 15 USC 1681n for negligent compliance and I will have no choice, but to take you to small claims court to take legal action against you as a federally protectedconsumer.",Credit reporting
10476,In accordance with the fair credit reporting act the this account below Has violated my federally protected consumer rights to privacy and confidentially under under USC 1681 section 602 a. Account name US department of edu account number XXXX has violated my rights 15 USC 1681 section 602 a States I have the rights to privacy 15 USC section 609 a section 2 Also states a consumer reporting agency can not furnish a account With out my written instruction. 15 USC 168c ( a ) ( 5 ) section states no consumer reporting agency may make any consumer report containing any of the following items of information other then records of conviction of crimes which antedates the report by more than seven years. 15 USC 1681 s-2 ( a ) ( 1 ) a A person shall not furnish any information relating to consumer reporting agency if the person know or has reasonable cause to believe that the information is inaccurate,Credit reporting
10477,"I am requesting that you provide verification of this debt. Send the following information : The name and address of the original creditor, the account number, and the amount owed. Verification that there is a valid basis for claiming I am required to pay the current amount owed. Details about the age and amount of the debt including a copy of the last billing statement from the original creditor ; a detailed explanation any interest added or payments made since the last billing statement and the legal authorization for this interest ; the date the original creditor claims this debt became delinquent. Whether this debt is within the statute of limitations and how that was determined. Details about your authority to collect this debt : whether you are licensed in my state and if so provide the date of the license, name on the license, license number, and the license number, and the name, address and telephone number of the state agency issuing the license. If you are contacting me from outside my state, provide the licensing information from your state as well. I need more details about what you claim I owe so that I can make an informed decision",Debt collection
10478,"Someone logged into my Bank of America account and transferred funds via XXXX to two separate individuals. 

One amount was XXXX it occurred on XX/XX/XXXX The other another was {$1200.00} occurred on XX/XX/XXXX I have contacted Bank of America and explained I didnt authorize these funds. They said there is nothing they can do. 

I was also sent a check for work performed. The check cleared ( bank if America cleared it ). The amount of the check was {$6300.00}. Two days later it shows the funds as NSF and they charged me a fee and told me that because deposited the check it isnt fraud. How was i to know the check would bounce. Especially if I was saw that it was cleared. They are saying its not fraud and theres nothing they can do. 

I have filed a police report and an fbi report as well.",Money transfer or service
10479,"15 u.s.c. 1635 - right to rescind, I sent them notice of fraud and they have continued to report negativly to my credit report, without even disclosing that I had the option to opt out of them reporting negative items on my report. I have wrote letters to the CEO and the finance company.",Mortgage
10480,"On XXXX, XXXX, a deposit was electronically made from XXXX Department of Treasury ( IRS ). It was a tax refund. I paid {$550.00} via cashapp to the XXXX XXXX, withdrew {$1000.00} cash, and attempted to transfer {$2600.00} to someone. The transfer was declined and the account was suspended, mind you prior to this transfer, I already had over {$1500.00} in the Venmo account. I have been using this service since at least XX/XX/year> with constant debits and credits. I submitted the information requested by Venmo, such as my ID, a selfie with my ID, a screenshot of money transfer from the IRS website, along with anything else they requested. Not only did they decline to reactive my account so that I could withdraw the remainder of my money, but they stated the account would be closed and my money would be held up to XXXX days. They neglected to tell me what were the violations and worst of all, they told me that any questions or request would no longer be replied to because this matter would be closed on their end, even though they have {$6300.00} that belong to me. The customer service department CAN NOT help you and they tell you that the department that handles this issue does bot have a phone number to contact. How can you unlawfully hold funds when all verifications have been submitted? I have no money to pay bills because they are holding everything.",Money transfer or service
10481,"On XX/XX/2021 I pulled my credit report to see a collection account from Kingston Data & Credit with a balance of {$1600.00} listed. I have absolutely no knowledge of this debt or company. On XX/XX/2021 I drafted a validation letter, not to be confused with a verification. Requesting they provide me with competent physical evidence that I had any legal obligation to pay their company. On XX/XX/2021 I sent my validation letter out via USPS Certified mail, after tracking my letter I see the company received it on XX/XX/2021. Under the FDCPA laws Kingston Data & Credit has failed to responded to my validation letter in the legal allotted time which is 30 days of receipt. Kingston Data & Credit has also violated my consumer rights under the FCRA & FDCPA by continuing to report negative information to the credit reporting agencies causing a detriment to my personal credit while in the process of disputing this information. This debt is now unverifiable.",Debt collection
10482,"On XX/XX/XXXXXXXX  my daughter who lives in the same house sent me {$20.00} from her PayPal account to mines. The funds didnt show up in my account until XX/XX/XXXX, I always choose 5 % cash back from grocery stores. PayPal refused to release some of my grocery store rewards. By not giving me the ability to claim the rewards in my account. On XX/XX/XXXXXXXX  I was refunded by an XXXX merchant and XXXX {$90.00} while the merchant waited for the resolution of the claim they filed with XXXX. PayPal has refused to post my refund to my account. When I called PayPal the customer service supervisor said he did not see any refund from XXXX or any other company for {$90.00}",Money transfer or service
10483,"1st complaint XX/XX/2022, numerous requests for help. My accounts were taken over by the same person on XX/XX/2022! 
BoA FINALLY decided to refund the funds stolen from my checking & savings accounts but cant connect the dots that the XXXX XXXX XXXX XXXX  to himself is the SAME perpetrator that stole from my other XXXX accounts. 
Now they want ME to pay the bill!!",Credit card
10484,My complaint is against Account Resolution Service. I have made three attempts for debt validation from this company because my credit is being ruined from bills that do not belong to me. I am a responsible person if the debt belonged to me i would pay it but i can not pay a debt from a place i have not even been too. My last attempt to get this place to validate the debt they said in writing on the BBB website to me that they do not need to validate and that the debt belongs to me. This company is not treating me fairly. Right after i submitted my first dispute with XXXX about ARS in XX/XX/XXXX my XXXX year old grandmother started receiving phone calls from a man impersonating XXXX trying to get her to give them my information. The phone number area code is from the same area ARS is located. I want them to provide me with a signed contract that i signed saying i agree to pay this bill. This company is breaking the law by providing the wrong information to the CRA 's. The original creditor which i also do not recognise says they have no idea about this debt. So what leg does this company have to stand on? I think this company is a fraud. They have over 270 complaints against them with BBB. I think this company stole my identity to try to extort money from me to get a phony debt deleted from my credit score. That will never happen i will never pay for a debt that is not mine.,Debt collection
10485,"I am truly and deeply worried because this negative account is not mine. I have been a victim of identity theft, and this fraudulent activity is destroying my peace of mind and disrupting my life in ways I never imagined. Please, I am begging you, ensure that this account is BLOCKED and REMOVED immediately, as I never opened it, used it, or authorized any activity related to it. 

What makes this situation even more painful is how I have been treated during this process. Despite my repeated attempts to explain my situation, I feel ignored, dismissed, and even mistreated by your agents. Instead of finding support or understanding, I have only experienced indifference and a complete lack of empathy, as if my suffering doesnt matter. This is truly heartbreaking. I did not ask for this. I did not authorize this account. And yet, I am being forced to carry the burden of a crime I did not commit. I urgently ask that you review this matter immediately, remove this fraudulent account from my credit report, and provide the protection and support I rightfully deserve as a victim of identity theft.the account is XXXX  XXXX, Opened in XX/XX/scrub>XXXX XXXX XXXX",Credit reporting
10486,"I open a discover online saving account on XXXX ,2015 using the code "" XXXX '' which will give me {$100.00} bonus within 1 month After I open a new saving account and deposit {$5000.00} before XXXX/XXXX/2015. I 've met all the requirement by XXXX/XXXX/2015 and wait for XXXX fully month but tthe bank customer service just want me wait another 4 week and they are still not sure whether I can get the bonus or not. I have already save the whole website during application.",Bank account or service
10487,"I had a credit card with Bank of America, which I had never had a late payment on, but due to an ongoing life event was going to have trouble making the monthly payments, especially at the existing APR, which was close to XXXX XXXX The agent whom I spoke to on the phone said he could close the card, and my rate would drop to around XXXX XXXX. I asked if there was anything else I needed to know, would it affect my credit score negatively, etc., and other than telling me it wouldn't, gave me no other information. 

I did have cash rewards accrued - an amount that is not very significant, but it's the principal. Whenever I would try to redeem the cash rewards, always for statement credit, I would get kicked to the login screen. Finally, I reached out to have someone assist, and an agent said the rewards could not be used since the account was closed. This is money that I accumulated, and they now refuse to honor. The worst part is I still just want to use it as a statement credit. I asked why I wasn't told by the original agent who offered to close the account, and the person was unable to do so.",Credit card
10488,"Attached, I have sent in pics of my XXXX  checking account and my account history on the Net Pay Advance. Neither don't match and I expect that another payday loan company, XXXX XXXX XXXX might be deceiving me or us in the process. This is due to the arguments I've been having with the prior company on their numerous collection attempts which involved telemarketing calls, electronic transactions, and the legal approval that customers must adhere to in check cashing attempts.",Consumer loan
10489,"XXXX XXXX my account was charged {$120.00} for balance transfer fees. 

Upon closer review, WellsFargo consolidated 2 of my existing transfers in to one expiring in XX/XX/2023. The other 2 were to expire in XXXX XXXX and XXXX XXXX. 

I did not request the new transfer/consolidation nor did I agree to the incurrence of fees. This is a fraudulent act by WellsFargo.",Credit card
10490,"I lost my job a week ago XX/XX/15 due to the Coronavirus pandemic and my funds are limited. I may not be able to pay my mortgage for the foreseeable next few months. My mortgage is owned by XXXX XXXX and is serviced by Chase bank. According to CFPB website regarding the CARES Act ruling regarding federally backed mortgages ( which mine is ), I have the option to apply for forbearance on my mortgage for 180 days and a second time, if need be, for another 180 days. 

Upon calling Chase to ask for this forbearance, I was told by a representative that they have not heard of such ruling and that they can only defer my mortgage for 90 days and only 1 time. After the 90 days my 3 months of mortgage payments as well as my 4th month 's payment will be due as a lump sum. 

I find this very troubling since these are not the rules the bank should be abiding by as stated in the CARES Act. Also, how am I supposed to pay 4 months worth of payments in a lump sum if I'm UNEMPLOYED? If I could pay 4 months of payments, I would not be asking for forbearance in the first place. 

These "" options '' from Chase bank are only masked as being helpful when in fact are only going to hurt people more.",Mortgage
10491,"I made a settlement agreement with XXXX XXXX XXXX XXXX XXXX law firm that is managing my two charged off accounts XXXX and sent two cashier 's checks for {$2500.00} each. I was informed by a couple of XXXX XXXX XXXX representatives my checks were received. I called XXXX XXXX XXXX today to ask if they were able to expedite their process when it comes to contacting the original creditor ( Navient ) to confirm payment has been received. One of the representatives confirmed XXXX XXXX XXXX had already submitted that information to Navient as they upload information daily to this company. I contacted XXXX XXXX, consumer advocate for Navient, and he was able to submit my request to expedite the process on XXXX XXXX to report to the three credit bureaus. I was told my XXXX, XXXX XXXX XXXX has a 30 day policy. My payment has to be cleared in their office for 30 days in order for them to assure the funds are received and cleared. I asked XXXX XXXX XXXX today and one of their representatives told me this applies to clients that have judgements against them. The representative then stated I would n't have to wait the 30 days since they upload information to Navient daily and Navient is aware my funds are received and cleared. I then contacted XXXX XXXX by email letting him know of my findings. He then replied back "" Dear XXXX XXXX, Unfortunately, we are unable to expedite the process any further. '' I asked "" why not '' and have not received any replies yet. I am exhausted with this process! I have done everything XXXX XXXX XXXX and Navient have asked! I do n't understand why they were harassing me so much about these accounts and now that I 've settled, they do not want to deliver their part of the deal! This is not my first complaint with them!",Consumer loan
10492,"Discovered I had but {$5.00}. In my acct. checked acct on line and had my atm card used 4 times yet I have my card in my purse. My purse had always been with me. XX/XX/XXXX XX/XX/XXXX 3 xs at atm {$200.00} each + their fee XX/XX/XXXX atm {$300.00} + their fee Contacted my bank that night XX/XX/XXXX Bank sent me forms to fill out Bank declined due to Bluebird Member Agreement 22d Basically didnt believe me. They Permanently closed my acct. My Social Security Check was deposited on XX/XX/XXXX. 
Police Report # XXXX Detective XXXX XXXX XXXX Police Dept. Bank said 10 days to send me {$1200.00}. Called again and they said 10 days. Got my balance 31 days later.",Bank account or service
10493,"I have reached out to credit acceptance multiple times XX/XX/XXXX XX/XX/XXXX XX/XX/XXXX XX/XX/XXXX XX/XX/XXXX XX/XX/XXXX... They have not responded to my letters. They expressed to me that the company "" credit acceptance '' no longer holding the contract but still reporting it on my consumers report with the wrong contact Information. They have sold the account to a collection agency. They did not disclose this Information to me. 15 U.S code 1681b They do not have my hand written signature giving permissible purpose.",Consumer loan
10494,"Years ago while using Zelle, I did not receive a disclaimer to double check who I was sending money to. When I sent money to someone and they stated they didnt receive it, Zelle/XXXX  said I could not get my funds back. Later on I realized it was a real estate company committing fraud because they knew there was not way I would get my money back.",Money transfer or service
10495,"Seterus stated in its letter dated XXXX XXXX, 2017 that "" in order to make a payment by phone your loan must be in good standing ''. Is this an old policy or a new one? If it is an old policy, have you stated in any of the documents you supplied to home owners? Please answer YES or NO. If it is a new policy, when did it go into effect? Please give the date. 

Please save me from long responses without answering the question.",Mortgage
10496,"I sent {$950.00} to a company called XXXX XXXX XXXX on XX/XX/XXXX to supposedly ship a puppy that I had bought online. They claimed the money was refundable ( 98 % ) but have not sent me any of the money back. This was done through XXXX and they aren't doing anything either. I never got the puppy as the next day they wanted more money to "" transport, quarantine and give shots to puppy ''. This dog was shipped from North Carolina and supposed to go to Texas but for some bizarre reason she was shipped to California. No reason given but then they claimed the dog had to be quarantined.",Money transfer or service
10497,XXXX XXXX XXXX XXXX rented out an apartment in my name that did not belong to me. My identification was stolen and I didnt have access to it my social and ID was included. I had no acknowledgements about this and would like it expedited from my credit immediately.,Debt collection
10498,"I am concerned that I have been overcharged for the interest and fees on my account and have contacted PayPal Credit on numerous occasions requesting paper copies of monthly billing statements dating back to the time I opened the account in XX/XX/XXXX. I have requested these statements both online as well as over the phone in which I have spoken to several Customer Service Representatives and each time I call I am told I can expect to receive the statements in the mail within 10-14 business days yet the only statements I have received date back to XX/XX/XXXX. I want a paper copy of the billing statements for my account from the time I opened the account in XX/XX/XXXX. I know that the payments I have submitted have not been credited to my account appropriately and since it is IMPOSSIBLE to get a straight answer from any "" Representative '' when I do call, I have to do my own investigation in which I will be charging for btw. I have attached a summary of the recorded dates I have called PayPal Credit along with the name of the "" Representatives '' I have spoken with.",Credit card
10499,I have received a copy of my credit report and observed that an American Express account is opened under my name that I did not authorize or open. This company has my personal information and account that I did not open. They also gave collection agencies my personal information. American Express should never have my personal information or allow an account to be opened under my name without my authorization. They should also sent my information to collection agencies. I also found out there is a judgment on credit report. I was not told by American Express that they sued me and to appear in court. I was not notified. I have never done business with company.,Credit card
10500,Cash app allowed a user by the name of XXXX XXXX real name XXXX XXXX to use there platform to fraud consumers out of funds by pretending to be a fitness coach with a merchant account with Cash app as I used cash app at multiple vendors such as XXXX XXXX XXXX and have been able to get a refund for products not delivered how ever at this time cash app has ingnored my request to start a dispute in regards to the fraudulent charge Ive also requested a manager call me to discuss the issues and find a resolution since my cash app account is federal insured and should follow all consumer right law but hasnt done so and is completely allowing a person to use there platform to commit theft and fraud I ask you investigate this transaction alongside the companies dispute department,Money transfer or service
10501,"As per the guidance from the Consumer Financial Protection Bureau ( CFPB ) the documents needed are a picture ID, a bill, and a letter from an advocacy group helping me due to XXXX XXXXXXXX XXXX XXXX which falls under XXXX according to XXXX Final Rule 1002.142 ( b ) ( 4 ) -5 -- 1002.142 ( b ) ( 7 ). I have provided my ID along with the XXXX letter signed by other required documents that verifies me. I kindly request that you block this information from my credit report within four business days, pursuant to section 605C of the Fair Credit Reporting Act. I have given you my identification as well as the information requested from the list of acceptable items which only 2 are required per the Law. I have provided all needed documentation as well as a victim determination letter according to 1022.142 ( b ) ( 6 ). 

To Whom It May Concern, Please consider this letter a formal dispute of the alleged debt pursuant to the FDCPA, 15 U.S.C. 1692g ( b ). I also request verification, validation, and the name and address of the original creditor pursuant to 15 U.S. C. 1692g ( b ). According to, 15 U.S. Code 1681 The banking system is dependent upon fair and accurate credit reporting. Inaccurate credit reports directly impair the efficiency of the banking system, and unfair credit reporting methods undermine the public confidence which is essential to the continued functioning of the banking system. Under, 15 U.S Code 1681b - Permissible purposes of consumer reports ( a ) IN GENERAL Subject to subsection ( c ) any consumer reporting agency may furnish a consumer report und the following circumstances and no other : ( 2 ) In accordance with the WRITTEN INSTRUCTION of the consumer to whom it relates. I NEVER gave any consumer reporting agency WRITTEN CONSENT to report anything on my consumer report which violates my rights as a federal protected consumer. NO CONSENT IS IDENTITY THEFT. As a consumer I am demanding the deletion of the accounts ( or inquiries ) listed IMMEDIATELY.",Credit reporting
10502,"I make my payments online on myloancare.com, the loan terms require no late fees to be charged until XXXX of the month. Until last month ( XX/XX/2020 ), there was no late fees charged when I made payment online before the XXXX of the month. This month ( XX/XX/2020 ), today when I tried to make a payment ( XX/XX/2020 ), the servicer is charging XXXX $ more to make the payment, and added terms on the following terms 0-5 days - no charge 6-9 days - XXXX $ 10-15 days - XXXX $ charge. 

LoanCare XXXX. XXXX XXXX XXXX, PA XXXX XXXX",Mortgage
10503,"I financed a vehicle through a car lot the car lot sold the loan to MAF. I requested the original contract from MAF ( Mid Atlantic Finance Company ) I was told it would be sent to me and I never received the documents. Payments were on time because they were set up on Automatic payment drafts from my account, now the vehicle is missing.",Consumer loan
10504,"XXXX XXXX just closed my account on dec. due to i moved out from XXXX XXXX XXXX XXXX, XXXX XXXX ca XXXX they couldnt reach out through mail, so they decide to close my account and liquidate all my underlying asset in that account. it was about XXXX dollars, now i have to pay for the penalty, closure fee, they had my email, can reach to me at anytime but they choose to prematurely close my account being a jerk",Bank account or service
10505,"I applied for a Amex Card, and I had a very high score of XXXX. I was given 4 reasons for being denied of which NONE matched my credit report. I asked them for a reinvestigation, and I was denied. This company fraudulently denied me and gave me false reasons for denying me. The attached report was from the time period they pulled my credit. This company blatantly lied and refused to fix the error.",Credit card
10506,"On XX/XX/year> I initiated a payment through my online bill pay Santander XXXX  XXXX. The payment was for {$4600.00} to a contractor that had done painting for me. 
The payment was supposed to be drafted and mailed to vendor. 

On XX/XX/year> when I tried to log into my banking, all my accounts were locked down and frozen. I spent an hour and a half going round and round with CS rep. It was determined that there wasn't any fraudulent activity on my account and I had indeed initiated the payment to this vendor as well as confirmed some other payments on the account in the last couple of months. I was given a pass code via text and was told all was well. 

On Monday XXXX XXXX I attempted to pay another vendor via XXXX for plantation shutters installed at my home. This payment was not allowed to go through. Spent another hour and a half on the phone going round and round with these reps. I was finally able to get the payment to fund, Since the XXXX of XXXX my bill pay in my online banking has been locked down with this message. [ status : 11 ] We are experiencing problems with your BillPay service. Please try again later. If you continue to experience issues accessing your BillPay service, please contact our Customer Service Center representatives at XXXX. 
I have called numerous times about this and they can't give me any answers. On the interim I have not been able to pay any bills that are coming in and due. I don't know if my scheduled payments prior to this odyssey have funded or what the status is. They never notified me that they cancelled the oriignal payment to my painter initiated on the XXXX of XXXX, so was in hot water with them.",Bank account or service
10507,"I originally contacted FedLoan regarding a change ( DECREASE ) in my number of qualifying PSLF payments made and received a response in XX/XX/XXXX. This is the message I sent : "" On my MONTHLY DIRECT DEBIT BILL dated XX/XX/XXXX it showed 2 loans disbursed XX/XX/XXXX with a TOTAL OF 56 and 55 qualifying PSLF payments made. 
Now, on my MONTHLY DIRECT DEBIT BILL dated XX/XX/XXXX it shows 3 loans disbursed XX/XX/XXXX and now my TOTAL qualifying payments have been reduced to 2, 2, and 3. "" When I asked for clarification I was told that my loan accounts needed "" extensive review '' to count all the qualifying payments. I waited until XX/XX/XXXX and followed up with another email correspondence and received a very similar message. It is now XX/XX/XXXX and I still do not have an accurate count of my qualifying PSLF payments made. 

Thank you.",Consumer loan
10508,"I have been a Sezzle customer for several years and recently discovered that many refunds from hotels and other merchants were never returned to me. I opened a dispute with Sezzle in XX/XX/year> ( Ticket # XXXX ), requesting a full account audit of all refunds issued on my behalf. 

Sezzle began issuing partial refunds in XX/XX/year>, confirming that some refunds were delayed or not credited. However, when I requested a complete historical refund list so I could verify whether all funds had been returned, Sezzle refused. On XX/XX/year>, Sezzle stated they were unable to provide a document that lists all the refunds, which prevents me from determining whether additional funds are still owed. 

Due to Sezzles failure to timely issue refunds, I incurred overdraft fees and bank charges tied directly to the delays. These losses were caused by Sezzles failure to credit refunds promptly and transparently. 

I am requesting that the CFPB require Sezzle to : Produce a complete refund history for my account ; Issue all remaining refunds owed to me ; and Reimburse bank fees or financial losses directly caused by delayed refund processing. 

Name : XXXX XXXX Email : XXXX Phone : ( XXXX ) XXXX Address : XXXX XXXX XXXX XXXX XXXX XXXX XXXX CA XXXX I can provide documentation including : Sezzles refusal to provide refund history Screenshots of partial refunds issued only after my dispute Email correspondence showing non-responsiveness Bank statements showing fees caused by refund delays",Credit card
10509,"On XX/XX/year> I went to deposit my finances XXXX check to my account. They took my check and said it would take 7 days to clear and get my funds. We needed this money to pay rent and other important utilities. The check finally cleared and I received a message my account was restricted due to a third party check being deposited. I called multiple times just so they can tell me they can not give me our money until my fianc verified he gave me the check to deposit. I gave them his number and the person wrote the check number but they couldnt verify those were their numbers. Our phone plan is under my name but his caller ID shows his. After that I kept calling and calling, but nothing. Then we decided to go to bank in person with proper identification but still couldnt do anything. He took his id but were told the only way was through phone verification. We are worried because we need that money to pay things off. I tried everything I could do and dont know what to do. My account is closed and they are withholding our money. We cant afford to take another phone line out. I feel like chase isnt trying to help me find another way to Handel this problem. We need help.",Bank account or service
10510,"On XX/XX/XXXX I submitted an application to consolidate 3 parent=plus loans into a single loan. In this application, and the conversations I had with the XXXX  servicing rep, I made clear I was going to apply for the Public Service Loan Forgiveness program. I was reassured the loan qualified. In Fall XX/XX/XXXX, I ( finally ) submitted the PSLF documentation. On XX/XX/XXXX, I received an e-mail stating that I had been approved for PSLF, but that I should NOT make another payment to the current loan as the current repayment plan was not approved for the PSLF.",Consumer loan
10511,"I used Klarna to purchase items on XXXX, on XX/XX/year>, then cancelled the order ( confirmed by XXXX ). The amount was {$38.00} Klarna paused payments but has now reactivated them, attempting to collect money I do not owe. I repeatedly requested written confirmation that I would not be billed, but Klarna only gave vague verbal assurances and failed to resolve the issue. Despite multiple contacts and a XXXX  complaint, Klarna continues unauthorized billing. I am requesting the payment plan be closed immediately and written confirmation that my account will not be charged.",Consumer loan
10512,"When I obtained a cash advance from Empower ( now known as Tilt Financial ), I was not told that they would be reporting to the credit bureaus. Otherwise, I wouldve never taken a cash advance from them. I missed a payment and they charged off my account and sent it to XXXX and reported it as a charge-off. Prior to the charge-off they werent even reporting my account to the credit bureaus. It seems like they did this to purposefully damage my credit.",Consumer loan
10513,"I opened a checking account on XX/XX/XXXX and there should be two welcome bonuses, totalling {$700.00}. I have not yet received any of that. I believe that I have met the requirement for that bonus. 

I contacted the banker who opened my account, XXXX XXXX, three times ( XX/XX/XXXX, XX/XX/XXXX and XX/XX/XXXX ). XXXX promised to investigate and get back to me by the end of the day during the second contact, which never happened. XXXX has not responded to my follow up email on XX/XX/XXXX and it has been 20 days since the initial inquiry.",Bank account or service
10514,"I have received a response that my complaint will not be upheld but that is ridiculous due to the errors. 
I have NOT challenged the fraud payment, I am challenging the service I have received. 
When I spoke to an agent I was told I did not owe money to now, a year later, to be told I do! 
Even though I believe I should not pay it due to agent error I will pay the original amount but not the fees and interest. 
I have not received correspondence and have made many calls about this and the service is unacceptable, I just want to get this sorted! 
XXXX the complaint handler could call me as this could get resolved but I have not EVER heard from her! 
Please can we get this resolved, this is getting beyond ridiculous. 
I run a complaints department and my team would not treat a customer like this,",Credit card
10515,"On XX/XX/year> I contacted Navy Federal customer service and spoke with a representative at XXXX. I inquired about depositing a check using mobile deposit and was told I could take a picture of the check with my phone using the Navy Federal app. At XXXX ( same day ) I deposited the check using mobile bank and received an email at XXXX that my deposit could not be processed, I logged into my online account and received the message that check not endorsed ( check was signed ). At XXXX I contacted customer service to inquire why deposit was not accepted, unfortunately I could not receive any assistance since I did not remember the code word. I deposited the check again at XXXX writing for mobile deposit only at NFCU XXXX was not informed I needed to write this when I spoke with a representative in the morning ). I also submitted a message on the Navy Federal app asking what steps I can take to change my code word as the representative was unable to answer any questions even if were generic questions. Navy Federal Credit Union has XXXX my online account and I am unable to check the balance. I wish to transfer my funds in order to close my account but I am unable to do so as I have no way to check when the check clears. According to Navy Federal Credit Union website checks may take XXXX days to clear however I will not be informed when this occurs nor do I have any way to check when this occurs.",Bank account or service
10516,I've been attempting to close the account for months. I have a balance of {$100.00} that I have attempted to have released to my personal banking account. Robinhood responded with message that my funds have been restricted and under review over the next 7-10 days. It's been months now with no change in results.,Bank account or service
10517,I was never contacted or mailed any fees of the debt owed. I have tried calling and leaving messages with Alco Collections Inc since it was reported on my credit since XXXX of XXXX still no avail as of XX/XX/XXXX. Ive called the company that initiated the debt XX/XX/XXXX and was told theyll contact Alco Collections Inc. and never received a call back.,Debt collection
10518,Recieved an offer for a credit card sounded really good. Interest free for a year and a half and I get XXXX promotonal after I spend XXXX. My credit score is around 800 I am using XXXX percent of the credit I currently have available. They declined my application and offered me a different credit card. I now have XXXX more hard inquiry on my credit which lowers my score. I feel this is a typical bait and switch scam they are perpetrating and this needs to be stopped. I called the company and talked to a customer service person who then transferred me to a manager the manager never came on the phone and they hung up on me,Credit card
10519,"I am filing a dispute in accordance with the Fair Credit Reporting Act ( FCRA ). Upon review of my credit report, I have found that there are inaccurate and unverified items. These have impacted my ability to receive credit and have provided unnecessary inconvenience. As I am sure you are aware, it is my right, according to Section 609 of the FCRA, to request a proper investigation into these inaccuracies. In particular, I am referencing Section 609 ( c ) ( B ) ( iii ), which lists the right of a consumer to dispute information in the file of the consumer under the model summary of the rights of consumers. As such, the following are items I wish to dispute on my credit report : XXXX XXXX XXXX XXXX, XXXX  XXXX  XXXX  XXXX, US DEPT OF EDUCATION XXXX XXXX US DEPT OF EDUCATION XXXX XXXX US DEPT. OF EDUCATION/XXXX XXXX, XXXX XXXX, XXXX XXXX XXXX  XXXX, XXXX XXXX XXXX XXXX XXXX. As stated in the FCRA, you are required to respond to my dispute within 30 days of receipt of this letter. If you fail to offer a response, all disputed information must be deleted. I thank you in advance for your prompt response and resolution of this issue.",Credit reporting
10520,"We originally got a loan with a company called XXXX. They sold our loan to GreenTree who in 2014 paid the wrong company for our property insurance out of our escrow account. Not wanting that to happen again this year, I called in XXXX to speak to a representative. She eventually transferred me to a rep for XXXX XXXX who supposedly emailed them what was needed. End of XXXX I received a letter from XXXX who has now taken over GreenTree saying my insurance is n't paid and so I call customer service again who assures me it will be paid on time. XXXX rolls around, XXXX XXXX still has n't been paid, and XXXX sends me a FINAL NOTICE regarding the hazard insurance. They were going to force me to buy insurance from them. I called ditech again and requested a supervisor who finally informed me their concern was insurance for the structure which is paid by the HOA. I faxed them what they wanted. Then I received a notice yesterday. Our escrow account is "" short '' and they are raising our payment to make up this shortage. Turns out they not only paid XXXX XXXX the {$540.00} we owed them, but ALSO sent a {$840.00} check to XXXX who we do n't use for insurance on this property. We want our {$840.00} back and this escrow issue resolved so we do n't have to deal with it for a third year.",Mortgage
10521,"They fired over XXXX people from their company in XXXX, and now getting a hold of customer service is impossible. I have called multiple times and been put on 2+ hour wait times, still without ever an answer ( I have had to hang up each time because no response ). Once I waited 5 hours on the phone and my batter died, forcing me to hang up. 

They will not respond to emails and have been completely unresponsive. 

I have filed for an Income-Driven Replayment Plan 3 times already, each time submitting the required paperwork exactly as asked, and each time I get a letter in the mail 2 weeks later stating my application was denied for incomplete paperwork. This is FRAUDULENT behavior and completely unacceptable.",Consumer loan
10522,"In XX/XX/year> a foreclosure sale date was scheduled while we were actively attempting resolution. 
Two debtor adjournments were used, leaving any further delay dependent upon servicer review, plaintiff consent, or court-ordered relief. 

In XX/XX/year> XXXX XXXX XXXX of our ERMA/Mortgage Assistance XXXX XXXX 
On the same day they issued written notice stating there was insufficient time to review before the sale. 
This means the application was received but not processed to completion. 

On XX/XX/year> we requested a full payoff statement during a recorded call. 
The servicer advised that payoff generation requires XXXX hours. 
Ombudsman communication later confirmed the assistance review was still ongoing, with their expected response after the scheduled sale. 

So at the time the sale remained active, the loss-mitigation review was open, the payoff request was pending, and no determination or accounting was issued before the scheduled sale date.

That sequence risks dual-tracking under 12 CFR 1024.41 because foreclosure advancement was not paused while review and payoff processing remained uncompleted.",Mortgage
10523,"I had a charge off from a XXXX Exchange card. The amount of the debt was XXXX. I was garnished XXXX. I paid XXXX in XXXX and {$250.00} every month. With the garnishment and the payments made of to XXXX, I have paid the amount of {$3300.00}. I spoke to the company to see the status and they stated that I owed an additional {$1000.00}. I asked for a breakdown and they stated that they could not provide it. They stated that I owed {$4000.00} and I was still collecting interest every month. I requested a copy of the original debt and they refused. I asked how much of this debt was paid to the original creditor, I was told {$2900.00} and the rest went to them. I stated that the account should be paid in full. They just continued to argue and tell me if I would pay my bills then I would n't be in this situation. I asked for my payment history and the original debt. I asked them to remove my debit card from the account until further notice. He refused and stated that they will get their money. I do n't owe anymore so I do n't understand. I have paid the balance on the chargeoff of XXXX, I have paid an XXXX in addition to that amount and they are telling me that I owe {$1000.00}",Debt collection
10524,"On XX/XX/XXXX I logged into my Wells Fargo XXXX and saw that I had an additional deposit of {$1400.00} into my acct. What I now know is that they were transferring $ from my daughter 's minor account to mine, as her account was initially set up as a minor account years ago. I assumed it was possible a tax incentive from the IRS from years ago during XXXX that possibly I didn't receive. Not less than an hour later, a person claiming to be a Wells Fargo representative called me and told me that they suspected suspicious activity. I was asked to verify my acct with address, last XXXX of social, birthday. The person on the line was able to review all of my charges out loud, as obviously now they had hacked into my acct. I did not know this at the time. They knew exactly what I had spent, deposited, etc, so I was convinced it was the real fraud department from Wells Fargo. I was then advised to get a new card and pin number. They asked me to "" discretly '' put in my pin into my keypad so that I could verify the password, so that they could send me a new card and pin #. It was a legit Wells Fargo number XXXX ( XXXX ) XXXX. You can call and even listen to it and it sounds like its the real deal. Turns out this isn't a real Wells Fargo number, it is a spoof number. I made every claim I could, called Wells Fargo many times and patiently waited for XXXX business days until the fraud claim was investigated. I just found out today that they found no evidence of fraud, and they were even unable to tell me how they investigated this. I asked them if they reviewed the ATM videos of where the XXXX, {$2000.00} withdraws, were taken from. They told me that they couldn't give me any information on the investigation over the phone and would send me something via mail within 30 days.",Bank account or service
10525,I knoticed transactions on my prepaid card account that were made via cash app I contact cash app in reference to those unauthorized charges and cash app informs me that someone created a cash app account in my name and used my debit card to send money via cash app. So I ask cash app where was my money sent to they wouldn't tell me where they wanted me to give them the cash tag for the person received the money I respond that I don't know what a cash tag was and not does it say that on my statement I give them what I have on my statement and ask them to close any accounts that have my card linked to because of unauthorized charges and it's fraud I'm told to contact my bank to dispute those charges and I do that but my bank declines approval of dispute stating after contacting cash app they deemed chargers was authorized when I have never used cash app before they have not done anything to help locate my money or gave me info to recover my funds so I have taken out of this situation is that cash app will allow fraud transactions to occur and do nothing to help recover funds I don't know what email was used I can only provide my card number that was used and cash app does nothing except say that's all they can give me case closed,Money transfer or service
10526,"We have a mortgage for our property located on XXXX XXXX XXXX in XXXX XXXX CA. with M & T Bank. I send mortgage payments from XXXX XXXX XXXX online payments regularly. The M & T Bank is asking for late chargers, even though XXXX XXXX XXXX processed ( delivered ) payment on XXXX XXXX, 2016. 
Please see attached report from XXXX XXXX XXXX.",Mortgage
10527,"Recently, I noticed a negative item on my credit report that does not belong to me. The collection agency is California Business Bureau ( CBB ) and the original creditor is XXXX XXXX XXXX XXXX. 

On XX/XX/XXXX, I wrote to CBB requesting account validation, in accordance with the Fair Debt Collection Practices Act ( FDCPA ). On XX/XX/XXXX, they responded by saying "" there is no basis in law to substantiate your right to such information ''. CBB proceeded to provide creditor and account information including an amount they say I owe of {$890.00} and added {$500.00} interest for a total of {$1300.00}. They included no validation, but included a database printout of a patient inquiry report with service dates, service codes, and service code descriptions. No HIPAA release form for release of patient information was ever sent to me. 

Moreover, I have never been a patient or done business with said creditor, XXXX XXXX XXXX XXXX ( XXXX ). My name has been used fraudulently in this medical debt collection account unbeknownst to me between CBB and XXXX dating back to XX/XX/XXXX. 

Furthermore, since XX/XX/XXXX, I have been corresponding with XXXX  to resolve this to no avail. I have requested physical verification/validation of the original signed consumer contract. They persist in refusing to remove this fraudulent, unverified, erroneous item from my credit report. The outcome is that this negative item remains on my credit report, negatively and wrongfully harming my ability to enjoy the benefits of good credit. This negative item is causing me severe problems in trying to purchase a home.",Debt collection
10528,bank of America is still reporting a balance and outstanding account opened and this account was to be closed and reflect a XXXX balance do to fraud and them not properly handling and closing the account and remaining to let it continue they are in violation of the credit regulations and rules and still are reporting this on my credit files which it should not be I would like this fully handled at once I have reached out on this for over a year now,Credit card
10529,"I am filing a complaint against Cash App regarding an unauthorized transaction and the handling of my dispute. On XX/XX/XXXX at approximately XXXX XXXX, {$85.00} was taken from my Cash App account without my authorization. My account was compromised/hacked, and I did not approve or make this transaction. When I first reported the issue, Cash App treated the situation as a scam-related transaction rather than unauthorized account access. I later Clarified after there finishing that it was not a scam that I did not participated in, but an unauthorized transaction resulting from my account being compromised. Despite explaining the situation, Cash App denied my dispute and incorrectly claimed that I authorized the payment. I believe my dispute was not properly investigated as unauthorized account access.",Money transfer or service
10530,"l relocated to another state, found out my bank did not have any branch in the area. l called my bank to close the account, they told me l need to come to the branch to close the account which l did. the cashier closed my account, gave me my money, he told me this is the money l have. he did not explain to me he gave me # XXXX dollars from the line of credit to borrow of which l could have not accepted that. he gave me a wrong information saying this is all my money l have in the bank. now the bank is teling me i need to pay the money with interest. if l have borrowed the money, l should have talk to them on how to pay the money back. since l was informed wrongly, which was not my fault, l should not be charged for the interest.",Bank account or service
10531,"When I reviewed my credit report, I discovered that some of the information was erroneous. The 3 credit bureaus must validate these accounts in line with Sections 609 ( a ) ( 1 ) ( A ) and 611 ( a ) ( 1 ) ( A ). It is not authorized to fail to validate this reporting account as unverified information without providing any proof within the period allowed by law. The following account need to investigate and correct for erroneous reporting in my file and are listed on my credit report : XXXX XXXX XXXX XXXX Balance : {$220.00} XXXX XXXX XXXX XXXX Balance : {$0.00}",Credit reporting
10532,"They set up an invalid escrow account and applied all my mortgage payments to the invalid escrow account. 

They were notified that I had insurance repeatedly, but they kept paying a second insurance payment for me and ignored the one I had. 

They refused to work with me no matter how many times I reached out, they kept telling me they were "" helping me ''. 

Stealing from me yes, helping me no.",Mortgage
10533,"4 years ago I sold my home in XXXX, NC and moved into a new one in XXXX, NC. I hired a moving company to pack and move my personal belongings. When we moved into our new home, we had XXXX come and install TV, Phone and internet ... .same as in my former home. 

I then began to received calls from XXXX about modems. Heck, they brought and delivered them to me at the XXXX address, I'd called to cancel service and I assumed that THEY would come to retrieve said modems. 

Now began threatening phone calls and I finally found said modems at the bottom of a box my packers had shipped to me. I pulled out said modems, drove to another town and turned them in. I specifically asked the manager of the store is there was anything else required of me. Meaning my cable bill was paid and they had their precious modems. The answer was NO. 

I have had to reason to look at my credit score until recently and have discovered that using the XXXX score, my credit is only in the high XXXX 's! I have no debt other than a mortgage with my wife ; my car is paid for and for credit I ONLY use XXXX XXXX. I typically carry a 6-figure balance in my CHECKING ACCOUNT and now I'm seeing I'm being bashed over this XXXX issue. My mortgage lady says that this XXXX issued is bashing my credit. 

I want it removed ... end of story",Credit reporting
10534,"Date : XX/XX/2018 Amount : {$1900.00} I contacted the apartment complex on multiple occasions to get this debt removed from my credit reports, and I didn't get a response. The debt was paid for with my tax refund check and it hasn't been reported to my account.",Debt collection
10535,Recently | looked at a copy of my credit report and noticed several inaccuracies on my account. This account is hurting my ability to obtain credit. It is my understanding that you will investigate these items for me to ensure accuracy Here is the item I am asking you to verify as accurate XXXX account ( XXXX XXXX XXXX XXXX XXXX XXXX XXXX XXXX XXXX XXXX XXXX XXXX XXXX XXXX XXXX XXXX  ),Credit reporting
10536,"I am writing to formally express my concerns regarding Zelle 's handling of disputes, particularly in light of the recent CFPB lawsuit highlighting significant issues with the platform. Despite using Zelle numerous times and reporting discrepancies, my financial institution and Zelle failed to investigate my claims adequately. They informed me that recovering lost funds was impossible and that tracking these transactions was unfeasible. The CFPB 's findings indicate that Zelle has not only neglected to protect consumers but has also allowed repeat offenders to exploit the system, leaving users vulnerable to This lack of accountability and transparency is unacceptable and raises serious concerns about consumer safety.",Money transfer or service
10537,"Credit Collections USA LLC, has placed a collection for {$83.00} on my credit report and according to the State of Florida license search they are not permitted to collect in this state. I am requesting that this debt be removed from all the Credit bureaus such as XXXX, XXXX, and XXXX speedily. 
The date that this collection was opened was XX/XX/2017 The Balace is {$83.00} The Reporting debt is {$83.00}",Debt collection
10538,I was stuck at work XXXX my son was the last kid to leave school that day.. Citibank blocked my account said multiple suspicious activity was going on my account nobody contacted me or emailed me or asked me for proof nothing just hold my money and work check from XXXX to XX/XX/XXXX they were taking money out of my account without my acknowledgement nor did I give permission to do so we now in the end of XXXX me and my son are homeless and sometimes no food to eat for the day because of this they failed to tell me the reason but tell strangers my personal information about my account and they hung up on me refusing me a supervisor at this point I feel like thats very XXXX behavior especially when a business cant show you proof of something they are holding my money XXXX  for is ridiculous and now we going in XXXX yet no one contacted me about this matter,Bank account or service
10539,We opened a XXXX with Wells Fargo and about two years ago we submitted the requested notarized paper work to close the account. Wells Fargo continues to send us threatening letters about not having insurance on our property.,Mortgage
10540,"On XX/XX/2022 and XX/XX/2022 Truist charged my account {$36.00} in overdraft fees. I contacted Truist to file a complaint, XX/XX/2022 @ XXXX ( EST ), and was told that a manger would be in-touch with me with in a few hours. I was also told that someone from another department would be in contact with me within 48 hours. Neither has happened. Truist banking system will show a postive balance and during the course of the day the positive balance would change to negative balance, causing accounts to be charged overdraft fees. Truist transition has cost consumer many over draft fees, among other issues, part of the reason for the "" CLASS ACTION LAWSUIT ' against the institution. I was told my debt cards were mailed XX/XX/2022, and did not receive them until XXXX after having to go and reorder several times. Doing that time my business account was charged overdraft fees. This transition has made consumers suffer, while Truist is pocketing money in varies fees. My contact information. XXXX XXXX, XXXX or XXXX.",Bank account or service
10541,bank of America Prepaid credit card. this account is 7 years old and was paid in full. please remove from credit profile. the information is incorrect original balance of card was {$200.00} and paid upfront. please provide original contract to verify information. if you do not have the original contract please remove from credit history has this account has already been settled. or i will sue for damages that this causing me financially.,Credit card
10542,"I signed up for the card noting that, like all cards, it can be added to phone ( XXXX XXXX XXXX ) wallets. When I received it, this failed to work, I worked extensively with their agents to get it to work to no avail. They admit this is a widespread problem and theres nothing they can do. I advised this is a dealbreaker and that Id want to undo the relationship and Id need the credit bureau inquiry dropped as they have not delivered the key feature they promise and are unwilling/unable to remedy that. I have told them that if they can fix the problem fine, but they have not. I feel I was brought in under false pretenses and should not take a credit hit for cancelling this card.when I told a supervisor that it was unacceptable that they said it wouldnt work and there was nothing they could do, she laughed at me!",Credit card
10543,"Recently i did an investigation on my credit report which caused severe XXXX upon me and found unverifiable, invalidated, inaccurate, and questionable items that your agency didnt make sure was reporting 100 % correct. I know that Under 15 U.S. Code 1681i ( 5 ) Treatment of inaccurate or unverifiable information ( A ) In generalIf, after any reinvestigation under paragraph ( 1 ) of any information disputed by a consumer, an item of the information is found to be inaccurate or incomplete or can not be verified, the consumer reporting agency shall ( i ) promptly delete that item of information from the file of the consumer, or modify that item of information, as appropriate, based on the results of the reinvestigation ; and ( ii ) promptly notify the furnisher of that information that the information has been modified or deleted from the file of the consumer. if you are unable to provide me a copy of verifiable proof within 15 days after your investigation, you must remove the accounts and or the information listed below. Thanks for your help with this matter",Credit reporting
10544,"I submitted a dispute to all three credit reporting agency and the results are as follow XXXX- the dispute was open on XXXX  they responded saying that they update the account to reflecting a new date of XX/XX/XXXX which is the reason I filed dispute in the first place they are re-aging the account Transunion reopened the account as of XX/XX/XXXX which was original closed in XXXX XXXX XXXX how could they reopen account that was reported closed and charged off by the original creditor. 

XXXX is also re-aging the account reflecting that the account is opened as of XX/XX/XXXX All three companies are violating my rights with re-aging this account in which I did get a response from the original creditor XXXX XXXX XXXX  which does not show where they sent any info to these credit reporting companies to re-age accounts. 
I don't think that these companies did an accurate job in investigating this dispute they never sent me anything about how the investigated or what process they used to investigate.",Credit reporting
10545,"I am filing a complaint against Cashapp ( Block , Inc. ) due to inadequate Customer service and unfair practices. Which violates the Consumer Financial Protection Act ( CFPA ). Specifically, Cashapp failed to prevent and to take timely and effective measures to prevent and address fraud on their platform, leaving my account vulnerable and unprotected.

Furthermore, their dispute resolution process was unfair and deceptive, as they did not comply with error resolution requirements under the Electronic Fund Transfer Act ( EFTA ) and Regulation E. These actions have caused significant inconvenience and financial loss, and I seek appropriate redress for these violations.",Money transfer or service
10546,The mortgage company will not knowledge my payments and keep charging me late payment. They have XXXX dollars of my money that was suppose to go in my escrow account. They telling me I need to send them A bank statement showing them the payment. How can their records not show that. This problem started in XX/XX/2022. They have very shady records. In XXXX they charge me three times late charges. I gave them XXXX dollars in XXXX and told them to put the money into my escrow account. They fail to do it. All this started about A escrow account. Which I was paying my home insurance out my own pocket. until XXXX 2022.,Mortgage
10547,"XX/XX/2019 I was access a late fee of {$38.00}. Now in XX/XX/2019, I was access a late fee of {$38.00}. I called to pay my XXXX bill and was told that I owed {$150.00}. Now they have accessed me a late fee on the XXXX bill which isn't due until XX/XX/2019. Hence {$150.00} ... my monthly payment is {$39.00}. Now customer service say they can dismiss the XXXX late fee, ok that should just leave XXXX late fee, which would bring total cost to about {$75.00} for XXXX. Now that should get things on track ... but no they want that access fee for XXXX to bring it current. Now, when I asked about the XXXX bill they say I owe {$77.00}, this is why the late fees total {$78.00} for XXXX and XXXX and the payment being {$150.00} to bring current, why is that if XX/XX/XXXX is not here yet. They keep talking about the total bill going down, of course that will happen if I pay all these fees I dont owe. XXXX bill should not be in picture with a late fee attached if that payment has not come due to XX/XX/XXXX. To me these people are crooks. I dont mind paying but not for them to extort money from me.",Credit card
10548,"The dispute process with XXXX began in XX/XX/2018. I sent a dispute letter certified with return receipt ( see attached ). XXXX  did not respond until XX/XX/2018 ( see attached letter ). This is unacceptable and a violation of consumer law. The response that was provided from them on the attached letter is a mere, arbitrary number that lacks veracity. In my request to them, I requested an agreement that stated their authority to collect on this alleged debt, date this alleged debt became payable, original delinquency date, as well as complete accounting of the alleged debt. XXXX failed to provide any of these. To date, they are currently reporting this entry on Transunion and it should not be reflected on my credit reports. My request is for this entry to be immediately DELETED from my credit reports and for Transunion to send a fully updated, current report to me that reflects this outcome.",Credit reporting
10549,"In accordance with the Fair Credit Reporting act. The List of accounts below has violated my federally protected consumer rights to privacy and confidentiality under 15 USC 1681 : Account Name : XXXX XXXX XXXX  Account # : XXXX Balance : {$160.00} has violated my rights. 15 U.S.C 1681 section XXXX A. States I have the right to privacy. 15 U.S.C 1681 Section XXXX A Section XXXX : It also states a consumer reporting agency can not furnish an account without my written instructions 15 U.S.C 1681c. ( a ) ( XXXX ) Section States : no consumer reporting agency XXXX make any consumer report containing any of the following items of information Any other adverse item of information, other than records of convictions of crimes which antedates the report by more than XXXX years. 15 U.S.C. 1681s-2 ( A ) ( XXXX ) A person shall not furnish any information relating to a consumer to any consumer reporting agency if the person knows or has reasonable cause to believe that the information is inaccurate. Remove these accounts within 4 days of receiving this",Credit reporting
10550,"I took steps to try and remove PMI from my PNC Mortgage loan, since value of home is about right. Started the process by inquiring with PNC what the steps are. They stated if the home current value on a current appraisal is 80 % ( exact numbers given ) and there has been an upgrade on the home, then we cant take the PMI off. We paid out of pocket for the appraisal ( to appraisal company hand picked by PNC ) and the value came back a few thousand dollars short. So we PAID into the loan the difference, so we could meet the cost to value requirement. So that issue is resolved. The upgrade issues is complete replacement of the HVAC system. The old HVAC ( house bought two years ago ) was at the end of its life, and needed replacement as evidenced on a home inspection reports used as part of the home purchase. So within the last year we have completely replaced the entire HVAC for the entire home. This is part of the home and hence qualifies as a home upgrade. So now PNC Mortgage reports their "" XXXX XXXX '' do not accept the HVAC replacement as an upgrade, also, they have changed the rules ( not noted on original PMI paperwork when home was bought ), now if thy make a new rule that if there is no upgrade of their liking they have decreased the loan to value to 75 % instead of 80 % before the PMI can be removed.",Mortgage
10551,"I am filing a complaint against Cash App ( Block , Inc ) due to inadequate customer service and unfair practices, which violate the Consumer Financial Protection Act ( CFPA ). Specifically, Cash App failed to prevent and address fraud on their platform, leaving my account vulnerable and unprotected. Furthermore, their dispute resolution process was unfair and deceptive, as they did not comply with error resolution requirements under the Electronic Fund Transfer Act ( EFTA ) and Regulation E. These actions have caused significant inconvenience and financial loss, and I seek appropriate redress for these violations.",Money transfer or service
10552,"I am submitting myself under the Fair Credit Reporting Act ( FCRA ). For two years they reported other deceptive accounts to me and I made the different complaints and they removed them but the points that I lost for those accounts were not returned. For example, before those complaints I had the score over XXXX and they lowered it to XXXX and something but they never returned the lost points to me. I have called them several times to make that claim and they tell me that they are going to return them to the score and they do not do it",Debt collection
10553,""" I am a XXXX on a fixed income. I have been on the deed of my primary residence since 2016. The servicer is violating 12 CFR 1024.38 by refusing to recognize my Successor in Interest status. They have systematically rejected my valid monthly payments to manufacture an artificial default and secure a state summary judgment. '' Late fees increasing monthly and adding legal fees will make payment harder to repair. Bank says I am not human and does not reconise me as property owner and Law firm acknowledge me by trying to foreclose on me by name. Shellpoint states they are a collection company and will not acknowledge me as the property owner. I cant get other funding or repair help because of threat of foreclosure. It is causing me hardship in many ways.",Mortgage
10554,I am letting you know ... ... i have many complaints about my bank ... .i always have money deposited into my account like always ... the past few months have been a nightmare ... the bank refuses to let me use the outside atm machine ... the manager told me that the atm machine is broken ... and yet there are people litaraly taking money out of the machine ... it just wont let ME ... ..the bank also has kicked me out serveral times for not wearing a mask ... as well as give me my money that is in my account ... after multiple attempts ... .they now said they would let me walk up at the drive thru and in person have to take out my money ... this is crazy ... ..i need some advice and justice served ....,Money transfer or service
10555,According to my chexsystem report I have one issue XXXX XXXX because this accounts open fraud my cousin XXXX XXXX who lives with me since XXXX until end of XXXX ( same Address ) used my identity with out my permission I report to XXXX XXXX also I explained to chexsystem but unfortunately Chexsystem dont give me right answer,Bank account or service
10556,"Reference CFPB complaint no. XXXX Plaza Services had the following response to the last complaint : "" Previous correspondence has been sent to you regarding this account on XX/XX/XXXX, and XX/XX/XXXX, by our servicing agencies. '' Where were these correspondences sent? In what form were they sent? I have received neither email nor written correspondence from any other party since the last communication from XXXX on XX/XX/XXXX. It was XXXX who informed me that this account was sold to Plaza Services, and it was XXXX that showed the collection account. Which servicing agencies communicated this debt to me? This is a heinous lie by Plaza Services who conveniently removes itself from direct exposure to consumers by deferring responsibility to who knows how many "" servicing agencies '' it employs. 

I mailed the correspondence to YOUR office, PLAZA SERVICES, not your servicing agencies, and you have not provided any information required by law, nor have you provided any legal proof of having communicated the information you are required to communicate to consumers by law. I am trying to resolve this debt, not evade it. You sent a copy of the contract, not the information I requested. I WROTE to you, and provided information to which your response is to be sent, i.e., YOU ARE REQUIRED BY LAW to communicate to me in the manner I choose, and I chose WRITTEN COMMNUCATION. The representative you refer to committed a heinous lie. HE DID NOT send the email I requested, and if you insist, provide proof of this email he sent, WITH THE TIMESTAMP. He insisted I establish a contract with him verbally, I insisted on written communication, and advised I needed TIME TO READ the documents he were to send over, which he did not. This is a hideous and coercive tactic.",Debt collection
10557,"This is not a duplicate nor is this complaint filed by a third party. I am filing this complaint myself. Please see this complaint is processed to the letter of the law. I have fully researched my rights and found that the Fair Credit Reporting Act does not allow you to victimize innocent credit-worthy people by reporting erroneous false information. I did exactly as the FCRA required me to do and first contacted Transunion about the horrible mistake. They sent me a letter stating that they verified the information. PISH POSH I say. I dont consider sending some computer-generated generic letter verification. Why dont you actually research my account history this time and see the errors yourselves? After doing so you will see that it is false to report I was late on XX/XX/2020. Please update and correct my account right away. 

XXXX XXXX XXXX XXXX XXXX XXXX XXXX XXXX XXXX XXXX",Credit reporting
10558,"I called to report a lost card. Spoke to an offshore help desk. They said they would replace the card and I would get a new XXXX in the mail within 2 weeks. XXXX4 weeks later I call again. They have no idea or zero record of me calling.l, and have mailed nothing. They asked for all my info again, said they would mail a new card. The next day I received the SAME card I had lost. I had to call again and get them to send a proper NEW card which would take another two days. Almost a month from my first call. Terrible customer service and zero comprehension.",Credit card
10559,My loan was transferred to DiTech for servicing XX/XX/2016. Since then my taxes have not been paid. Funds have been withdrawn from my escrow account and not applied to my tax bills. To this date my County and interim school tax bills have not been paid. I have been reaching out to DiTech since XX/XX/XXXX to get this resolved and have been unsuccessful. I was put in contact with several managers at DiTech and XXXX who distributes the tax funds and have not received any feedback or resolutions. DiTech has also taken additional monthly mortgage insurance payments from my escrow account as well with no explanation on why. Any help addressing this matter would be greatly appreciated.,Mortgage
10560,"Unauthorized XXXX transactions with several of my bank accounts ( XXXXXXXX XXXX, Bank of America checking accounts ). Multiple occurrence for small dollar values ( {$10.00}, {$1.00} ) in XXXX, XXXX, XXXX, XXXX. Called Bank to dispute. No adjustments issued.",Money transfer or service
10561,I got another statement today with funds misapplied again. I am attaching the statement I received and I had to call to have the funds properly applied. I had another complaint filed and they continue to misapply funds and I have disputed their findings on your website. I ca n't get any results. Someone has to challenge them to do things correctly. I ca n't get them to contact me and get anything right. My previous complaint was [ Case number : XXXX ].,Mortgage
10562,"I changed my name, decreed by the XXXXXXXX XXXX family and probate court XX/XX/2022. 
\ I have since contacted Wells Fargo on no fewer than four dates from XX/XX/2022 to XX/XX/2022 about updating my name. Ultimately, my name on my credit card has been updated, but my online account and credit report still report to the former name. 
\ Wells Fargo initially insisted I must go to a branch in person to perform this action. Then they changed their mind and promised a mailed form, which I was to fill out and mail back to them. After a month it hadn't shown up. I called them back and they said wait for it to show up, they had definitely absolutely shipped it for real. It took another phone call to request another copy be mailed before it actually showed up ( still >1 week later ). 
\ After that it took them about a month to process my credit card file update. I might have had to reach out to them for a new credit card, I can't recall. 
\ To date they have still failed to update my online profile. I called them today to update this, and they again insisted I go into a branch. There aren't any branches in my state. 
\ I am calling them once more on Monday, and if they don't present a pathway to actually solving the problem I plan to close my account after balances are settled. 
\ There is no online contact for customer support on their website. There is no email address. This could have been an email process, and everyone would have spent far less time and resources on this.",Credit card
10563,"I called Valley Bank requesting a rewards redemption check. Their representative said the points had expired and that an e -statement had been sent to me notifying me to use them prior to expiration.

I have never opted into e - statements and did not receive one. I told them i always get paper statements and had never received any such written information about using or losing them. 
The bank rep said the account was switched to e - statements a few months prior but could not tell me who switched the account and could not rectify the problem.",Credit card
10564,I tried sending in the payment for XXXX before XXXX however the payment had trouble processing. I waited till I had confirmation and the payment processed XX/XX/XXXX @ XXXX XXXX I dont want it to report to my credit saying I didnt pay on time I did try to send it before midnight the processing took a little longer than expected. I have payment confirmation that the payment processed and the time also please can yall help me out could yall wave it to be on time? Or report it before midnight? I dont want my credit to take a set back,Mortgage
10565,"Trying to get PMI removed and went through Ocwen 's process to have a new appraisal. Once that was done we had to put {$780.00} more toward principal to have PMI removed, sent in {$800.00}, they put it toward escrow. Got that fixed then they went back to our appraisal from 3 years ago. Now trying to get it removed before the 90 period is up for them to use the current appraisal.",Mortgage
10566,Coinbase has a feature that enables you to send XXXX to certain addresses and limit it to the addresses on that list. This morning the allowlist disappeared completely. This means any crypto you buy you can not send it anywhere. This makes it unable to access your money in certain circumstances and in others it makes you unable to move the crypto off the exchange.,Money transfer or service
10567,"Money from a Navy federal checking account was withdrawn/transferred out of account by Navy Federal as a collection of debt without authorization from of primary account holder. 

The money collected ( XXXX ) benefits is under a protected class by Federal, State, and Social Security Act to not be used for debt collection. The primary account holder is not beneficiary of the XXXX benefits. The funds ( XXXX ) benefits belong to the child of the account holder. The funds are deposited as a check in the name of the child, and the account holder as the payee. Therefore the child is not responsible for the parents debt. 

Navy Federal was contacted, and told that the funds are protected. The Navy federal representative said the money came from XXXX it was {$42.00}. I told the representative that the transaction for ( {$42.00} ) were wronfully taken out the account by XXXX on XX/XX/year> ; and the transaction was reversed by XXXX, and sent back the account on XX/XX/year> ; then Navy Federal took it upon themselves to transfer the reversed payment in the exact amount of {$42.00} out the account ; without my authorization as a collection of debt on a credit card I have never owned. Navy Federal Representative said because the funds came in from XXXX she was not reversing the payment. 
Please note the transaction is listed as a transfer ; as If I transfered it to a debt collection account. When it should be listed as a payment/collection but it's not. I recorded the conversation for my own personal record. 
I did not authorize XXXX XXXX to transfer any money.",Bank account or service
10568,"In accordance with the Fair Credit Reporting act. The List of accounts below has violated my federally protected consumer rights to privacy and confidentiality under 15 USC 1681. 

Account Name : XXXX XXXX XXXX XXXX : Account XXXX Account Name : XXXX XXXX XXXX XXXX XXXX Account XXXX Account Name : XXXX XXXX : Account XXXX And lists of unauthorized inquiries that don't have PERMISSIBLE PURPOSE to be on my credit reporXXXX XXXX XXXX XXXX XXXX XXXX XXXX XXXX XXXX XXXX XXXX XXXX XXXX XXXX XXXX XXXX XXXX XXXX XXXX XXXX XXXX XXXX XXXX XXXX XXXX XXXX XXXX XXXX XXXX XXXX XXXX XXXX XXXX XXXX XXXX XXXX XXXX XXXX XXXX XXXX XXXX XXXX XXXX U.S.C 1681 section 602 A. States I have the right to privacy.

15 U.S.C 1681 Section 604 A Section 2 : It also states a consumer reporting agency can not furnish a account without my written instructions 15 U.S.C 1681c. ( a ) ( 5 ) Section States : no consumer reporting agency may make any consumer report containing any of the following items of information Any other adverse item of information, other than records of convictions of crimes which antedates the report by more than seven years.

15 U.S.C. 1681s-2 ( A ) ( 1 ) A person shall not furnish any information relating to a consumer to any consumer reporting agency if the person knows or has reasonable cause to believe that the information is inaccurate.",Credit reporting
10569,"On XX/XX/2018, I was contacted by a company that explained they were providing me online technical support for my computer. The company indicated they were going to provide me with {$170.00} credit ; however, they billed me {$750.00}. The company that took my money did not provide me the services they were supposed to and I did not authorize them to bill me {$750.00}. The company was supposed to provide me computer security, technical support, and increase my computer speed. When they billed me {$750.00}, I contacted them and cancelled services immediately on XX/XX/2018 because I did not authorize the {$750.00}. 

I contacted 5/3 to report this incident and they denied my fraud claim because they said it was my fault. 

I took my computer to XX/XX/XXXX to have it examined and XX/XX/XXXX confirmed this company installed 13 different kinds of malware and spyware. I had to pay XX/XX/XXXX {$200.00} to fix the issues that were caused by the company that did not provide me services as described. 

I am very disappointed in 5/3 service because I am an elderly woman and no one took the time to help me. I feel betrayed by the company that lied to me and my own bank. I am reconsidering my relationship with 5/3 because they are not assisting me with my situation.",Bank account or service
10570,"Dear Equifax, I am writing to formally dispute inaccurate information that appears on my credit file with your bureau. This letter is being sent pursuant to my rights under the Fair Credit Reporting Act ( 15 U.S.C. 1681 ) and 15 U.S.C. 1605 ( a ) regarding finance charges.

On my credit report, the account listed below is being reported with late payments. However, under 15 U.S.C. 1605 ( a ), if a finance charge was included in the sum of all payments for this account, there should not be any late payments reported. 
Account in Question : Creditor Name : XXXXXXXX XXXX XXXX Account Number : XXXXXXXX XXXX XXXX  Reported Late Payments : XX/XX/year>",Credit reporting
10571,"I am selling my home because my wife has become ill and can no longer work full time. I've had a buyer in place since XXXX. The buyer is trying to assume my loan. The mortgage company, PHH Mortgage, has repeatedly delayed the closing because they don't want my buyer to have my interest rate. I have repeatedly contacted them, as has my realtor and the buyer 's realtor. We have supplied all paperwork as requested, yet they continue to delay and refuse to set a closing date. This is causing financial and emotional hardship because we can not make the mortgage payment any longer. This purchase should have closed in XXXX. We are in severe financial distress because it hasn't, not to mention the purchase of our new, smaller home has not been able to be completed. I was given the "" direct contact '' information for the person working this case. Despite dozens of calls, that person has never answered their phone or returned voicemails. We are going to be in default even though we've had a buyer in place for months. This is not fair or right, simply because the mortgage company doesn't want the buyer to assume the loan. They are delaying with the hope that our sale will fail because of the delay.",Mortgage
10572,"To Whom It May Concern, I am writing to file a formal complaint and request an immediate investigation concerning XXXX XXXX XXXX 's report to XXXX  under my name. I recently obtained a copy of my XXXX  report and noticed an entry from XXXX  XXXX XXXX that I believe to be inaccurate, incomplete, and/or not authorized. 

Details of the Disputed Entry : Bank Name : XXXX XXXX XXXXXXXX Reported By : XXXX  Dispute Type : [ ] Inaccurate Information [ ] Fraudulent/Unauthorized Account [ ] Reporting Without Proper Verification ( Customize accordingly ) Under the Fair Credit Reporting Act ( FCRA ) 611 ( 15 U.S. Code 1681i ), I am exercising my right to dispute the accuracy and completeness of the information being reported. Additionally, FCRA 605B requires that accounts resulting from identity theft or unauthorized activity must be blocked from my consumer report if proven to be fraudulent. 

I have already submitted a dispute to XXXX  and XXXX XXXX XXXXXXXX directly, but I am not satisfied with their resolution. The account in question was : Not opened or authorized by me, OR Closed and paid in full, OR Reported inaccurately regarding status, balance, or dates. 

Attached are the following documents for your review : Copy of my government-issued ID Recent utility bill ( proof of address ) Copy of the XXXX  report showing the XXXX XXXX XXXXXXXX entry Any supporting documents related to identity theft or prior disputes ( e.g., FTC identity theft report, police report, prior letters ) I request the CFPB to investigate this matter and ensure that Truist Bank and XXXX  comply with federal law by : Reinvestigating and verifying the disputed information ; Providing clear documentation of any alleged account, including signatures or IP data ; Deleting or correcting the inaccurate or fraudulent entry as required by law. 

Please confirm receipt of this complaint and notify me of the results of your investigation. 

Sincerely, XXXX XXXX",Bank account or service
10573,"In XXXX and XXXX of this year, I contacted Equifax, XXXX and XXXX online to dispute an account with XXXX XXXX that meets the requirements of "" Credit reporting time limit ''. I am a single mom of 3 trying to purchase a home and this is the only account that is affecting my credit. This is an account that was paid off almost 8 years ago, but unfortunately I do not have a receipt because I went through a divorce process and can not locate most of my paperwork for old bills. XXXX and XXXX  immediately deleted this 8 year old account to my satisfaction and my score is in the mid 700 's now with both of them. With Equifax I have disputed it TWICE and I even told them that by law, credit bureaus are only allowed to list negative items for a certain amount of time, and the XXXX account meets and EXCEEDS the time limit for negative information. Please help me in resolving this issue. I don't understand why XXXX and Equifax keeps violating the Fair Credit Reporting Act.",Credit reporting
10574,"I am a consumer entitled to a settlement payout from a CFPB enforcement action, but I accidentally submitted the incorrect electronic payout/direct deposit information. Because I do not have a working phone to call the helpline, I am submitting this online complaint to formally request a correction. complaint ID XXXX submitted on XX/XX/year> settlement amount {$4600.00} I used the wrong account and would like a paper check mailed to XXXX XXXX XXXX",Bank account or service
10575,We have been getting robocalls from Naviant every evening at the same time XXXX. Asking us to call XXXX number. Returned call once ..was told we have been listed as reference on a student loan app ..told them we knew of no such app. For a while got message threatening vague legal action in reference to a person we have never heard of. Would like calls to stop and Naviant to be sanctioned.,Debt collection
10576,Mortgage balance discrepancy with Chase prior to loan being transferred. Requesting copies of monthly statement or detailed payment history from XXXX thru XXXX. Payment history to include : -beginning monthly balance -escrow balance -payment & interest -escrow balance YTD paid -interest paid -taxes paid -principal paid -insurance paid -PMI/MIP paid,Mortgage
10577,"On the XXXX of the month, I was urged by the represenative to scan my ID via my mobile phone. The process would not continue. I was advised to show my ID at a branch bank to verify my identity and complete the process ( I did this on the XXXX after suffering from a leg injury leaving church on Sunday. )",Bank account or service
10578,"I have three collections reporting from XXXX, I requested an investigation from them directly and from Equifax. I have not gotten a proper response from XXXX I am unsure of the correct reporting and I don't believe equifax  has done a proper investigation into this matter. They just keep verifying the information.",Credit reporting
10579,"I was approved for a personal loan in the amount of {$2500.00} and was told it would be deposited to my bank account within a few days. Two weeks went by I still haven't received any money I was going back and forth with my bank and the loan company over the phone, my bank said their system isn't showing any pending deposits and I should reach out to the loan company. I reach out to the loan company about what was going on with the loan and they said that it got canceled and didn't give me any information why it was canceled.",Consumer loan
10580,"ThisCFPBcomplaint hasbeen filed to request pursuant toFCRA605B ( 15 .U.S.C .

1681c2 ) that you, the TransUnion credit reporting agencys block the information appearingonmyconsumercredit report that istheresultof identitytheft, andfraudwithin fourbusinessdaysof youreceiving thiscomplaint.This fraudulent, inaccurateand false informationconsistofpersonalcreditcardaccounts, autoloans, personal loansandopen end unsecured consumer accounts as follows : ACCOUNTS : XXXX, XXXX, Balance : {$19000.00} XXXX  - Account Number : XXXX, Date Opened : XXXX, Balance : {$3200.00} XXXXXXXX XXXX  - Account Number : XXXXXXXX XXXX XXXX XXXX  Date Opened : XXXX, Balance : {$1400.00} Theseaccountshaveresultedinseveral fraudulenthardinquiriesandfraudulentcollections appearingonmyconsumerFICOcredit report. Iveattacheda list of thehard inquiries in questionaswell asacopyof theconsumer FICOcredit reportmaintainedbyyouwhich shows thesaid fraudulent items. I donot recognize theseaccounts, collectionsandhard inquiriesasreported.Theaforementionedaccounts, collectionsandhardinquiriesappearing onmyconsumercredit reportmaintainedbyyouwerenotopened, madeor initiatedbyme. 
Allof thesaidaccounts, collectionsandhardinquiriesarearesultof identitytheft, andfraud. I haveattachedacopyof theFTCidentity theft criminal complaint XXXX, XXXXasproof fromtheUSfederal tradecommission that all of theaforementioned, consumercreditaccounts, collectionsandhardinquiriesareinfactaresultof identity, theft, and fraud.",Credit reporting
10581,"I have emailed and called Lending Club over 7 times asking for a change in the payment amount due to unexpected financial disasters. One I lost income due to a XXXX and two the coronavirus. They have refused all options and yet email me saying they have a "" hardship '' program. I ask them about that and they say I do not qualify and that is offered randomly to some customers. 

I recently emailed them several times to discuss specifically the changes if less income due to the coronavirus pandemic and they simply send an email stating that due to this "" coronavirus '' their response time is later than usual but never respond. However they are sending payment reminders and I was late XXXX and they called repeatedly demanding payment. They are out of control. I simply want to lower my payment amount to about half until this situation resolves. Please help.",Consumer loan
10582,"I am writing to formally dispute the handling of my student loan account, which has been impacted by the recent data breach involving XXXX. Due to this breach and concerns raised with the Consumer Financial Protection Bureau ( CFPB ), I am requesting an immediate review and resolution of the following issues : Data Breach Concerns : I am concerned that my personal and financial information may have been compromised due to the XXXX breach. Please confirm whether my account and any associated sensitive information were affected. 
Loan Account Status : I would like a detailed review of my student loan account, including a summary of all transactions, fees, and any changes made to my account since the breach. 
Credit Report Impact : If this breach has affected my credit report, please take the necessary steps to correct any inaccuracies and notify the credit reporting agencies on my behalf. 
I request a written response to this letter within XXXX days, detailing the steps your office is taking to resolve these concerns. 
Thank you for your prompt attention to this matter.",Consumer loan
10583,"The deletion or blocking of accounts due to a data breach or unauthorized inquiries is governed by FCRA Section 605B ( 15 U.S.C. 1681c-2 ) and FCRA Section 604 ( 15 U.S.C. 1681b ). I am writing to formally dispute the accounts listed on my consumer credit report, which stem from a data breach or fraud. I request concrete evidence bearing my signature or electronic signature. I assert that these actions infringe upon my consumer rights under the Fair Credit Reporting Act Section 605B ( 15 U.S.C. 1681c-2 ) and Fair Credit Reporting Act Section 604 ( 15 U.S.C. 1681b ). It is imperative to note that these actions were initiated without proper validation or original documentation from the reporting companies. 
Listed below are the Personal Information that are being challenged Incorrect DOB : - XXXX Employer - XXXX XXXX Listed below are the Accounts that are being challenged XXXX XXXX XXXX XXXX Listed below are the Collections that are being challenged XXXX XXXX XXXX  XXXX XXXX  - XXXX XXXX XXXX XXXX XXXX XXXX XXXX  - XXXX XXXX XXXX XXXXXXXX XXXX XXXX XXXX XXXX Listed below are the Inquiries that are being challenged XXXX XXXX XXXX XXXX XXXX XXXX - XXXX XXXX XXXX XXXX XXXX  XXXX XXXX XXXX XXXX XXXX XXXX",Credit reporting
10584,"I sent out a dispute letter on XX/XX/2020 directly to the creditor regarding the validity of this debt. It has been more than 30 days and I have not received any information with proof of this alleged item, specifically the contract, note or other instrument bearing my signature. 

They have failed to respond and are violating my FCRA 30 day investigation right.",Debt collection
10585,"As of XX/XX/2023, amounts owed have been satisfied. I am in receipt of Copy B from the IRS and this has yet to reflect on my credit report nor have I received any documentation from DISCOVER. 

I have attached the documentation to verify and make sure the proper steps are taken to completely get this resolved as soon as possible. 

Changes need to be also reflected on credit file to show no balance owed since account was charged off.",Debt collection
10586,"I sent a Cease and Desist letter to Admin Recovery LLC on XX/XX/year>, via Certified Mail, requesting that all contact stop immediately. 

This debt had already been removed from my credit reports, and I was making voluntary payments & I CANT ANYMORE due to a medical hardship. 

THese XXXX  over @ admin recovery thye keep cbombarding my bank with ACH transfers even after i told them to stop via that certified letter .. aside form that folks.... 
I PAYED {$30.00} for an ACH stop payment and these people contoniuosly bombard my abnnk and now have me overdrawn... with over {$300.00} in my bank account {$300.00} + XXXX told htme to stop... and they keep processing payments even after me verblly telling thme certifying miling them and also ... having my bank charge me for an ach stop payment they keep hitting mybank account this is XXXX who do these peoiple think they are buying my debt for pennies on the dollar an d BULLYING ME INTO PAYING THEM .. mkaing me feel bad over the pohne .. demoralzing me DEMORALIZING MY MANHOOD AND EVEN my mself XXXX talking about '' when will u fix ur XXXX '' u have to pay .. we need ur XXXX u owe us this debt, u have to pay get up t date '' all those words and more this is absurd and anooying ... even after my XXXX XXXX XXXX XXXX, and my XXXX XXXXXXXX this XXXX XXXX!!! i have asked medical records for prove of all this but is tkaing longer than expected to arriev so i can scan it all ands ent it yo you people for now XXXX XXXX proof of the XXXX AND XXXX XXXXXXXX XXXX XXXX letter i speciificall ysent them..... 
This violates the FDCPA and disregards both my hardship and legal rights. 
I am requesting a full investigation and confirmation that no further contact will occur, and that my account is considered closed and resolved. 

Thank you. this is XXXX - XXXX XXXX",Credit reporting
10587,Wire instruction to send money toanother bank were not followed. Beneficiary never received the money. Bank did not notify me that it had not sent the money. Money was debited at time of instruction from my account. I instructed Bank to cancel the wire and credit my account. Money has not been credited back to my account for almost 1 month now. I am in contact w branch amd service rep but no substantive updates are given. Amount is $XXXX. I need money back and Bank is saying they are not able to credit interest during the missing 1 month period. I need the $XXXX back in my account ASAP.,Bank account or service
10588,"This company did not send any written communication prior to adding this account to my credit report. Per FDCPA every company is required to send a written notice for collection accounts prior to reporting an alleged debt to the data furnishers ( XXXX, XXXX and XXXX ) that was not done. I did not get the opportunity to dispute this debt due to the companies lack of following the Fair Debt Collections Practices Act.

This has created a situation where I am not able to move. due to the companies failures.",Debt collection
10589,"In accordance with the Fair Credit Reporting act. The List of accounts below has violated my federally protected consumer rights to privacy and confidentiality under 15 USC 1681. 

Account Name : DEPTEDXXXX Account Number : XXXX Account Name : XXXX XXXX Account Number : XXXX Account Name : XXXX XXXX Account Number : XXXX and list of Inquiries. 

15 U.S.C 1681 section 602 A. States I have the right to privacy.

15 U.S.C 1681 Section 604 A Section 2 : It also states a consumer reporting agency can not furnish a account without my written instructions 15 U.S.C 1681c. ( a ) ( 5 ) Section States : no consumer reporting agency may make any consumer report containing any of the following items of information Any other adverse item of information, other than records of convictions of crimes which antedates the report by more than XXXX years. 

15 U.S.C. 1681s-2 ( A ) ( 1 ) A person shall not furnish any information relating to a consumer to any consumer reporting agency if the person knows or has reasonable cause to believe that the information is inaccurate.",Credit reporting
10590,"All three credit Bureaus never did a proper INVESTIGATION according to the FCRA The term investigation consumer report means a consumer report or portion thereof in which information on a consumer 's character. General reputation. Personal characteristics, or mode of living is obtained through personal interviews with neighbors, friends, or associates of the consumer reported on or with whom he is acquainted or who may have knowledge concerning any such items of information.

The did not do this : - Also they have violated my rights even more.

In accordance with the fair credit Reporting everything has to be 100 % accurate on my credit report.

The credit bureaus stated my account was properly investigated but now is that possible if the open and close date, last active, payment and report date is inaccurate, even the 3 credit bureaus have different information about my date of birth, address and employer. This is ground for removal.

They also violated the law because according to 15 U.S.C 1681 section 602 A. States I have the right to privacy.

15 U.S.C 1681 Section 604 a. Section 2 : it also states a consumer reporting agency can not furnish an account without my writtan instructions. 

I did not give anybody writtan instructions.",Credit reporting
10591,"On about XX/XX/2018, my account on Coinbase and XXXX was locked for no apparent reason - specifically, Coinbase prevented me to do any additional Buys - which automatically locked me out of logging into XXXX where all of my funds are currently stored. After numerous calls and emails, I have not heard back nor got any further explanation except that there must be an error and my case number : # XXXX or # XXXX was being escalated. As of XX/XX/2018 - I have not heard back from them on what progress is being made to release my account back to me so that I may get my funds back into my hands.",Money transfer or service
10592,"On XXXX XXXX 2017 my account was limited and money block from being withdrawn. I have sent all items I sold and have tracking to confirm the items have been delivered. After I completed all transaction PayPal is now asking me to provide my SSN and other personal information, which I did not agree to give. I have fulfilled all obligations to my customers so there is no reason for PayPal to be holding my money for 2 months. I want my {$140.00} released, I would never think a XXXX dollar company would bully its sellers around like this.",Money transfer or service
10593,hi i called multiple times the bank bmo to report fraud transactions that ive never authorized after my card was stolen and it was not reported by bmo. nothing was done i want my money stolen back pls see the fraud transactions that i never authorized below XX/XX/XXXX safari park lodge XXXX $ XX/XX/XXXX jl by pass ngurah rai denpasar XXXX $,Credit card
10594,"On XX/XX/XXXX I was placed on forbearance with Select Portfolio Servicing , Inc due to the XXXX pandemic. My forbearance period ended on XX/XX/XXXX. I applied for additional assistance in which I was denied on XX/XX/XXXX because the finance company Select Portfolio Servicing , Inc said I didnt qualify. I was and is currently on unemployment and I qualified for the additional forbearance extension. On XX/XX/XXXX I received a letter in the mail that Select Portfolio Servicing , Inc wanted me to participate in a modification in which I explained I couldnt afford to feed my family, pay light bill, and pay the high modification mortgage they wanted me to pay. They threaten to foreclose my home if I didnt pay. On XX/XX/XXXX I launched an investigation with Select Portfolio Servicing , Inc with their ombudsman department and they did not resolve my account. I had to borrow money to pay XXXX and XX/XX/XXXX modification payments. I called on XX/XX/XXXX regarding the forbearance extension which is on XXXX XXXX website and Consumer Finance.gov which state the extensions is 18 months if the mortgage account was in forbearance on XX/XX/XXXX. I was in forbearance at that time frame. Every conversation is recorded please request conversation records from XXXX XXXX XXXX. They have lied and stole money.",Mortgage
10595,"I got a new insurance company and they billed XXXX for my homeowners insurance on XXXX XX/XX/2023. XXXX has yet to update their records to reflect my new insurance company. Im not sure what else to do to get them to update their records, and they are about to pay my old insurance company.",Mortgage
10596,"I sent TransUnion a certified letter XX/XX/XXXX. I have not received any response, yet they have updated the comments on my credit report as "" dispute resolved, customer disagrees ''. 

First off- there was no investigation done. Had there been an investigation, I would have been notified and they would have corrected the issue on my dispute letter. 

They are reporting this account and the account is an expired debt- Which is is paid and closed. 
There are multiple FCRA Violations - 1 ) they are reporting a closed account with a two year history of over 7 years old- this needs to be removed. 2 ) they are reporting the payment status as "" late 120 days '' - REMOVE this its paid and closed. 3 ) They have a "" last payment date '' as XX/XX/XXXX, however they are reporting on time payments in XXXX and XXXX. 
This account is OUTDATED, INCOMPLETE and INACCURATE. 
And they lied and marked the account as "" Dispute resolved "" when they did not do any investigation.",Credit reporting
10597,"Unknow caller states that I have an uncollected debt and that I will be arrested if I do not comply with their request. They have even called my adult children with the same threats. I know of several companies that I had loans with but paid off the principal and had agreements on the remaining interest. 

Speedy Cash XXXX XXXX",Debt collection
10598,"I am writing to formally dispute inaccurate information appearing on my credit report, which has been reported by CIC ( The Power of Decision ). The eviction entry listed under my name is incorrect and should be removed immediately from my credit profile.

I have never been evicted from this or any other property, nor have I been involved in any legal proceedings resulting in a formal eviction. Therefore, the presence of this entry is not only damaging but also in violation of the Fair Credit Reporting Act ( FCRA ), which mandates that all data on a consumers credit report must be accurate and verifiable. 
I request that you immediately investigate this matter and provide documentation supporting the accuracy of the eviction record. If such documentation can not be produced, this entry must be deleted from my credit file.",Debt collection
10599,"XXXX XXXX Deposited $ XXXX into my relatively new Laurel Road savings account. Then saw on XXXX that many savings account customers were having issues where XXXX flagged their account after a larger deposit, locking them out and even closing their account. 

A few days later, early XXXX, I could not log into my account, it was locked. I received a letter stating XXXX was "" ending their business relationship with me. '' I've recorded every customer call I've made since. 

It's been over two months, and although they've closed my account, I do not have my $ XXXX, they have it still. Over the course my phone calls to customer service, I've been told ( in order ) that ( 1 ) the $ XXXX would be wired back to my XXXX account from which it came ( it wasn't ), ( 2 ) that I then needed to 'prove "" the XXXX account was mine, although it was connected and in my same name and Laurel Road ACCEPTED the wire and it was in my account, ( 3 ) once I sent them back my copy of my drivers license and XXXX bank statement to prove the account was mine from which the $ XXXX was wired into XXXX XXXX they needed 3-10 business days. 

I'm now past that mark, with no update and no $ XXXX. To be clear, THEY closed my account in early XXXX, but are holding on to a $ XXXX ACH deposit I made from my XXXX account. Where is the money? In their own interest-bearing account? How can they keep my money when they closed my account? 

The XXXX thread speaks volumes : XXXX XXXX XXXX",Bank account or service
10600,"XXXX XXXX Holding My Money Hostage Duplicate Charge Complaint Details : XXXX I was charged twice for the same XXXX transaction. XXXX confirmed in writing that they only charged me once. However, XXXX XXXX refuses to remove the duplicate pending charge, which has left my account in the negative. 

I am currently traveling in XXXX with no money, and XXXX refuses to issue a temporary credit or manually remove the unauthorized hold. 

I have spent hours on hold, including 40+ minutes with a supervisor, and XXXX XXXX refusing to take action. They are illegally restricting my funds under the Electronic Funds Transfer Act ( 15 U.S.C. 1693f ).

I demand : Immediate removal of the duplicate charge OR a temporary credit Refund of any overdraft or foreign transaction fees caused by this error Investigation into Schwabs refusal to follow standard banking procedures Attached : Email from XXXX confirming they only charged me once.",Bank account or service
10601,"I am asserting that these entries are a result of fraudulent activities, and I have not engaged in any financial transactions with XXXX XXXX or XXXX XXXX. I have Tried and tried to get them to fix this error that is causing a major disruption to my life. They keep responding as it belongs to me and I have proving otherwise. Please help me with this matter.",Credit reporting
10602,My payments keep going up with Wells Fargo. I am now at 14 % and I cant afford to pay this and I only owe XXXX on my home. I paid XXXX on XX/XX/XXXX and paid XXXX on XX/XX/XXXX receive a letter stating that I owe XXXX due by XX/XX/year> this doesnt add up.,Mortgage
10603,"I have submitted complaint ( s ) against this company and provided plenty of notices/Affidavits with lots of evidence but they still claim that I owe this alleged debt. They have also not provided me with the remedy I am entitled to and they may or may not have ignored my Cease and Desist that I've recently sent to them.

Attached is my UCC Filing Search Results Report from the Commonwealth of Pennsylvania Department of State which shows there are no commercial Liens filed against my name. This company has been collecting debt without properly obtaining judgement or proof of verification of judgement, and have not submitted a public filing via UCC-1 with the Secretary of State.

This is my last warning before I proceed to bringing legal action against them.",Debt collection
10604,I did reach out to XXXX XXXX  for the mis-reporting and expressed to them that the late payment was due to their system being down and that that's caused the payment being submitted on the XXXX XXXX  XXXX ; they denied the request.,Credit reporting
10605,The manager at XXXX XXXX called me after receiving my complaint that I submitted yesterday. See and read attached response in regarding to his admissions to the violations outlined in my demand letter.,Consumer loan
10606,"in accordance with the fair credit reporting act XXXX account # XXXX has violated my rights. 

1

5 usc 1681 section 602 states i have a right to privacy. 15 usc1681 also states a consumer reporting agency can not furnish a account without my written instruction. 15 usc 1666B a creditor may not treat a payment on a credit card account under an open end consumer credit plan for any purpose.",Debt collection
10607,Capital One closed XXXX XXXX credit cards and a Walmart credit card. I was NEVER late or had reversed payments now with XXXX closed accounts at creditors request I am stuck with XXXX {$300.00} limit cards with no chance of increase.,Credit card
10608,"To Whom It May Concern, I am writing pursuant to the Fair Debt Collection Practices Act ( FDCPA ), 15 U.S.C. 1692g, to request validation of the following alleged debts that you claim I owe : Account # XXXX At this time, I dispute all of the above accounts in their entirety. I request that you provide the following for each alleged account : 1. The name and address of the original creditor.

2. A complete payment history, including the amount of the debt, how it was calculated, and any interest, fees, or other charges added.

3. Proof that Jefferson Capital Systems has the legal right to collect this debt.

4. Copies of any documents bearing my signature that establish my responsibility.

Until such documentation is provided, please cease all collection activity and refrain from reporting these accounts to the credit reporting agencies. If you have already reported them, you are required to notify the credit bureaus that the accounts are disputed.",Debt collection
10609,I had a cash app account that was closed on me and I was told that I would be able to get the remaining funds off of my account and my account disappeared and I was never able to get my money when they told me I would be able to.,Money transfer or service
10610,Innovative Collection Services is attempting to collect a debt that I never came into contractual agreement and never agreed to pay. Basically the debt is not mine because I never agreed to it. I received a final notice on XX/XX/2019 requesting XXXX dollars for something called a city booking fee.,Debt collection
10611,There was a beneficiary account open in my name and social security number back in XXXX. I have not received a dime from this account. The payment is directly deposited into my mother 's account- the legal owner of her private account. As the beneficiary I am the legal owner of that beneficiary account. Wells Fargo knows of the rights and responsibilities when it comes to these type of accounts. I walked into the bank mid XXXX and spoke to an account manager. I explained the situation and the manager denied me of any information regarding the account. I was told since I was not the owner of that private Wells Fargo account they would not be able to disclose any information. The beneficiary becomes legal owner of the account automatically when the benefactor does. A beneficiary does not necessarily need to be closely related. The beneficiary may be a survivor that the benefactor chooses for whatever reason. There is no reason why the beneficiary should not be informed of this account. In XXXX I was attending community college XXXX XXXX XXXX XXXX I graduated in XXXX with a well earned XXXX gpa and transferred to XXXX XXXX that same year in the Fall of XXXX. XXXX XXXX is almost impossible to get into. There is no reason why this account should be kept from me. Slander and defamation -calling someone irresponsible- are not legally acceptable reasons to deny someone what is already theirs. I am requesting for the file related to the beneficiary account to be sent to XXXX XXXX XXXX XXXX XXXX XXXX XXXX XXXX CA XXXX. Please be assured that legal services will be sought after through Inspector General. I would like a full reimbursement for the back pay as one lump sum.,Bank account or service
10612,"In accordance with the Fair Credit Reporting act. The List of accounts below has violated my federally protected consumer rights to privacy and confidentiality under 15 USC 1681. 

XXXX XXXX XXXX XXXX XXXX XXXX XXXX XXXX XXXX XXXX XXXX XXXX XXXX XXXX XXXX XXXX XXXX XXXX XXXX XXXX XXXX XXXX XXXX XXXX XXXX XXXX XXXX XXXX XXXX XXXX XXXX XXXX XXXX XXXX 

15 U.S.C 1681 section 602 A. States I have the right to privacy.

15 U.S.C 1681 Section 604 A Section 2 : It also states a consumer reporting agency can not furnish a account without my written instructions.

15 U.S.C 1681c. ( a ) ( 5 ) Section States : no consumer reporting agency may make any consumer report containing any of the following items of information Any other adverse item of information, other than records of convictions of crimes which antedates the report by more than seven years.

15 U.S.C. 1681s-2 ( A ) ( 1 ) A person shall not furnish any information relating to a consumer to any consumer reporting agency if the person knows or has reasonable cause to believe that the information is inaccurate.",Credit reporting
10613,"Ten years ago, I went into a bad XXXX program that did nothing for my future. I lived off loans and eventually landed a job only to be laid off in 2008. I held part time jobs and tried to pay down some of my loans but when I decided to go back to school, the loans were in deferment. Now I 'm a teacher and trying to pay off debts but the once XXXX XXXX now Navient loans have almost tripled in size. I do n't know how to pay them off in my lifetime. Their staff is rude, the calls from them are harassment, unhelpful and I 'm trying to figure out a concrete plan before I start giving them money. I fully intend to reach a settlement and pay that sum off. I should have never been approved for these loans in the first place. I also hold blame to the University XXXX 's financial aide department for allowing this to happen as well. I was young and too naive.",Consumer loan
10614,On XX/XX/year> I called lendmark about the balance on my loan. They did not have the updated information and I was given a number to the attorney that is handling the wage garnishment. I was never called back and there was no message left. I have requested to be given an updated amount and I have disputed this account so many times with the company. I have been overcharged for years. I thought I had it paid off by my records. The wage garnishment stopped and now has started over again. This company refuses to work with me on getting this taken care of. The account has showed up on my credit report as closed and now reopened. It is creating a hardship on me again and I am seeking reprieve.,Consumer loan
10615,I have contacted them by telephone and submitted several times of disputes on credit report exsplain I was a victim of idienty theft before the hard inquiry was removed from my credit report but the collection still remains and the XXXX XXXX is a debt collector agency and has not yet contact me with,Debt collection
10616,"I started a heloc loan with west capital lending online via phone text with one lender. Everything went well, thought we were on the same page. Instead I ended up with lump sum loan from figure which is not a heloc. They told me my grace period ended after 3 days to cancel but no one ever told me when my grace period even started. Than within a week I didnt even know who I was dealing with anymore figure or XXXX XXXX. I emailed figure for cancelation but they told me to call XXXX I did it wasnt resolved. I returned all funds back to figure by calling them but I cant cancel this loan and get the loan I actually wanted because I would still have to pay the interest on the origination or pay it off. I believe I was deceived and the lender knew exactly what I wanted but I believe this was just a way for him to get commission. He knew I didnt want to go back and forth either paperwork so he said it would be easy and convinced me to trust that this was a heloc loan.",Mortgage
10617,"To Whom It May Concern, I am writing to formally dispute inaccurate and unverifiable information appearing on my credit report. After reviewing my report, I have identified multiple accounts and entries that I do not recognize, are reported inaccurately, or can not be properly verified.

Under the Fair Credit Reporting Act ( 15 U.S.C. {$1600.00} ), you are required to ensure maximum possible accuracy and to conduct a reasonable investigation of any disputed information. At this time, the items in question do not meet those standards. 
I am requesting that you conduct a full investigation and delete any accounts, payment histories, balances, or remarks that can not be fully verified and documented as accurate. 

XXXX Account # XXXX",Debt collection
10618,"I signed and returned a job offer, submitted a w-2, I-9 and copies of my drivers license as part of the onboarding process. I was emailed a check to purchase supplies and equipment needed for my 'remote ' position. Because I had never received a check via email, I called my bank and asked them to verify the check before releasing the funds. I was assured that this would be done and that the money would not be released if fraud was suspected. The next day, the funds were available in my account, so I proceeded to use them as directed by my hiring Manager -- to send various amounts of money to specific individuals for other equipment and software, etc. I even went into the bank to get a new debit card to ensure proper allocation of the funds. 
I received a second check, also via email, which was to cover my training pay, and to purchase some items locally. It was while waiting for the second check to clear, that I was notified that the first check had been fraud, and the second check would not be cashed. I informed my hiring Manager, and of course, all contact ceased. I asked the bank if they wanted screenshots and/or copies of documents I had in my possession, but they declined. i also asked if I should file a police report, but they said it wasn't necessary. On XX/XX/year>, I received a demand for payment for the funds released for the first check. I was told my account has been closed, and if I do not pay, I will be added to chex-something, that will make it difficult for me to open bank accounts in the future. I was the victim of fraud and have the documents to prove it, but the bank does not seem interested. Please help me.",Bank account or service
10619,"Navy Federal Credit Union Claim Denial What Happened : {$100.00} payment came out of account.

Disputed charge Navy Federal denied claim, saying I must prove I paid them.

Proof already exists : transaction cleared my bank.

Denial violates Electronic Fund Transfer Act ( EFTA ) they must investigate within 10 business days.

Complaints Filed/To File : FTC Failure to investigate ( reportfraud.ftc.gov ) CFPB Bank/credit union misconduct ( consumerfinance.gov/complaint ) Resolution Demanded : Immediate refund of disputed funds.

Written explanation of investigation.

Oversight to ensure compliance with federal law.",Bank account or service
10620,"I initiated transfer with placid.net on XX/XX/2024. The transaction number is as mentioned by them. 

TRACKING # XXXX Since they provided the date of transfer of amount in XXXX account is XX/XX/2024, today it's XXXX XXXX and they are not picking up phone and even not responding to the emails that I sent. 

They cleared the funds from my XXXX  XXXX XXXX account immediately, but still funds are not cleared. Looks like they are using my dollars for these many days. 

Company of remittance : Placid Inc Contact page : https : //www.placid.net/inf-contacts.php website : https : //www.placid.net/",Money transfer or service
10621,"In accordance with the Fair Credit Reporting Act. The List of accounts below has violated my federally protected consumer rights to privacy and confidentiality under 15 USC 1681. 

Account Name : XXXX Account XXXX Account Name : XXXX XXXX  Account XXXX Account Name : XXXX Account XXXX Account XXXX : XXXX Account Number : XXXX has violated my rights. Or a list of inquiries : 15 U.S.C 1681 section 602 A. States I have the right to privacy.

15 U.S.C 1681 Section 604 A Section 2 : It also states a consumer reporting agency can not furnish a account without my written instructions 15 U.S.C 1681c. ( a ) ( 5 ) Section States : no consumer reporting agency may make any consumer report containing any of the following items of information Any other adverse item of information, other than records of convictions of crimes which antedates the report by more than seven years.

15 U.S.C. 1681s-2 ( A ) ( 1 ) A person shall not furnish any information relating to a consumer to any consumer reporting agency if the person knows or has reasonable cause to believe that the information is inaccurate.",Credit reporting
10622,"I paid the  XXXX   XXXX   XXXX  off in  XXXX . They sent my title. I do n't owe them anything, but the way  Santander rep orted it on my credit looks like I still owe. They reported it as a ""  XXXX  balance '' which looks negative on my part. I feel it should say "" paid in full. ''",Debt collection
10623,I called them about the debt and they were very rude. They told me to call multiple people. I didn't even call to confirm the Dr . Appointment and they are still charging. I had no phone or transportation. They were rude about that as well,Debt collection
10624,"In XX/XX/2024 I had an available balance of {$170.00}. With a couple pending transactions posted. Went to get something for {$7.00} and the next day I had - {$65.00} in my account leading to an overdraft fee of {$20.00}. This has happened multiple times over the past 11 years of having my account. Available balance should be accurate as it does calculate the pending charges, but that has not been my experience.",Bank account or service
10625,"I have XXXX business loan agreements with Financial Pacific Leasing at {$5000.00} each The loans were acquired through a broker. The terms were presented with very misleading and deceptive language. I was told the loans had no pre-payment penalty and I only had to pay 36 equal payments. I was also told that there was no pre-payment fee. I am unable to acquire the following information from this company either on the statement and the website. 
1- Will not show a pay-off balance 2-Verbal payoff comes to {$21000.00} ; that 's over 50 % interest, which amounts to loan-sharking / If the broker had disclosed this information to me, I would NEVER have agreed to either of these loans! 
3- Neither the statement nor the website will disclose my current balance due and they will not tell me how much I have already paid. 
4. One of the products had to be returned and the company REFUSED to correct the documents and change the financing.",Consumer loan
10626,"I am writing to formally dispute a delinquent account reported by XXXX XXXX XXXX XXXX XXXX XXXX that I believe is fraudulent and does not belong to me. The details of the account in question are as follows : * Account Number : [ XXXX ] * Creditor : XXXX XXXX XXXX XXXX Reported Amount : [ {$19000.00} ] Background Information I would like to clarify that I have never entered into any contract or agreement with XXXX XXXX XXXX. The account was originally financed through an in-house finance lender, and I have no knowledge or documentation indicating any transfer of this account to XXXX 
Upon reviewing my credit report, I found this account listed as delinquent, which has negatively impacted my credit score and overall financial standing. I firmly believe that this entry is erroneous due to the following reasons : XXXX. Lack of Contractual Agreement : I have not signed any contract with XXXX  nor authorized them to manage or collect on any debt related to my name. 
2. Original Lender Information : My records indicate that the original financing was conducted through an in-house lender, and there has been no communication regarding a transfer of this debt to XXXX 
XXXX. Fraudulent Activity : Given that I did not authorize any dealings with XXXX, it raises concerns about potential identity theft or fraudulent activity associated with my personal information.",Credit reporting
10627,"I am expressing my concerns regarding Cash App 's mishandling of disputes, particularly in light if the recent CFPB lawsuit highlighting significant issues with the platform. Despite using Cash App on numerous occasions and reporting all discrepancies, my financial institution and Cash App failed to investigate my claims adequately. They informed mr that recovering lost funds was impossible and that tracking these transactions d was unfeasible. The CFPB 's findings indicate that Cash App has not only neglected to protect consumers but has also allowed repeat offenders to exploit the system, leaving users vulnerable to scams. This lack of transparency and accountability is unacceptable and raises serious concerns about consumer safety.",Money transfer or service
10628,The lender has failed to respond to our QWR and Notice of error request sent on  XXXX / XXXX / 17  and are proceeding to sale set for  XXXX / XXXX / 17  - the lender is in violation of regulation  X- 12 USC 2605 ( e ) ( 1 ) and the clients right to counsel.,Mortgage
10629,"I am filing a complaint against Cash App ( Block , Inc. ) due to inadequate customer service and u fair practices. Cash App failed to provide a way for me make any complaints against all scammers. Whn Cash App did make a way for me to contact an agent my problem was never resolved and I feel as if my information have been compromised.",Money transfer or service
10630,"Sent moneygram from a cvs location for {$500.00}. Receipt provided to me had invalid transfer number. So, moneygram denied receiver the money. Visited moneygram office numerous times but have been told CVS has given invalid transfer number and they are supposed to refund you.

CVS location is not refunding my money or helping me with the transfer.

Its been 3 months of running around and I cant even get my {$500.00} back let alone damages and other costs incurred visiting these offices and talking to customer service teams. 

Receipt attached : moneygram send transfer receipt cvs payment receipt letter to cvs regarding this issue ( no response from them ) CVS Location : CVS Pharmacy - # XXXX XXXX XXXX XXXX, XXXX XXXX, NY XXXX Apart from my {$500.00} refund, I am liable for damages due to waste of time and money.",Money transfer or service
10631,"Venmo is denying me access to my Debit account.they say if they decide to make it available it won't be for another XXXX XXXX With no explanation! 
On the XXXX of XXXX I had a deposit of XXXX $ On the XXXX they froze my account On the XXXX they unfroze it after I uploaded my id. Then the same evening they froze it again. Sense then I've been in contact with them multiple times a day they won't help me get info verified so I can access my funds which I have had no access to the total they are holding from me is {$370.00}",Bank account or service
10632,"on XX/XX/XXXX I received a call for a man saying he was XXXX with BB & T and it was imperative and in my best interest to call him back. Advised I needed to pay {$980.00} to avoid my mortgage going into foreclosure. I gave my savings account number but didn't have enough in it to pay so I was told to get XXXX XXXX XXXX XXXX card and I did. On XX/XX/XXXX for {$500.00} and On XX/XX/XXXX for {$490.00}. I called the direct number back XXXX and the number was no longer in service. After reviewing my cell phone messages this man has left me two threating messages from that number to call him. 
I have spoke to SLS and BB & T regarding this and either account has the payments posted. I need help tracking down this well needed money. Due to my account about to go into foreclosure. I am a single hardworking mother whom have taking over the care of XXXX little girls and keeping my sisters kids while she is working out of state. Please tell me there is some hope of getting my funds back.",Mortgage
10633,I was contacted by phone by XXXX XXXX XXXX XXXX XXXX flXXXX ph XXXX agent young park stateing he had a purchase agreement for XXXX timeshare for total aqition price of {$22000.00} plus 5 weeks use pass which he sold for {$7100.00}. Total {$30000.00} would be deposiited in my checking acct when we wire {$2600.00} for transfer to young park XXXXwhen the money didnt show in the acct i tryed to contact young park and got only voicemail and no responce this title co is owned by XXXX XXXX ph XXXX the purchase agreement was for XXXX & XXXX Ph XXXX,Money transfer or service
10634,I created a Venmo account back in XXXX. I only used it once to send {$10.00} to my girlfriend. There is no other activity on that account from me. On XX/XX/XXXX I transferred {$20.00} - transfer fee to my linked Venmo account. When I tried to use the money it was declined. I called Venmo support to figure out the issue. I was informed my account had been frozen for almost a month prior. I had no idea because again this acc for me is only a back up. So I sent my ID and pay stub as requested. I was assured it will only take a few days. Now I have been told it will take 180 days after I sent another transfer of {$100.00} to my venmo acc. Now I get an email saying I violated the the terms and my account is permanently deactivated with no way to get my money that I transferred only because the reps I spoke to said it will all be resolved in days. So now Im out of all my money. Lost my job because I couldnt buy gas with money that was supposed to be available to me. I am totally XXXX with Venmo for upending my life like this.,Money transfer or service
10635,"The forbearance for the SAVE plan started in XX/XX/XXXX due to a court injunction that blocked parts of the plan. During this time, enrolled borrowers were not required to make payments and interest was not accruing. Interest did not start to accrue again until XX/XX/XXXX. 

Mohela illegally charged me interest between XX/XX/XXXX - XX/XX/XXXX, which goes against the court ruling and is fradulent. 

Mohela needs to : 1 ) Send me documents of the interest they "" accrued '' and charged from XX/XX/XXXX - XX/XX/XXXX. 
2 ) Refund me that amount immediately.

3 ) Provide confirmation of refund.",Consumer loan
10636,"For a period from approximately XX/XX/2002 to the present the U.S. Department of Education ( XXXX, XXXX XXXX, etc. ) has failed to report accurately the information on my credit report ( s ). There are verifiable payments made from three different credit union accounts ( XXXX  XXXX XXXX, XXXX XXXX XXXX XXXX and XXXX XXXX XXXX XXXX ) where XXXX XXXX XXXX is the accountholder in which she has paid student loans in the amount of $ XXXX {$300.00} or more per month but the information is not reflected on her credit report ( XXXX ). XXXX XXXX XXXX has received education for XXXX XXXX programs and earned degrees ( XXXX and XXXX  ) as well as a educated in a XXXX  of XXXX  ; earning ( holding an XXXX ) and finally a XXXX XXXX XXXX ( XXXX  ) that has been placed on hold ( deferment ) due to financial aid or U.S. Department of Education errors at a XXXX  University.",Credit reporting
10637,"My Cash App account was suddenly suspended without warning or explanation. As a result, I no longer have access to approximately {$7000.00} worth of XXXX held in their custodial wallet. I attempted to contact Cash App support multiple times to understand the reason for the suspension and to request access to my funds. However, I have not received any useful information, and my requests have gone unanswered or dismissed with generic responses. 

This has left me completely unable to transfer, withdraw, or recover the cryptocurrency I own. There was no communication before or after the suspension, no notice of a violation, and no guidance on how to resolve the issue. 

I have also filed a formal complaint with the Better Business Bureau due to the lack of transparency and poor customer service. I am now requesting assistance from the CFPB to obtain a formal explanation of the account suspension and to ensure that I can access or transfer my XXXX holdings. This is a significant financial amount, and the lack of communication or access raises serious concerns.",Money transfer or service
10638,"Complaint Details : Issue : Discover is reporting a debt on my credit report despite no longer owning the debt, in violation of the Fair Credit Reporting Act ( FCRA ) and Fair Debt Collection Practices Act ( FDCPA ).

Description of the Problem : I am filing this complaint against Discover Financial Services for unfair and deceptive credit reporting practices. The company is reporting a debt on my credit file, even though they no longer own the account.

Under FCRA ( 15 U.S.C. 1681s-2 ( a ) ), furnishers of credit information must report only accurate and complete information. If Discover has sold, transferred, or assigned the debt, they no longer have the legal right to report it as an outstanding obligation under their name. 

Additionally, under FDCPA ( 15 U.S.C. 1692e ( 8 ) ), misrepresenting the legal status of a debt is a deceptive practice and a clear violation of federal law. 

Since XXXX, I sent a formal dispute letter to Discover requesting debt validation and proof of ownership. However, they have failed to provide sufficient documentation proving that they own the debt or have the authority to report it. 
I have proof they received payment and the balance was zeroed out and requested a payoff letter. 
Despite my dispute, Discover continues to furnish inaccurate and misleading information to credit reporting agencies, which is damaging my credit and causing financial harm. 

Resolution Requested : 1. Immediate removal of the inaccurate debt from all credit bureaus ( XXXX, XXXX, and XXXX ) if Discover can not provide verifiable proof of ownership.

2. Correction of all misreported account information per FCRA and FDCPA guidelines. 


3. Monetary compensation for damages caused by Discovers false reporting, including loss of credit opportunities. 


4. CFPB investigation into Discovers reporting practices to determine if this is a pattern of misconduct affecting other consumers.",Debt collection
10639,the bank is stealing funds and illegally charging my account. They claimed i withdrew XXXX dollars when you can only withdraw XXXX dollars a day. Then they charge me a fee to get my receipt from the atm at the bank. They told me my account was overdrawn which is why I put XXXX dollars in the bank.. In the past they gave collection companies access to my account without a court order.,Bank account or service
10640,"Debt Co XXXX has placed a collections account on my XXXX and XXXX credit reports as a collection account, This company is not licensed in TN as a collection agency, I was not notified by this company that I had an account with them, or given the opportunity to dispute this debt prior to it being added to my credit report, This Account was listed as a New debt with incomplete information on account payment history and date of delinquent payment Debt Co XXXX  Address : XXXX XXXX XXXX XXXX, XXXX, MO XXXX Phone : ( XXXX ) XXXX Appointments : XXXX",Debt collection
10641,"I have been working with Radiant Cash for approximately two weeks. They initially approved of a small loan for {$400.00}, but when it was sent to my email address, it stated the payment plan and that it was approved only for {$300.00}. I then called and spoke with XXXX who said he would send to the underwriting dept of the discrepancy and that I needed to wait for an email from the underwriting dept as to when they would be depositing my money into my checking act. I called the next day, and spoke with an foreign woman asking about the email. she said I needed to e-sign the agreement, then I would get the email from the Underwriting dept. So I e-signed it on XXXX. On XXXX I called again, and the foreign sounding man said that "" Unfortunately, our company has run out of funds. We will put your account on hold until the underwriters tell us to move forward with the funds. We will not take anything out of your checking account until then. '' I will be cancelling again with them as I tried to take out a loan with them on XX/XX/18 but it fell through and I withdrew my application.",Consumer loan
10642,"This was with bank of america. They denied my SSA form, denied my durable power of attorney. The credit card would have been for XXXX if they let me enter the number. I have suspension of breach of trust, security fraud and identity theft on the banks part. Please help. Thank you.",Credit card
10643,"My husband and I are the successor trustees for the XXXX XXXX XXXX "" XXXX ''. XXXX passed away on XX/XX/2022. We have been trying to obtain a closing balance for the reverse mortgage XXXX had and we have hit roadblocks every step of the way. We have done everything and provided all pertinent information that Champion Mortgage has asked for only to be told that we are denied finding out the balance. To say that we are a bit angry and certainly frustrated is an understatement. We have spoken to Champion Mortgage at least 8 times and have faxed documents to them 3 times upon their request. This information has our personal information on it such as our Social Security numbers. Upon attempting to contact them again this morning, we learned that Champion Mortgage has been sold.",Mortgage
10644,"Transaction Date & amount : XX/XX/year>, {$1000.00} Transaction ID : XXXX Provider Legal Name : TClub , Inc./ Abound Issue : Unreasonable transfer delay, failure to complete transfer by promised date, and failure to honor cancellation/refund requests. Details : I initiated an international money transfer on XX/XX/year>. Funds were debited on XX/XX/year>. A technical error occurred ( XXXX name mismatch ). Support instructed me to change recipient details, which did not resolve the issue. Customer support subsequently promised via email that the transaction would complete no later than XX/XX/year>. As of today ( XX/XX/XXXX ), the funds have not been credited. Abound has refused to allow cancellation or refund and failed to provide adequate escalation. Desired Resolution : Immediate release of the {$1000.00} transfer to the recipient OR an immediate full refund of {$1000.00} to my original payment method.",Money transfer or service
10645,My Pal closed my account for no reason. I live in GA and my ex husband got a hold of my debit card and used it. I called Pay Pal to let them know and I was the one that was punished even though I had a divorce decree stating he has to pay me back. When I tried to remove my funds they closed my account. I have XXXX money and in need of the XXXX they will not help me with getting it back up and going. I am not sure if this is some mistake as I assume it has to be. I have not been able to get help from them for weeks but I just remembered I could file a report on here as I feel they are not doing their job properly and it is effecting me a great deal as I used PayPal quite frequently. My email linked to my PayPal is XXXX XXXX,Money transfer or service
10646,"my loan is with synchrony bank who finances XXXX. the loan was done XXXX XXXX of this year. they called me and notified I had over XXXX worth of late charges. At the time of the phone call I could not pay the XXXX so I set up an auto payment for XXXX and XXXX to pay the charges off. The first payment of XXXX was deducted on XXXX XXXX per our agreement. Then on XXXX XXXX they sent through a monthly autopay of XXXX which sent my account into overdraft. I called my bank and told them this was not authorized and they rescinded it. Synchrony then charged me XXXX for stop payment. When I called them and complained they did rescind the fee of XXXX. now in XXXX they took the XXXX payment to pay off the late fee, and turned around and again sent through the monthly payment of XXXX. When I called to talk to them about this they said the auto payment continues for 60 days after the loan is completed. Needless to say my bank had already stopped this autopay and they have again charged me for return fee and they will not rescind this XXXX fee. I tried to tell them that they had sent through 2 days after the last payment for late fees had cleared my bank so the loan is over. I am so frustrated with this type of banking. All I want is for them to rescind the fee. I 'm afraid I was not very kind over the phone with them but oh well.",Consumer loan
10647,"This is about my CNB XXXX XXXX XXXX Credit Card. I was charged the annual fee in XX/XX/2019, then CNB sent notice to me announcing that they are cutting the card benefit significantly. I called customer service to close the card and asked for a refund for the annual fee. The credit card is closed however there is no response to my request for the refund.",Credit card
10648,"Tried to make a money transfer to XXXX via Western Union today sunday. They were able to take the money from my account very fast, but then denied the transfer without giving any explanation. Now they say are not responsible if I DONT GET MY MONEY TODAY BECAUSE IT DEPENDS ON MY BANK. tODAY IS SUNDAY..THE BANK IS CLOSED AND THIS MONEY IS FOR AN EMERGENCY",Money transfer or service
10649,Hi so I called Citi Costco and tried to fix the problem and couldn't get any results on XX/XX/2021 I applied for a Citi Costco card and got declined and was sent a decline application letter I know that I am the original creditor and that I can not be declined credit adverse action is for the denial of employment and insurance,Credit card
10650,"Please consider this correspondence to be formal notice that our mutual client is hereby appealing the denial of loan modification because your company failed to provide the detailed explanation required by Regulation X, 12 C.F.R. 1024.41 ( d ). 
also under the National Mortgage Settlement there is not a provision on the amount of delinquency or that 3 years being delinquent is reason to disqualify the file from review. The lender stated the because the Borrower applied and was denied in 2014 and they are 3 years past due making the borrower permanently barred from loan modification services. 
Pursuant to Regulation X, 12 C.F.R. 1024.41 ( h ) ( 4 ) we hereby request that you leave this modification offer open until a minimum of 14 days after a decision is made with respect to this appeal. We simultaneously ask that foreclosure be suspended in accordance with Regulation X, 12 C.F.R. 1024.41 ( g ).",Mortgage
10651,"I am writing to formally express my concerns regarding Zelles handling of disputes, particularly in light of the recent CFPB lawsuit highlighting significant issues with the platform. Despite using Zelle numerous times and reporting discrepancies, my financial institution and Zelle failed to investigate my claims adequately. They informed me that recovering lost funds was impossible and that tracking these transactions was infeasible. The CFPBs findings indicate that Zelle had not only neglected to protect consumers but has also allowed repeated offenders to exploit the system, leaving users vulnerable to scams. This lack of accountability and transparency is unacceptable and raises serious concerns about consumer safety.",Money transfer or service
10652,"I sent money to a fraudulent company that I thought were legit. I made 2 payments to a guy from the app called Cash app. They didn't come through with their promise, so I asked for a refund. I forgot how long they said the refund process is, but ita way overdue by now.",Money transfer or service
10653,"XX/XX/2020 I ordered a wireless adapter from XXXX The vendor for the adapter was shady about shipping notifications and I have a huge email chain with them trying to cancel my order or locate the device they claim to have shipped to me. I never received the device I ordered. After several months of trying to work with the vendor I opened a dispute with Goldman Sachs for my Apple Card which I used to make the purchase. 

I have opened multiple disputes with GS citing never receiving my item and the company claiming I DID receive it. I did not. 

The last dispute that I can find record of was on XX/XX/2020. This dispute was also denied. I have disputed multiple times and gotten nowhere with GS. 

The vendors name on my transaction history is XXXX  My transaction : XXXX XXXX XX/XX/2020 2020",Credit card
10654,"In XXXX BOA offered me an incentive under the Home Affordable foreclosure  Alternatives program that I qualified for. I was going through a very difficult divorce and had XXXX children, a full time job and no child support. This program offered me incentive money and debt forgiveness that would not be taxed by the IRS. However, BOA filed a XXXX misc. instead of a XXXX, and now the IRS is after me for nearly {$4000.00}.",Mortgage
10655,"On XX/XX/XXXX and XX/XX/XXXX of XXXX I filed a dispute with Equifax, XXXX, and XXXX addressing incorrect information in my credit report, specifically regarding the following items : I'm reaching out because Equifax, XXXX, and XXXX are messing up my credit report. They're breaking the rules of both the Fair Credit Reporting Act ( FCRA ) and the CARES Act, and I urgently need your help. 

When COVID-19 made things tough for me, I got an accommodation agreement to ease my student loan with DEPTEDXXXX & XXXX XXXX XXXX The CARES Act and 15 US Code 1681s2 ( F ) state that during this period, my loan should be reported as current, but Equifax, XXXX, and XXXX is wrongly labeling it as late. 

Plus, they're not handling my complaints about negative accounts correctly. The law, specifically 15 U.S.C. 1681i ( a ) ( 5 ) ( A ) ( i ) and 15 U.S.C. 1681i ( c ), says that they need to fix or remove any wrong or unverified details after a dispute and clearly mark any disputed information in future reports. But they're not doing this. 

Even more, Equifax, XXXX, and XXXX isn't following the rule of 15 U.S.Code 1681e ( b ), which says they should take reasonable steps to make sure my credit report is as accurate as possible. This is not happening. 

Because of Equifax, XXXX, and XXXX 's wrong actions, my credit score is taking a hit and it's getting in the way of my future financial plans.",Credit reporting
10656,"I am disputing inaccurate delinquency reporting related to my XXXX credit card issued by Comenity. 

Prior to the payment due date, I attempted to submit payment through Comenitys online payment system. The system repeatedly displayed errors indicating that the payment could not be processed due to technical issues. I then attempted to make payment using Comenitys automated phone payment system, which was also unavailable at that time. 

Because both payment methods were inaccessible, I was unable to submit payment despite making good-faith efforts prior to the due date. The resulting late payment was caused by Comenitys system failure, not consumer inaction.

I contacted Comenity to request correction of the resulting delinquency and requested documentation supporting the reported late payment, including system availability records and payment processing logs. Comenity denied my request and claimed no system outage occurred but did not provide any objective documentation to support this claim.

Additionally, Comenity restricts consumer access to historical transaction data. Despite multiple attempts, I am unable to retrieve posted transactions or statements for the relevant period through Comenitys online system, which states that only a limited number of recent transactions are available online. As a result, I can not independently verify records related to my attempted payment while Comenity relies on internal records it has not produced. 

I am requesting correction or removal of the inaccurate delinquency reporting and confirmation that my credit report reflects accurate payment history in compliance with the Fair Credit Reporting Act.",Credit card
10657,"I won a small giveaway ( {$20.00} ) from a vape company. They sent the funds through PayPal and I did not have an account. I created one to accept the funds, and PayPal limited my account immediately and required me to provide information on my identity and the transaction. PayPal was acting as though I was a business accepting payment for services or products despite the transaction noting that it was a giveaway prize. 

I did everything they requested, and my account was immediately permanently blocked. PayPal has decided to hold my funds for 120 days and not allow me to access my winnings. I contacted support to ask for an explanation or how to access my funds since that was the only reason I created an account in the first place. 

Support was entirely unhelpful. They refused to provide any information on why my account was blocked, offered no recourse to appeal the block, did not offer to pass my case up the chain to a supervisor or anything. They responded only with repetitive, canned responses and just informed me over and over again that my account was blocked and I had no way to access my funds. 

Overall my experience with PayPal was terrible. The app keeps sending me emails in XXXX or XXXX for some reason, they're holding my funds hostage with zero explanation despite my every attempt to provide them with any necessary information, and support was entirely unhelpful. 

It seems entirely ridiculous and unprofessional to block someone's access to money that is rightfully theirs with zero explanation and no recourse to resolve the problem. PayPal acts as though they own the money sent through their application. It would be nice to receive an explanation or a way to access my funds but support has refused to help me with this in any way.",Money transfer or service
10658,"On XX/XX/23, I deposited a check from my childs school to reimburse us for things we purchased for the school into my CapitalOne360 account. On XX/XX/23, the deposit was reversed from XXXX ( their bank ) because ( as I later found out from the school, it was flagged as possibly fraudulent. ) On XX/XX/23 I realized both my CapitalOne savings and checking accounts were frozen. I called and the person I spoke to told me that security would have to contact me, and that they couldnt connect me to them. I called the number which went to voicemail. I left all requested info but never received a call back. I called and left another message each day. I finally called the credit card side and explained my situation. They told me Id have to speak to security and that it showed they called me that day. They did not. I verified the number they had and had XXXX missed calls. I used XXXX XXXX XXXX  to try to get something done and everyone said the same. My childrens school took care of it on their side immediately and said they contacted my bank, but I never could speak to anyone who could verify this. I literally tried everything I could to get some kind of information, bit could not. I did receive a letter in the mail saying security would contact me if necessary. I had XXXX access to my checking or savings accounts from XX/XX/XXXX through XX/XX/XXXX, right before XXXX with no help from the company. No returned calls. No cooperation whatsoever. I couldnt even close my accounts so at least I could get my money. I said I wanted to file a formal complaint and they said they could file that for me. I asked to be copied on any complaint, but again, nothing. The lack of communication caused a lot of XXXX  and I could not get to my money. They treated me so poorly and I felt helpless. We have no local branches so I could not go speak to anyone about it.",Bank account or service
10659,"I am unable to enroll in XXXX with another bank because my phone number and email remain associated with a restricted/closed Citibank account XXXX I contacted XXXX, XXXX XXXX, and Citibank multiple times. XXXX confirmed that Citibank is the institution holding the XXXX enrollment. XXXX XXXX confirmed there are no issues on their end. Citibank representatives informed me that they can not remove the XXXX enrollment and stated that my phone number and email will remain permanently tied to the closed/restricted account. As a result, I am unable to use XXXX with another financial institution using my own phone number and email. I am requesting that Citibank release the XXXX enrollment or provide the specific policy that prevents my phone number and email from being released after account closure. I am not requesting that the account be reopened. I only want my phone number and email released so I can use XXXX with another bank.",Bank account or service
10660,"In accordance with the Fair Credit Reporting Act, XXXX XXXX XXXX # XXXX, has violated my rights. 

XXXX XXXX XXXX # XXXX XXXX XXXX XXXX XXXX XXXX, TX XXXX ( XXXX ) XXXX XXXX U.S.C 1681 section 602 A : States I have the right to privacy. 

15 U.S.C 1681 section A Section 2 : it also states a consumer reporting agency can not furnish an account without my written instructions.

15 U.S.C 1666b : A creditor may not treat a payment on a credit card account under an open-end consumer credit plan as late for any reason.",Credit reporting
10661,"I have already sent a debt validation request to the collection agency as per my rights under the fair debt collection practices ( FDCPA ), 15 U.S.C 1692g, and I have yet to receive satisfactory proof that this debt is indeed mine. 

I request that you investigate this matter promptly and remove or correct the disputed information from my credit report if the creditor can not verify or validate the debt. The FCRA requires you to complete the invistagation within 30 days of receipt of the letter ( 15 U.S.C 1681i ) Account : XXXX XXXX XXXX Account Number : XXXX",Debt collection
10662,"My account was overdrawn by {$10.00}. My limit. I was told if I bring the balance to {$0.00} by XX/XX/XXXX that I would not be charged an Overdraft Fee. I was sent a {$500.00} XXXX payment on the XXXX before cut off time. I was then charged two overdraft fees on XX/XX/XXXX though they have a policy that you can only be charged one over draft fee per day. One of the overdraft fees posted on XX/XX/XXXX was dated for XX/XX/XXXX. That is illegal. They refuse to take my evidence that the XXXX  payment was received in time and that I had 4 hours of extra time left and also refuse the evidence that they post dated an overdraft fee. My account was brought positive on XX/XX/XXXX so I should not have an overdraft fee post dated for XX/XX/XXXX but charged on XX/XX/XXXX. I demand that these two overdraft fees {$36.00} each, {$72.00} total be refunded back to my account and that PNC be investigated for engaging in unfair practices, such as manipulating the order of transactions to maximize fees. Thank you. 

P.s they have a rule in the terms and conditions that states if you are less than {$5.00} overdraft, they will not charge a fee regardless.",Bank account or service
10663,I dont understand Citibanks overdraft system. It is very misleading. I log in to my account and I see my account being negative with pending transactions. I immediately make a deposit and I still get charged fees. I have been charged 3 or more fees because of this. My end of day balance never goes negative. The transactions that come in are pending. Why would I still be charged a fee?,Bank account or service
10664,Our mortgage payment went from {$4500.00} to {$4900.00} after only XXXX  months that our mortgage was transferred to American Portfolio Mortgage. They said escrow is short {$370.00} but neither our insurance or property taxes has increased. This company has many complaints from other customers with the same issue that we are dealing right now with them. They just like to increased the mortgage payment but they don't have a legit reason to explain why. ( the company just want to collect more money I guess ) This company should be investigated for their dishonest practices.,Mortgage
10665,The last 6 months and so they started frozen my account many times to block me from trade my XXXX in Coinbase smart phone and I lost over XXXX $ for delay and stops me from sell my XXXX also the last month I couldn't not used my debit card always restricted from sell or transfer my XXXX to different XXXX exchange I need them to fixed my debit card immediately to start take my money and I need to withdrawal my money with All the money I lost during there fraudulent activity against the law..and with all my damage they did to me and I need to take my case further to court if they dont let me take my money thanks,Money transfer or service
10666,Sunrise credit Service - XXXX - is reporting on my credit and attempting to collect a debt that I had already paid and settled with XXXX XXXX XXXX.. They threatened and forced me to pay again so I have contacted my attorney regarding their tactics.,Debt collection
10667,"I applied for a payday loan online. I was approved for {$470.00} dollars and never recieved the funds in my account. After weeks with customer service nothing has been done, and they even tried to charge my card for the loan. I discovered they had sent it to the correct account number but had messed up the routing number. I have provided them all the documentation they have requested from me, in order to prove they had made the mistake and I have called upwards of 30 times to the response "" it is being looked at, but you are still responsible for this loan. '' Which seems illegal and is why I am having to reach out to CFPB for help on the matter. This was my first time applying for a payday loan and speedycash is in my opinion allowing people like me to pay for their mistakes, with no actual service from customer service.",Consumer loan
10668,"USAA repeatedly attempt to contact be regarding the debt of another USAA member. I repeat : I was not the individual responsible for the debt. In fact, it was only by relation that USAA continued to harass me for the contact information of the debtor. I repeatedly requested that the harassing phone calls stop. Over a period of about 12 months, USAA continued to make harassing phone calls. They started up again recently and continue to this day. They need to stop and I need to be appropriately compensated for the huge amount of time I have wasted and the expenses I have incurred in my attempts to stop these harassing phone calls. I am a good paying customer of USAA : this is no way they should be treating anyone, let alone a loyal customer. Stop the harassing phone calls.",Debt collection
10669,"Hi - I would like to add a person to my deed for the condo I own. I called Roundpoint mortgage XXXX times, wrote them XXXX letters, and they refuse to tell me. I would like to know if I add a person to deed, how does that effect the terms of my mortgage. After XXXX calls, they said XXXX owned the loan. After calling XXXX XXXX times, they said they are only the guarantor of the loan, not the owner. They said Roundpoint mortgage has a responsibility to tell me.",Mortgage
10670,"School loans didnt make sense for the type of school I attended. I signed up for a XXXX degree. The school at the time offered it, during my XXXX year they changed my degree to XXXX and did not modify the loans, re-do the payment amount etc. I was done with my pre wrecks for my degree standing at a XXXX. I recently applied to continue college and the school never reached out to me let alone accepted the continued degree. I had just clinicals left for my XXXX license. I wasnt told anything about the school not offering the XXXX program I singed up for and they switched it to XXXX  on my loans. Mis informed and false advertising 100 %. The school isnt contacting me back let alone giving me the opportunity to continue my career. Im stuck with {$40000.00} in school debt for a degree that they dont offer anymore. The United States Department of Education has all my information for the loans. Current servicer is NelNet",Consumer loan
10671,"On XX/XX/year>, I sought emergency care at XXXX XXXX XXXX XXXX XXXX XXXX XXXX XXXX XXXX ) as a cash-paying, self-pay patient after being left uninsured due to a government administrative error the XXXX XXXX XXXX erroneously issued and then revoked my XXXX coverage ( classified as "" Admin Error '' in official state documentation ), creating a gap before my private insurance began XX/XX/year>. Prior to and during my visit, I repeatedly requested general pricing information as required under the federal Hospital Price Transparency Rule ( 45 CFR Part 180 ). Staff refused to provide pricing, and no cash/self-pay prices were posted on the facility 's website, in direct violation of federal law. Under Colorado law, hospitals are prohibited from pursuing debt collection when they fail to comply with these transparency requirements. The original bill was tens of thousands of dollars. A partial charity discount was applied after the fact, reducing the balance however, given my extremely limited income as a freelance voice actor, I should have qualified for complete or near-complete forgiveness under XXXX XXXX XXXX XXXX law. A prior portion of the debt was also canceled after I demonstrated that a CT scan was performed without my consent. I had refused to sign the consent form, and the attending physician instructed my husband to sign my name in my place. He declined to do so. The facility was ultimately unable to produce a valid signed consent form. The remaining {$980.00} was sold to XXXX XXXX ( Account # XXXX ), which is now attempting to collect it. I filed complaints with XXXX and consulted the XXXX XXXX XXXXXXXX XXXX XXXX regarding these violations. The facility subsequently changed ownership, and when I contacted them, they were unable to locate relevant documentation.",Debt collection
10672,"I am disputing this medical account with National Recovery Agency because the balance is completely unverified and inflated. As an uninsured patient at the time, I am entitled to a transparent, itemized breakdown of the actual cost of services rendered to verify there are no billing errors, double-billing, or un-coded charges. National Recovery Agency verified this instantly on my credit report without providing me any such accounting. Furthermore, as a third-party debt collector, they can not possess my private medical charts to prove these specific services without violating federal HIPAA privacy boundaries. I request they either provide a full, itemized, audited accounting statement or delete this collection entirely.",Debt collection
10673,"This account has already identified as fraudulent. The credit bureaus have deleted this account after I submitted a ftc report with other supporting documents. On XX/XX/XXXX the company XXXX comenity bank obtain a copy of my credit report without my permission, only to re report this fraudulent account causing my credit to crash! Speaking directly with XXXX comenity bank has gotten my no where! The account in question was open XX/XX/XXXX. The partial account number is XXXX",Credit reporting
10674,"This CFPB complaint has been filed to request pursuant to FCRA 605B ( 15. U. S. C.

1681c2 ) that you, the TransUnion credit reporting agencys block the information appearing on my consumer credit report that is the result of identity theft, and fraud within four business days of you receiving this complaint. This fraudulent, inaccurateand false information consist of personal credit card accounts, auto loans, personal loansand open end unsecured consumer accounts as follows : ACCOUNTS : XXXX XXXX XXXX XXXX  - Account Number XXXX XXXX XXXX XXXX XXXX XXXX XXXX XXXX XXXX, Date Opened : XX/XX/XXXX, Balance : {$5500.00} XXXX XXXXXXXX XXXX  - Account Number : XXXX XXXX XXXX XXXX XXXX XXXX XXXX XXXX XXXX XXXX XXXX XXXX XXXX XXXX Date Opened : XX/XX/XXXX, Balance : {$1700.00} These accounts have resulted in several fraudulent hard inquiries and fraudulent collections appearing on my consumer FICO credit report. Ive attached a list of the hard inquiries in question as well as a copy of the consumer FICO credit report maintained by you which shows the said fraudulent items. I do not recognize these accounts, collections and hard inquiries as reported. The aforementioned accounts, collections and hard inquiries appearing on my consumer credit report maintained by you were not opened, made or initiated by me. 
All of the said accounts, collections and hard inquiries are a result of identity theft, and fraud. I have attached a copy of the FTC identity theft criminal complaint case number XXXX, as proof from the US federal trade commission that all of the aforementioned, consumer credit accounts, collections and hard inquiries are in fact a result of identity, theft, and fraud.",Credit reporting
10675,"I filed a claim with Wells Fargo on XX/XX/2021. On XX/XX/2021 I went to the ATM machine at XXXX XXXX and XXXX XXXX in XXXX, FL XXXX. The ATM did not dispense the {$100.00} that I requested. When I checked the balance it showed the {$100.00} was gone. I immediately went into the branch and complained to the bank representative. He said he was aware that the ATM was not functioning. He said that when they tally the machine at the end of the day, they will see the overage and refund me my {$100.00}. The claim # was XXXX. When the money was not returned the next day I called to register a complaint. I spoke with XXXX at XXXX. He said that there was a different department that handles the research and there is no number that I can call to speak to someone in that department. It was not until XX/XX/2021 that they returned the {$100.00} provisionally. Now on XX/XX/2021 they reversed the {$100.00} credit and closed the claim. I called XXXX @ XXXX and he said that when Wells Fargo did their research, the ATM machine did not show an extra {$100.00}. This goes back 2 months and I am not sure if the Bank rep would remember that the ATM was down on XX/XX/2021. There should be a record that the ATM was malfunctioning whether or not they can see the extra {$100.00} or not. I do not know the name of the branch representative This is 100 percent fraud on Wells Fargo account as they had a bank representative acknowledge that the ATM was down.",Bank account or service
10676,"I started paying back money I owe to a company the collection agency ( Transworld Systems , Inc. ) was working on their behalf. I still owe one more payment ( {$57.00} ) when the collection agency disguise themselves as a contact from my personal cell phone list. It appeared as a work number from one of my friends. When I opened it, I recognized the number from collection agency. It began on XXXX XXXX to the present.",Debt collection
10677,"I originally contacted AAFES/Military StaXXXX in 2020, when I noticed they were reporting my payments as late. After speaking with a representative and notified me that I wasnt able to make online payments and that I would have to go in directly to an AAFES location to make payments which are located on military installations. After informing her that I wasnt able over XXXX miles from a military installation due to me being in a school program she let me know that the minimum payments wouldnt be taken directly from my military pay and that the late payments would be corrected on my credit reports. I have had to dispute late charges over the last 5 years because of the same issue. Times where I am stationed on an installation I have been able to make payments in person but there are many times where I am doing long term training at off site locations without access to an AAFES. This should not be allowed to occur if it has a negative impact on my credit. Serving military members who are often tasked for training and blocking me from making online or over the phone payments places a hardship on me as a consumer and has impacted me very negatively. AAFES corrected my late payments when I originally disputed in 2020, however since then the same late payments and additional ones have continuously been placed on all three of my credit reports. The minimum payments are still being taking directly from my pay in 3 month increments since 2020.",Credit card
10678,"We are a newly formed XXXX XXXX XXXX business. My husband is a retired XXXX from california who used his savings to start up this business. On Sat XX/XX/XXXX we participated in a huge event in our town called XXXX XXXX XXXX XXXX. We had a total of {$2500.00} in sales. Of course each of those were individual transactions using our XXXX XXXX XXXX too swipe the sale transactions. Come Thursday we realized the money still wasnt in our bank account. Thursday XX/XX/XXXX I spoke to an agent at Clover ( a merchant services company ) about why my money isnt being put in to my bank account. The agent was unable to tell me anything other than there is a security problem and they would have to schedule a call for Friday XX/XX/XXXX. Friday came around and I did not receive a phone call. I called the company back in the evening on XX/XX/XXXX and was told they had to schedule another appointment. The agent is unable to get ahold of the security department. I escalated and spoke to a supervisor in the escalations department who gave me the same information. The only thing she could do was send an escalated email and schedule a call for someone to get back to us on Monday, meanwhile our bank account is overdrawn now, we have an event Saturday XX/XX/XXXX and no idea why our money is being held from us. I am escalating because I think it is illegal to hold every single transaction from the consumer. If there is a security problem with a transaction then that is the transaction that should be held. I am not understanding why every single sale is being held from us. The company is unable to tell me what the problem is and I have to wait for someone from security to contact me when its convenient for them.",Money transfer or service
10679,"I am writing to formally request your assistance in resolving a dispute concerning inaccurate information on my credit report. Despite my efforts to resolve this issue directly with the credit reporting agencies, I believe the inaccuracies have not been fully addressed according to the standards set forth by the Fair Credit Reporting Act ( FCRA ), specifically under 15 U.S.C.

1681i.

I am requesting that the CFPB oversee a procedural investigation into this matter to ensure compliance with 15 U.S.C. 1681i ( a ) ( 1 ) ( A ), which requires the credit reporting agencies to conduct a reasonable reinvestigation of the disputed information. Additionally, I ask that the results of this reinvestigation be pro
vided to me within 5 business days of its completion, as mandated by 15 U.S.C. 1681i ( a ) ( 6 ). If the investigation finds the disputed information to be inaccurate, incomplete, or unverifiable, I expect it to be deleted from my credit report as per 15 U.S.C. 1681i ( a ) ( 5 ).

I appreciate your attention to this matter and look forward to your guidance in ensuring that my rights under the FCRA are upheld.",Credit reporting
10680,"I hope you're doing well. I've run into a bit of a problem. While going through my credit report, I noticed some things that don't seem quite right, and it appears my identity have been stolen online. My nephew, who's studying XXXX XXXX, helped me out by finding a way to check if my XXXX emails were involved in this breach. To my surprise, it turns out that XXXX out of XXXX of my emails contain a lot of my sensitive and personal information. I want to emphasize that I'm not the one behind these accounts. It would mean a lot to me if you could assist in removing the following from my credit report. these are the accounts : XXXX XXXX XXXX XXXX XXXX XXXX - XXXX XXXX - XXXX XXXX XXXX  - XXXX XXXX XXXX - XXXX XXXX XXXX XXXX  - XXXX XXXX  XXXX - XXXX XXXX - XXXX XXXX XXXX - XXXX XXXX XXXX - XXXX Bankruptcy - XXXX XXXX  - XX/XX/2024 XXXX XXXX - XX/XX/2024",Credit reporting
10681,"Am unsure if this qualifies as a complaint at this time, as a mortgage has not actually been started. But, that is my issue, multiple attempts to get Guaranteed Rate ( XXXX XXXX [ sp? ] ) to respond to us and start our process have gone unanswered in any form.

Escalation to their Branch Manager ( XXXX XXXX ) did get a limited response, telling us they will start things now, but we are going to miss our closing date. 

Is there at this time a complaint, or is there another regulatory authority I should be contacting?",Mortgage
10682,"I used my chase sapphire preferred card ending in XXXX to book hotel room via chase travel portal on XX/XX/2024. I was supposed to get {$50.00} credit. 

I contacted customer service who said that credit will be posted in 1-2 billing cycle. But historically credits have posted within few days of the charges. I have talked to many people who has received this {$50.00} credit in few days recently.",Credit card
10683,The Internet app Venmo is not allowing me to cancel an account that I have not used for over two years they insist the only way is for me to provide a government issued ID which I will not do due to concern over security issues.,Money transfer or service
10684,"Subject : Fraudulent Account Dispute - ID Theft Case for Account ( Capital One Bank USA, N.A. ) To Whom It May Concern : I am writing to formally dispute the above-referenced account, which has erroneously reappeared on my credit report despite prior evidence submitted confirming it as fraudulent. 
Background : I became a victim of identity theft. The individual responsible unlawfully opened a Capital One account in my name without my authorization. I provided a comprehensive report to Capital One and all major credit reporting agencies, including : 1. An identity theft report from the Federal Trade Commission ( FTC ), 2. A police report.

3. Documentation verifying my identity. 
Following my initial dispute, the fraudulent account was appropriately suppressed on my creditnreports. However, despite my compliance and submission of extensive documentation, this account has reappeared on my report with a balance of {$3000.00}. 
Capital one has stated that this is my account and they will do nothing about it.",Debt collection
10685,"Multiple hours long calls and chats beginning XXXX of 2024. Loan Number : XXXX My mortgage was assumed by NewRez LLC from XXXX ( the servicer was bought out/folded into NewRez ) in XXXX of 2024. 

NewRez shows that XXXX made an insurance payment of {$2700.00} to XXXX XXXX XXXX in XXXX of 2024. However, this payment was never received by XXXX XXXX. This has been confirmed by conference calls between NewRez, my XXXX, XXXX XXXX and myself. 

In addition, a second payment was made to XXXX XXXX, this time by NewRez to make my insurance current. 

As a result, my escrow balance is now negative and the first {$2700.00} is now missing from my account. My escrow is now considered short and my monthly payment has increased to cover a clerical error.",Mortgage
10686,"On Friday XX/XX/XXXX I received an email from Trans Union reporting a credit card request had been submitted & denied by XXXX XXXX XXXX due to my credit bureaus being purposely frozen. 
I did not apply for this credit card, and when I reported the fraud to BoA they let me know several more applications had come in. 
This happened previously in XXXX with XXXX & XXXX, with a card I did not apply for actually get sent to my house. I froze all 3 credit reporting bureau accounts & added a fraud alert, as well as requested a report from XXXX. 
The XXXX report had dozens of accounts with my information listed that had not been authorized by me, and I have not received a final updated report but have been able to dispute most. It is locked with a PIN. 
I was advised to report this to the FTC, and from there was redirected to this site.",Credit card
10687,"AES is the worst financial institution I have ever dealt with ( and I 've XXXX ). They continually mislead consumers with their billing statements. They deliberately exclude the accrued interest on principal balances and do NOT show the proper account balance on regular billing cycles! 

This harms consumers. We can not make the best, most informed repayment decisions if the information we are receiving is partial and misleading. 

I am disgusted with this company. These interest rates are so outrageous they should be illegal. Incorrect or incomplete customer correspondence & billing should be a crime and this company should be prosecuted and heavily fined.",Consumer loan
10688,"In XX/XX/2023 I proceeded to log into my new Coinbase account and found that my assets were absconded. The account shows several transactions on XX/XX/2023 at XXXX through XXXX that I did not perform nor authorize. See attached supported documents, Coinbase states my assets were successfully and securely transferred into my Coinbase account by them. 
I contacted Coinbase on XX/XX/2023 and filed a complaint. Their case # XXXX. Following up with Coinbase, I was told by Coinbase the following "" I recommend attempting to recover the funds from the recipient by reaching out to them and requesting their help. '' I completed all procedures that they requested including a filing a police report in XXXX Georgia # XXXX. Scanning my devices with antivirus software did not show any hacking. I was then able to finally log back into my account to continue my reporting to Coinbase that my assets were still missing. To this day, Coinbase continues to state that transfers are irreversible. Coinbase was the guardian of my assets and they are not as safe and secure as they state. I respectfully request support in retrieving the assets from Coinbase as I feel they are fully responsible. They have the knowledge and where with all to track and see where my assets went. Please advise, your help in this matter is greatly appreciated. 
Sincerely, XXXX XXXX XXXX",Money transfer or service
10689,"On XX/XX/XXXX I enrolled into the XXXX XXXX XXXX XXXX XXXX Program which put ALL my student loans into CURRENT status and was to REMOVE any and ALL NEGATIVE/DELINQUENT OR DEROGATORY reporting on my credit reports. 

I pulled a copy of All Three of my credit reports yesterday and see that XXXX has it updated correctly, XXXX needs to remove an item but that EXPERIAN has it showing as a CHARGE OFF/DEROGATORY ACCOUNT IN COLLECTIONS! They state that it is more than 90 days late. 
They are violating my rights under 15 US C 1681s-2 ( A ) ( 1 ) which states that a information SHALL NOT BE INACCURATE on my report. 

They are violating my right to privacy under US C 1681 section 602 A as well as 15 US C 1681 section 604 A Section 2 which states that a reporting agency CAN NOT furnish my account with information WITHOUT any written instructions. 

Lastly and perhaps most seriously they are violating my rights under the FRESH START INITIATIVE which states Under The XXXX XXXX XXXX XXXX in accordance with the Education Department states ( 3 ) The negative mark of default on borrowers credit reports will be removed. 

( 5 ) Credit Reporting Changes.Starting in XX/XX/XXXX, defaulted loans held by ED are reported as current rather than in collections to credit bureaus. For loans held by a guaranty agency, this shift begins in XX/XX/XXXX.",Credit reporting
10690,"Mortgage servicing is being transferred from Gregory Funding ( Account. XXXX ) to XXXXXXXX XXXX XXXXXXXX effective XX/XX/XXXX. XXXX dated XX/XX/XXXX advised me of this. As of today, I do not have an account number from XXXX, so I can not make my XX/XX/XXXX mortgage payment as scheduled. XXXX will not answer my calls because I do not have an account number ; Gregory Funding tells me to be patient. 

I have just come out of bankruptcy and I do not want my first mortgage payment to be reported late to the credit bureaus. Gregory Funding tells me they dont report to the credit bureaus, which makes sense, but XXXX surely DOES. As you can see, Im stuck between two companies with virtually no communication and no way to do the right thing. 

Id sincerely appreciate your help and guidance. Thank you.",Mortgage
10691,"Hello, Chase does not have information on their website when promotional interest rate are going to end.They make you believe they do by having a link to it, but when you click you entered to a non-ending loop. I called and spoke with a representative and asked him to guide me through their website to see when my promotional ( money transfer to pay off another credit card ) was ending to avoid the payment of the high interest rate, and he said that information was not available on their website.Consumers should have the power and right to see this information on their website as well as you are able to see minimum payment due, balance, payment history, etc. I think is very wrong they don't put these information on their website, so people forget the due date of promotional items and end paying a high interest rate.The Bank is Chase Marriot XXXX, please do something about it. 

Thank you.",Credit card
10692,"The issues begin in XX/XX/XXXX when I was placed on administrative forbearance by Aidvantage because I was emailed and told to apply for SAVE which I did ( inappropriately because I had already been on REPAYE and was automatically moved from REPAYE to SAVE ). Because of this I was notified that my autopay would be delayed during forbearance ( but I never received a separate notice telling me I was placed on forbearance ). My auto-payment did not go through in XXXX and then I noticed I was in forbearance. I messaged them in XXXX and requested a forbearance lifted, but it was not, it continued through XX/XX/XXXX. In XX/XX/XXXX, the loan was transferred to XXXX and received in XXXX. The account was initially received on a forbearance. I messaged XXXX and requested a lifted forbearance without response. I shared my concern that I am missing qualifying PSLF payments and by not making payments I am not qualifying for SAVE subsidies. I called and spoke to a customer service representative who re-assured me that both of these would be adjusted and that I should make manual payments. I have made manual minimum payments of {$150.00} in XX/XX/XXXX, XX/XX/XXXX, XX/XX/XXXX, XX/XX/XXXX in order to indicate that I am not having economic hardship and that I wish to be off of forbearance. I have made multiple requests to be taken off forbearance. I have made both phone and message requests and am still on this day of XX/XX/XXXX on forbearance. In XXXX I had {$9700.00} in interest applied to my balance which should not have occurred because I should be receiving SAVE subsidies. In my most recent request off of forbearance, I was told that time in forbearance will not count towards PSLF. I feel that both XXXX and advantage have been malignantly using administrative forbearance assignments in order to benefit themselves by delaying pslf payments and invalidating my loans from qualifying for SAVXXXX subsidies.",Consumer loan
10693,"ATTENTIVELY REVIEW my formal writ composed DECLARATION of Not Proven Com-pliant Misinformation that is all or in part : DEFICIENT of adequate current status in fullness of TRUTH, ACCURACY, COMPLETENESS, TIMELINESS, documented OWNERSHIP, cer-tifiable RESPONSIBILITY, or otherwise irrefutable compliant obligatory and regulatory requisite compliant reporting thereby mandating your immediate actions to rectify and remedy and any all infraction- ious behavior ( s ) by retaining or returning to DEMONSTRATED TRUE, CORRECT, COMPLETE, and COMPLIANT METRO 2 data field formatted reporting! To be clear, you are mandated by laws to eliminate every notation and or aspect of any and all derogatory and adversary items from any and all alleged claims still yet unproven to be true, correct, complete, timely, docu-mented as being mine, testimonial to be of my responsibility, with FCRA compliance, and or CRSA CDIA Metro 2 COMPLIANT reporting. FEDERAL laws dictate that any and all deroga-tory or potentially injurious reporting MUST be all of the aforementioned and can NOT BE AS-SUMED without undoubted CERTIFIABLE testimonial of FACTs ensuring the physically verifia-bility of the CONFIRMED manual validation of any item upon a consumer complaint, such as is this notice here and now.Please RETURN to or retain federally lawful reporting with your unwa-vering and unconditional annulment of every single one even each any and or all of the allegations accused of me deficient of physical evidence to every and all aspects of said claims, be them true or not.",Credit reporting
10694,"I sold XXXX items on XXXX XXXX for a total of {$350.00} after fees. Order # XXXX was delivered XX/XX/XXXX. Order # XXXX was delivered XX/XX/XXXX. XXXX XXXX 's policy states that sellers will be paid 15 days after an order is marked as "" XXXX '' XXXX 5 days after delivery confirmation is received. Both of these orders were marked as shipped on XX/XX/XXXX and delivery confirmation was received on XX/XX/XXXX and XX/XX/XXXX respectively. I have not been paid, and I have contacted XXXX 's support, who claims to be investigating my issue and then does not respond to any further inquiries or send any further updates. Their support is XXXX, they do not have actual people looking into this issue that me and hundreds of others have been encountering as far back as XXXX, XXXX. I am reaching out to you, the FTC and the Attorney General 's office in hopes of at least getting a response from XXXX regarding this, and at best getting paid what I am owed. They will not respond to me, or the better business bureau, or any other sellers having the same problem. People are owed thousands, maybe even millions of dollars and XXXXMeta is refusing to pay anybody or even comment on the issue.",Money transfer or service
10695,"Our mortgage was with  XXXX  they started legal action against us and we were making or mortgage payments. This started in  XXXX . I entered into an agreement with  XXXX   XXXX   XXXX . I was worried about going into foreclosure so I made an agreement of a {$3500.00} down payment and pa id 3X  {$1400.00} for each month for 3 months. We never received the final documents that were promised to us by  XXXX .   Still very worried I was referred to Attorney  XXXX   XXXX   XXXX , he charged me a professional fee of {$5000.00}. when I first went to his office. I had to give him {$2500.00}.   {$750.00}  XXXX   XXXX ,  XXXX , {$750.00}  XXXX   XXXX ,  XXXX , {$500.00}  XXXX   XXXX ,  XXXX , {$500.00}  XXXX   XXXX ,  XXXX  this was for basic services plus {$500.00}  XXXX / XXXX / XXXX  to his secretary.     I later found that he had not submitted any documents to  XXXX  on my behalf.   Then I was transferred to  SLS Loan  servicing and it has been one problem after the other. And now a foreclosure sale for  XXXX   XXXX ,  XXXX . SLS does not want to help me in any way.",Mortgage
10696,"I am writing to file a complaint against Navy Federal Credit Union regarding multiple overdraft fees I have incurred. Despite having sufficient funds when transactions were authorized, I was charged fees due to lagged postings of charges and credit. This issue aligns with the recent CFPB findings against Navy Federal for similar practices, where transactions settled with insufficient balances despite initially available funds. I believe these practices are unfair and request an investigation into my account transaction.",Bank account or service
10697,"These accounts represent a clear breach of contract and are fraudulent in nature. The bank failed to provide me with essential information regarding this fraudulent account, which is a direct violation of my rights as a consumer. Therefore, I urgently request the Consumer Financial Protection Bureau ( CFPB ) to handle this matter directly, as the bank 's actions have resulted in significant harm to my financial well-being. The accounts are : BANK OF AMERICA XXXX and BANK OF AMERICA XXXX.",Credit card
10698,"The principal balance of my HELOC was "" forgiven '' by Bank of America, as result of the Department of Justice and XXXX XXXX XXXX global settlement with major mortgage servicers in 2012. Per the forgiveness agreement with B of A ( copy attached ), the bank was to "" report to the major credit bureaus that your account was paid and closed. "". Contrary to our forgiveness agreement, B of A has reported the account as a charge off ( copy of XXXX Report attached ). My communication with the bank has not been successful in getting them to correctly report to credit bureaus.",Mortgage
10699,"In XXXX I co-signed for my daughter a car, which had full coverage insurance and Gap insurance to cover whatever the insurance didn't cover. In XX/XX/XXXX my daughter had a car accident the car was totaled. She contacted the insurance company they paid what they needed to pay and she contacted Gap insurance they sent KIA their money but KIA is Saying we owe them XXXX. When I ask KIA to send me in writing how do we owe money and what for I never recieved anything. On my credit report it's showning that I have a charge off/collecting. I really need this off my credit, I pay all of my bills and on time.",Debt collection
10700,"MY LOAN SERVICER IS TRYING TO MAKE ME PAY FOR A LEGAL FEE FOR LATE PAYMENT WHICH I'VE NEVER BEEN LATE. I'VE ASKED THEM REPEATEDLY TO REMOVE THE CHARGE AND THEY REFUSE TO. MY LOAN TRANSFERED TO MY CURRENT LOAN SERVICER XX/XX/year>. EVERYTHING WAS A MESS. THEY ACCUSED ME OF BEING LATE WITH PAYMENTS, FALLING BEHIND, AS WELL AS MY HOUSING AGENCY WHICH THEY NEVER WERE EITHER. PLEASE SEE ATTACHED DOCUMENTS. THANK YOU.",Mortgage
10701,AMEX voluntarily cancelled my unused credit card. My FICA score has decreased significantly during the pandemic due to an increased and unforeseen household. All citizens are hurting but cancelling my account impact my credit. Another company reduced my limit only making my credit appear worse. I think during this time of great financial impact not caused by ourselves this practice shouldn't be allowed at this time. Reinstating my $ XXXX credit limit would at least sustain the present FICA score. This action combined with the other lender has the capacity to decrease my current score 50-60 points. Please don't let lenders get away with this unfair practice. Finally NONE of this would have happened if the pandemic didn't happen,Credit card
10702,"In XX/XX/year> and XX/XX/year>, I disputed the following authorized account Resurgent LVNV Funding : Resurgent LVNV Funding XXXX {$1100.00} I submitted an FTC Identity Theft Affidavit and request the following legal documentation from them : In accordance with 15 USC 1692G, I'm requesting debt validation on the above unauthorized account. I'm requesting the following documentation '' 1. A detailed list of history of payments made by me on this account.

2. A signature on the contract guaranteeing I would pay this creditor 3. Any insurance claims filed on this alleged debt 4. Proof that you have the chain of title to collect on this debt. 

Please note that simply sending a statement with my name and an amount on this does not legally bind me to this debt. If you can not provide all requested documents from the list above, delete this unauthorized account in 7 days or I will sue you for false reporting, deceptive and unethical practices, and willful noncompliance as described in 15 USC 1681N. 

As of today, XX/XX/XXXX, the only response I have received from Resurgent LVNV Funding is an statement with my name on it. That alone is not proof of a debt I owe them. They have purposely ignored my request and continue to publish this unauthorized account on my credit reports.",Debt collection
10703,"I previously closed Chase account in XX/XX/XXXX but it had to be re-opened due to Chase 's error and needed to deposit Cashier 's Check and wait for it to clear per XXXX, Chase XXXX, IL Banker. 

I AM BEING IGNORED AND CHASE DOES NOT CARE. 
On XX/XX/XXXX I called Fraud re : below and XXXX in Chase Fraud Dept. refused to place Frauds but transferred me to disputes and I held over an hour with no answer. 

On XX/XX/XXXX I called and tried to place Disputes and the Chase Customer Service agent kept clicking loudly and refused to allow me to place disputes. 

On XX/XX/XXXX I emailed XXXX XXXX, Chase XXXX XXXX Banker the below : Also received Letter that Cath match {$23.00} IS PERMANENT ( Chase letter attached ) and there is a withdrawal when I DO NOT HAVE OVERDRAFT PROTECTION And I only at at XXXX twice but there are 7 charges for {$6.00} some more than once a day. {$6.00} X 5 is {$32.00}. 
{$23.00} {$32.00}. 
is {$56.00} {$280.00} XXXX XXXX {$49.00} XXXX {$12.00} Bank Fee Increased ALTHOUGH NO OVERDRAFT PROTECTION {$5.00} Lot XXXX XX/XX/XXXX {$37.00} is Not mine-There is a Withdrawal slip Not in my writing. 
Total : {$400.00} Credit due Me. 
Please credit my account and advise.",Bank account or service
10704,"I am a natural person, I am a living human being, I have rights under 15 USC 1681.

Equifax is govern by 15 USC 1681. And they violated my rights numerous of times. I demand the accounts listed below be remove because According to 15 USC 1681 : 1 have the right to privacy and I did not give Equifax written permission to furnish these accounts listed below. 

XXXX XXXX XXXX XXXX XXXX XXXX XXXX",Credit reporting
10705,I have never done business with Medicredit. I do not have a signed contract or a verbal agreement with this company. They are in violation of the FDCPA ( Fair Debt Collection Practices Act ). Medicredit is using the means of the US Postal service to fraud me out of money and I will be forced to notify the postal inspectors. This is extortion.,Debt collection
10706,"I have informed the credit bureau of my intentions to move my name change towards a recent address update, and that is the only reason that my credit score is not important to the current bank account under question. I have undergone a name change, and my information is currently being used towards a XXXX account in remaining open, while I am unable to access it, due to a confiscated card, within a XXXX situation. To this end, I have contacted the bank, wherein they have stated that I have no legal right to the account. Having made all necessary contacts, I have not seen any improvement, and my credit score has plummeted. At this time, the account remains attached to my SSN, and the identity theft of my information and the situation that has been used for the improper access to any credit report. 

IN ADDITION, I have placed a security freeze on my account, wherein the confirmation number is inaccessible. I have contacted my bank, which stated there was no credit freeze. After investigation, I realized my account information was endangered by this creditor, XXXX. Please remove the account and make a complain about the situation and remove my name from the attached person 's name, in the following police report, XXXX XXXX XXXX. This breach occurred through a stolen ID. 

The account is attached to the current primary account owner, but as stated, I removed my name, but my SSN remains attached, which is XXXX. I would like all attached information to be mailed to me during the following month, as my statement in this matter can eradicate all imposed charges to his name. Otherwise, legal action will be required to discuss the matter. I would much rather invest my time into the XXXX at the XXXX, INDIANA location at XXXX XXXX. Thank you.",Credit reporting
10707,"This is a continuing problem with XXXX XXXX since XXXX. I had XXXX cell phones with them. XXXX of them I used myself and the other was shut off by me and my granddaughter played with it. The contract with XXXX expired In XXXX, XXXX so I contracted with XXXX XXXX XXXX for a new cell phone service. Ever since this I have been CONSTANTLY harassed by XXXX and various collection agencies and the amount has increased to over {$610.00} supposedly owed them from an original {$150.00} charge. I have all the appropriate paperwork to back this. Today ( XXXX/XXXX/XXXX ) I received a very nasty phone call from Diversified Adjustment Company by a man who called himself XXXX. He was very rude from the start demanding to know where I lived, what my previous address was. I demanded to know who he was and what he wanted. He finally admitted it was a collection agency and was collecting on a debt to XXXX XXXX. I told him that i will not pay any XXXX bill that it is not due for any reason after all this time. I told him that I had talked to my attorney and he demanded to call my attorney and I refused to give him the attorney 's name or phone number. The phone number he called from was XXXX. 
I am more than fed up with these collecting agencies calling me and I want the FTC to do something to protect my rights under the Federal Fair Debt Collection Act. I think that collection agencies such as Diversified Adjustments should not only be fined but put out of business. It is harassment to the first degree to be constantly contacting me by phone or mail. I told this XXXX NEVER to call me again. I would appreciate you filing a formal complaint on this as soon as possible.",Debt collection
10708,"CashApp sent me an offer of {$10.00} off a {$10.00} purchase with their debit card. I tried to use the card for a purchase on XX/XX/year>25, but the transaction did not go through. It was a multi-payment transaction where the payment from CashApp was first, but then another payment failed, and so the whole transaction failed. A minute later I successfully made a {$10.00} purchase with CashApp, but CashApp did not apply the {$10.00} discount. CashApp claims that the {$10.00} discount was used on the transaction that failed. They also claim that the transaction actually got processed but was immediately refunded. Even if this is the case, I should have seen a {$0.00} purchase and a {$10.00} refund. However, there is no {$10.00} credit on my account, and CashApp refuses to fix the problem.",Money transfer or service
10709,"I have had some health and financial setbacks in the last 2 years. I have been trying to get a loan modification from Ditech for over a year and a half. However here in the last month they have agreed to give me the Flex Modification which lowers my payment by {$200.00}. I tried to negotiate a lower interest rate but was refused. Currently I have 18 years till the loan is paid with a 4.37 rant. The mod offered will keep my current rate but extends the terms to 40 years. I really could not understand the 40 year extension and really don't want to sign to the extension. Also in the modification documents there's a clause that states I have to get written consent from the mortgager to sell my house, I wanted to know why such a clause was stated in the verbiage. If I should sign this modification, I don't want this clause to interfere with me refinancing in a year. I have talked to Ditech representatives which says I can refi at any time but will not state this in written in the documents. Ditech will not remove the clause stating I have to get written consent prior to selling my house. 
Also Ditech sent me letters that state they loan is being transferred. I have receive welcoming info from the suppose to be new servicer. Then Ditech called me to say the loan is not being transferred. I really don't who to believe considering all the bad reviews listed about Ditech. Ditech has filled bankruptcy twice in the last 2 years. Where do this put me and my loan perspective.",Mortgage
10710,"My aunt asked me to send her money on Cash App. I accidentally sent it to her old Cash App XXXX she no longer has access to. She reached out out to Cash App on her end and I also reached out on my end. They could not help her get back into the old Cash App and denied my request for a refund. They told me to send a refund request to the recipient, which I did, however my aunt could not get into the old Cash App to accept or reverse the funds. I then submitted a scam report because maybe someone else has the old number she used for that Cash App and denied my refund request. Cash App customer service hasnt been supportive during this process. Cant call and speak to someone.",Money transfer or service
10711,"I opened my account with Bank of America, the account was approved and I received the account number in the email. When I received the debit card in the mail and tried to activate my card with the company, they company then told me that my account was closed and refused to do business with me. They did not tell me the reason, and I have appealed this to the closure department, as well as to their social media team, but I did not get any answer. I have a great credit report and I think Bank of America is discriminating me. They even say that I would never be able to open an account with the company ever again without giving me a chance to resolve.",Bank account or service
10712,I applied at XXXX in XXXX ar i traded my already paid off jeep liberty they were suppose to give me {$7000.00} for it in trade the vehicle i traded for was only supposed to be {$2000.00} more from that by the time papers were signed i had XXXX kids there for XXXX than when i went to the restroom they allowed a boyfriend to sign on my car i had no idea about it when i realized what happened i called the car lot and asked to void it all cause the price was n't what had been agreed on and his signature on my papers they said they already sold my car i was basically well lack of better words screwed. So i begin the ppayments i could n't afford than they allowed this guy to take my car and now want me to pay cause he hasnt,Consumer loan
10713,"I am filing this complaint against U.S. Bank National Association due to a critical, unresolved automated loan processing failure and a concurrent failure by their management to pause automated default tracking while an active internal corporate audit is underway. I successfully completed a three-month mortgage Trial Period Plan ( TPP ), making every single installment payment fully and on time. However, U.S. Bank 's automated telephone payment system experienced a technical touch-tone decoding glitch, misrouting the final installment payment despite funds being fully available. XX/XX/year> : U.S. Bank issued an interim system update stating they were "" researching the issues raised and preparing a letter. '' I have still not received this resolution letter. XX/XX/year> : An Upper Escalation Manager reviewed my account and stated the internal tracking system was entirely blank regarding any finalized resolution. XX/XX/year> : I spoke with U.S. Bank Supervisor XXXX ( Employee ID : XXXX ). XXXX XXXX explicitly acknowledged the automated phone system glitch and formally opened an active internal corporate audit under Escalation Ticket No. XXXX. Despite formally opening this internal technical investigation, Supervisor XXXX explicitly stated that the bank "" can not guarantee '' the safety of the property and flatly refused to place a temporary administrative hold on the account while their own software error is being reviewed. Concurrently, U.S. Bank 's automated collection systems continue to advance default tracking, issuing daily automated collection alerts and foreclosure text threats to my co-signer. U.S. Bank is actively exploiting the automated timeline to push a perfectly executed modification track into default due to a software glitch they admit is under active internal audit.",Mortgage
10714,Creditor reported deragatory history on a debt that was discharged in CHXXXX bankruptcy 6 months after debt was discharged. CRA 's will not remove negative history they only updated it to show Bk. Any debt collection AFTER CHXXXX Bankruptcy and or negative collection comments must be removed. These actions are in direct Violation of the Automatic Stay per US Bankruptcy code.,Credit reporting
10715,"My home mortgage was recently sold from XXXX to Mr. Cooper. In the past, the mortgage payment was always due on the first of the month with a 16 day grace period. I have always advance ( electronically ) payed my mortgage payment to be delivered on the XXXX of the month. With XXXX, I never received a late fee, as the payment was received during the grace period. As with all my electronic payments, the day my bank transfers the payment is the day the receiving institution credits my account. Except Mr. Cooper. Even though my bank transfers the payment on the XXXX, Mr. Cooper does not credit my account for 2 to 3 days later and subsequently assesses a late fee. To date, they have reversed the late fee each time, but my concern is that they are defrauding other customers by not crediting accounts the same day they receive payment. This appears to be a scam!",Mortgage
10716,On XX/XX/XXXX of 2025 We were staying at XXXX XXXX XXXX and got a smoking charge even considering we r minors and can not travel with XXXX. On top of that they stated they sent us a warning text and final text which we never received. Just a charge and someone saying we smoked in there with no proof. As well as walking back into our room from speaking with costumer service the entire room smelt of XXXX XXXX the lei was left open while we went downstairs. Later after resolving it with the XXXX they told us we were in the right and a XXXX would call us. They ended up calling us and telling us this happens all the time and the best we can do is despute. which came from a XXXX which is a little alarming! Fast forward i been trying to depute and the USAA bank will not look at my uploaded documents and its been over a month. As well as there are MULTIPLE complaints of this happening from this hotel.,Credit card
10717,"My loan is being serviced by XXXX XXXX who did an escrow analysis and I have a shortage in my escrow account. XX/XX/XXXX when my loan was being serviced by Chase, Chase paid the wrong tax bill and admitted in a phone call that was the case and that they would investigate -- Its been over a month and I have not heard back. So, in XX/XX/XXXX XXXX paid two years of taxes causing a shortage in my escrow account. I filed a previous complaint against XXXX, but XXXX is claiming no liability and pointing the finger at Chase.",Mortgage
10718,Account was assigned to repo. I called to set up payment plan. Been making payments for months. And they took my car this morning XX/XX/. Ran my credit and it says the car account was repossessed and closed in XXXX.,Consumer loan
10719,"I consolidated my federal student loans in XXXX of 2023 to utilize the IDR adjustment per the Department of Education. My loan is serviced by XXXX due to PSLF ( Public Student Loan Forgiveness ). I am a social worker. I have 73 counts toward PSLF preconsolidation. I have been making payments on my account. XXXX has my account 's {$0.00} balance. I have been transferred to Edfinacial although I am in the PSLF program ( certified ). I do not know my current PSLF count as the IDR post-consolidation has not been applied. However, now my loans have been transferred to Edfinaicial when they are supposed to be with XXXX. I am extremely frustrated it is XXXX XXXX. I have a mother on XXXX I have done everything right and my account is continuously messed up. It is very upsetting, and draining and I can not keep spending hours tracking mistakes made by loan servicers. I would like my accurate information from XXXX and my loan information updated and away from Edfinaicial as they do not service PSLF. I understand this is an overwhelming process for XXXX but I am not able to keep up with the mistakes. Edfincial should not have any of my loans. I believe XXXX also placed me incorrectly with Financial. I should not have my loan with Edfinacial",Consumer loan
10720,"I have disputed multiple times with Experian regarding accounts that do not belong to me. I submitted disputes on two separate occasions and even attached my Identity Theft Report and supporting documentation, clearly showing these accounts are the result of fraudulent activity. Despite my efforts, these accounts remain on my credit report as of today. Experian has failed to properly investigate and correct these inaccuracies. I am requesting immediate removal of all fraudulent and unauthorized accounts from my Experian credit file in compliance with the Fair Credit Reporting Act.",Credit reporting
10721,"PLEASE REMOVE ALL ACCOUNT INFORMATION. ALL ACCOUNT LISTED ARE UNAUTHORIZED. I DID NOT RECEIVE ANY GOODS OR SERVICES FOR ANY OF THE LISTED ACCOUNT REMOVE AS SOON AS POSSIBLE. XXXX XXXX {$590.00}, XXXXL XXXX {$3300.00}, XXXX XXXX {$1800.00}, XXXX XXXX {$2000.00}, XXXX XX/XX/XXXX, XXXX XXXX, XXXX XXXX XXXX XXXX XXXX {$1700.00}, XXXX XXXX XXXX {$740.00}, XXXX XXXX {$19000.00}, DEPT OF EDUCATION/ NELN {$90000.00}. REMOVE ALL ACCOUNT. THESE UNAUTHORIZED ACCOUNT IS DAMAGING MY CREDIT. PLEASE REMOVE THESE ACCOUNT FAST PLEASE REMOVE",Consumer loan
10722,"When I reviewed my credit report, I discovered that some of the information was erroneous. The XXXX and Transunion credit bureaus must validate these accounts in line with Sections 609 ( a ) ( 1 ) ( A ) and 611 ( a ) ( 1 ) ( A ). It is not authorized to fail to validate these reporting accounts as unverified information without providing any proof within the period allowed by law. The following accounts need to investigate and corrected for erroneous reporting in my file are listed on my credit report XXXX XXXX Balance : {$580.00} XXXX  XXXX Balance : {$0.00} XXXX XXXX XXXX Balance : {$0.00}",Credit reporting
10723,"Credit Systems is inaccurately reporting a debt on my XXXX Credit Bureau Report, in the amount of {$120.00}. I called to inquire about this debt and was told they are collecting for a medical bill. I told Credit Systems I do not owe any medical debt to anyone. I requested for Credit Systems to validate the debt belongs to me by providing me with document bearing my signature according to the Fair Debt Collection Practice Act. And I was told they do not have anything bearing my signature.

I have repeatedly asked for evidence to support their reporting, but Credit Systems have failed to provide me with a copy of viable evidence to support their false claims.",Debt collection
10724,Tried to apply for a bank account with chase and was turned down because of an old paid balance of 50 something dollars find this action has affected my personal well being and want this issue resolved and an account open not just an access account but a regular checking account which i am entitled to.,Bank account or service
10725,"We sent a wire transfer yesterday for a piece of equipment. We had received the invoice with the wiring instruction in an email from the vendor. The vendor claimed to not received the funds. They said that the invoice had been hacked and changed to a fraudulent account. I called my bank, it has been less than 24 hours. They said there was nothing they could do. I have been on hold the the receiver bank, XXXX XXXX for 2 hours now.",Money transfer or service
10726,"Midland Credit Management Inc, XXXX XXXX CA is trying to collect on a time-barred debt. They are currently violating the federal Fair Debt Collection Practices Act XXXX FDCPA XXXX. Also, They send letters in XXXX to my family. None of us speak XXXX XXXX. I have contacted them, disputed the debt and told them to cease any and all communication and delete my information from their system.",Debt collection
10727,"On XX/XX/XXXX, The Money Source processed a mortgage payment from me. On XX/XX/XXXX, The Money Source sold my loan to XXXX XXXX. The Money Source is required to forward those funds to the new servicer within 60 days. They have not. I called and spoke with both XXXX XXXX and TMS about this issue a few weeks ago to better understand what the delay was, and when the payment would be credited to my new account with XXXX XXXX. The Money Source assured me it would be done by XX/XX/XXXX. It has not been sent. I have followed up with The Money Source by email and am waiting to hear back. During this time, XXXX XXXX has required an extra payment to keep my account "" current. '' The amount that TMS owes is {$3600.00}. In the meantime, I have had to make the "" extra '' payment of {$1600.00} to keep my account with XXXX XXXX current.",Mortgage
10728,"I used my Capital One Pottery Barn card for a {$4500.00} furniture purchase and availed myself of the card 's 12 month interest free payment option. If the amount is paid off in 12 months, no interest or fees are charged, or so I was lead to believe. What they don't say is if you make any other purchases with the card during this period they will incur a 1 % fee on each purchase. Even if you pay the balance due each month. There is no way to avoid this fee, making the 12 month interest free option essentially worthless in my estimation. I feel this is deceptive even if it is disclosed in there multi-page terms of service that no one is expected to read when agreeing to apply for the card. This fee should at least be disclosed on every purchase if the 12 month interest free option is taken so that the customer has to option to use another credit card or pay cash to avoid the fee. That's what I'm doing. I won't use the card again until the {$4500.00} purchase is paid off in 12 months. They do not disclose this in the monthly statement and it took me 30 minutes on the phone with them for them to explain how their "" minimum interest free payment '' was calculated, which was obviously not interest free.",Credit card
10729,"Subject : Appeal for Disputed Transaction - XXXX Dispute case number : XXXX Transaction date : XX/XX/2022 Dear Goldman Sachs Apple Card Customer Support , I hope this message finds you well. I am writing to appeal a recent decision regarding a disputed transaction made through my Goldman Sachs Apple Card. The transaction in question is related to a purchase that was made from XXXX, an online service provider. 

To provide you with an accurate overview, I mistakenly filed the dispute as "" item not received '' instead of "" unauthorized transaction. '' I apologize for any confusion caused by this error. The transaction in question, amounting to {$560.00}, was unauthorized, and I did not initiate or authorize this payment. I re-read the documentation that was supplied by merchant and I noticed that cardholder name and billing address on their file does not match my current file with Goldman Sachs. 

Upon realizing my mistake, I promptly contacted XXXX to rectify the situation. However, they have been unresponsive, which further strengthens my belief that this transaction was indeed unauthorized. 

I kindly request your assistance in reevaluating my case and reconsidering the denial of my dispute. I understand that Goldman Sachs Apple Card takes customer satisfaction seriously and values its customers ' trust. As a loyal customer, I trust that you will thoroughly review my case to ensure a fair and just resolution. 

I apologize for any inconvenience caused by my initial misclassification of the dispute. I genuinely believe that this transaction was unauthorized, and I am hopeful that you will reconsider your decision based on the updated information provided. 

I appreciate your attention to this matter and your prompt response. Please do not hesitate to reach out to me if you require any further information or clarification. I look forward to a favorable resolution to this dispute. 

Thank you for your understanding and assistance. 

Sincerely, XXXX XXXX ( XXXX ) XXXX",Credit card
10730,"I received a letter from Midland in 2013, I immediately, ( XXXX XXXX 2013, they received it on XXXX XXXX ) sent them a letter requesting validation on the alleged debt. To this date, I have received any response nor validation to this alleged debt. Instead, I received another letter attempting to collect another debt as the account number of the previous alleged debt do n't match. My name does n't even match, i 've sent them another letter requesting validation again for this alleged debt. This is basically the XXXX bogus attempt from them to collect a debt that I do not owe to them. Also, with this contact they are in clear violation of the Fair Debt Collections Practices Act. As i 've never received any response on my previous request for validation, instead I just received another letter attempting to collect. My initial request for validation was timely within the XXXX days timeframe I have to request validation under FDCPA, so ; any further activity to collect on the debt would be a violation of their cease collection bar under FDCPA 809 ( b ). If they are communicating regarding a different collection ( i.e., they consider it to pertain to a different debt ), then that would have required they send another dunning notice within XXXX days after any initial communication. They thus either consider it the same debt, or have violated requirement for a XXXX dunning notice.",Debt collection
10731,"I am filing this complaint regarding the reporting and handling of my federally serviced student loans by XXXX. Specifically, I am raising serious concerns about the privacy, disclosure, and sharing of my nonpublic personal information, in direct relation to provisions outlined under the Gramm-Leach-Bliley Act, particularly 15 U.S.C. 6801 and 6802. To date, I have not received clear disclosures, consent requests, or privacy notices regarding how my personal and loan-related data has been stored, accessed, or potentially shared. This is especially concerning given the expanding use of third-party contractors, data integrations, and the increasing digital exposure of federally serviced accounts. Any sharing of my information without strict compliance with 15 U.S.C. 6802 constitutes a direct violation of federal privacy law.",Credit reporting
10732,I signed up and opened a checking account with an offer of a {$200.00} bonus paid XXXX business days after a {$400.00} direct deposit. They acknowledged that I completed the requirements but have not paid and it is beyond the XXXX  days.,Bank account or service
10733,"I purchased a XXXX XXXX XXXX from XXXX XXXX on Tuesday XX/XX/XXXX. It was my great misfortune to be serviced by a known swindler, XXXX XXXX ( director of pre-owned ). The vehicle was listed for XXXX and given the rear air vent was broken, XXXX took of XXXX from the price. However, he then added on ridicilous admin and hidden fees into the purchase price, inflating my loan amount by ~ {$3000.00} more than initially discussed. XXXX proceeded to add a warranty without proper disclosure and full consent worth {$4500.00}. When i requested a refund for the overcharge and the warranty which they have to do by law, i am met with repeated hindrances.",Consumer loan
10734,"XX/XX/XXXX XXXX XXXX XXXX XXXX XXXX XXXX XXXX XXXX, CO XXXX Specialized Loan Servicing LLC XXXX XXXX XXXX XXXX, CO XXXX Re : Request to Review Basis for Denial of Loan Modification Account Number : # XXXX Subject Property : XXXX XXXX XXXX XXXX XXXX XXXX, CO XXXX XXXX : XXXX XXXX XXXX Dear CFPB : I am writing to you because I am trying to seek a loan modification, and I believe that the loan servicer ( SLS ), is refusing to follow the guidelines pursuant to XXXX. I am asking the CFPB to please conduct a review of my account to determine if my suspicions are correct. 
I have owned the subject property since XXXX. 

Although SLS is my loan servicer, I am unaware of the present lender, which is allegedly a governmental organization. I have tried to obtain a loan modification through their loss mitigation program. I have not been advised of the status of my loan modification/RMA packet aside from a denial based on ( 1 ) lack of documents ; BUT ; ( 2 ) I was informed in writing and telephonically that my application was complete. ) This can not be reconciled.

Therefore, because SLS has been the designated loan servicer, I am asking that you look into the following issues :",Mortgage
10735,The company sent a statement for XX/XX/2019 statement stated that I owed {$420.00} where I worked out a payment plan for {$210.00} per month. I worked out a verbal workout plan where it was {$210.00} per month but then I received a statement stating that it was {$420.00} owed and past due. I dont like my credit being hurt and I dont was unemployed trying to make it.,Debt collection
10736,"The lender offered DEFERMENT for in SCHOOL enrollment.

Document was submitted verifying the in school enrollment.

LENDER expects payment and threatens to report me to credit bureaus, reneging on its contractual agreement for IN SCHOOL DEFERMENT.",Consumer loan
10737,"I am filing a complaint against Cash app ( Block, Inc. ) due to inadequate customer service and unfair practices, Which violate the Consumer Financial Protection Act ( CFPA ) Specifically Cash App failed to take timely and effective measures to prevent a address on their platform, leaving my account vulnerable and unprotected. Furthermore, their dispute resolution process was unfair and deceptive, as they did not comply with error resolution requirements under the Electronic Fund Transfer Act ( EFTA ) Regulation E. These actions have significant inconvenience and financial losses, and I speak appropriate redress for these violations.",Money transfer or service
10738,"I am writing about Navient Corporation. I applied for discharge due to XXXX in 2012. I was approved and my loans were discharged. I have also now completed the 3 year monitoring period successfully. The people at the Department of Education as well as XXXX have been fantastic. The communication was great. So now I see on my credit reports that these loans who were serviced by XXXX and Navient originally are showing late and have ruined my credit score. I have contacted Navient and have also disputed the details with the credit bureaus. Nothing has changed. Navient refuses to make any changes to my bureau. So basically I can not buy a home, car, or anything else. I would like to own my own home in the last years of my life. XXXX. Navient refuses to help me. I have never dealt with such a terrible company.",Consumer loan
10739,"On XX/XX/2022, I was in receipt of money to purchase a XXXX gift for myself from loved ones on that day. Since I already use a marketplace to find deals on legitimate items users don't need anymore, I decided to look for a a pair of XXXX XXXX headphones for personal usage. I found a listing and the user stated the item was legitimate and was still in the wrapping provided from wherever he purchased them from. After, contacting the user, I was able to solidify a time to come and see the item. After looking at the item, it looked legit and proceeded to provide the information through CashApp to provide the funds for transfer of goods. When I arrived home, I unraveled the item to only find that the headphones were not legitimate, as there were many flaws with the item. I proceeded to instantly dispute the item on CashApp, XXXX and contact the seller with all the flaws and demanded an exchange of the said item. He was responsive up until I sent over the proof, in which I was not given a response. I requested a refund from him through the app and he declined it that same day. CashApp declined my request for a refund on the XXXX of XXXX and XXXX declined my dispute on the XXXX of XXXX stating the transaction was valid.",Money transfer or service
10740,"This account is not mine and appears to be the result of a data breach or identity theft. It does not belong to me, and I did not authorize or open this account in any form. Despite showing a XXXX balance, the eviction-related entry is inaccurately affecting my credit profile. 

This false information misrepresents my financial responsibility and may unfairly influence potential creditors or landlords. I respectfully request the immediate deletion of this account from my credit report across all major credit reporting agencies to ensure my credit history is both accurate and fair.",Mortgage
10741,"Dear Early Warning Services, I am writing to formally dispute inaccurate information that appears on my Early Warning Services consumer report. The account in question is being reported by XXXX XXXX XXXX, Account # XXXX, listed as Closed for Cause / Account Abuse with a negative balance of {$320.00} at closure. 
This information is inaccurate and misleading for the following reasons : The reported balance and account abuse designation are not accurate and do not reflect my banking history. 
The account does not accurately represent my responsibility or repayment history. 
No documentation has been provided to validate this account abuse classification. 
Under the Fair Credit Reporting Act ( FCRA 611, 15 U.S.C. 1681i ), I am requesting that Early Warning Services conduct a reinvestigation of this item. If XXXX XXXX XXXX can not provide verified documentation proving the accuracy of this account and the account abuse notation, this item must be deleted from my file. 
Enclosed are copies of my identification and proof of address to assist with your investigation. 
Please provide me with the results of your reinvestigation within the time frame required by law ( 30 days ). If this account can not be fully verified, I respectfully demand its removal from my consumer file. 
Thank you for your prompt attention to this matter. 
Sincerely, XXXX XXXX",Credit reporting
10742,"I apply for XXXX loan from Bank of America, but Bank of America doesnt email loan documents to me, I call Bank of America many times tell I dont have receive email, I double check my email address with Bank of America, but I never received loan documents, so I dont sign document, I dont have get money, Bank of America Officer is rudely, always tell me dont know why, hang out my phone,",Consumer loan
10743,I went thru a bankruptcy and these loans were discharged and they have never stopped billing and collecting from me. This has been a hardship financially for me for YEARS. Please talk to the PHEAA for me and have them honor the bankruptcy from 2007!!,Consumer loan
10744,"On XX/XX/year> I opened a Home Depot credit card account, the physical card was delivered subsequently and has never been out of my possession. On XX/XX/year> a fraudulent in-store purchase was made in the amount of {$11000.00}, the charge, without any identification of the item purchased other than a numerical reference # was found upon a review of the account on XX/XX/year> On XX/XX/year> the Home Depot credit card servicer, XXXX, was notified and the card cancelled. On XX/XX/year> the store confirmed what item was purchased without the benefit of a physical card. and per Home Depot a fraud investigation initiated.",Credit card
10745,"On XX/XX/XXXX, I initiated a wire transfer in the amount of {$14000.00} from my XXXX XXXX account to my son 's Navy Federal Credit Union ( NFCU ) account. The funds were never deposited into the NFCU account. We understand that the account number was incomplete. We have requested from both banks that the funds be returned to my XXXX account. 

NFCU claims to have rejected the wire and returned the funds on XX/XX/XXXX. 

XXXX claims that funds were never returned. XXXX claims to have started a wire recall on XX/XX/XXXX and then again on XX/XX/XXXX. XXXX claims that NFCU has been unresponsive to the recall. 

NFCU claims to have messaged XXXX on XX/XX/XXXX regarding the wire, but that XXXX has been unresponsive.",Money transfer or service
10746,"For the past several weeks, I have repeatedly attempted to contact Security Credit Services regarding a disputed debt. The company does not answer the phone consistently, and when calls are answered, representatives often hang up on me before assisting. XXXX clerk in particular has been extremely unprofessional, and no manager has been able or willing to answer very basic questions. Communication with this company is almost impossible.

After weeks of trying, I finally reached a manager who stated that the debt would be removed once I provided my FTC identity theft report, police report, and identification. I sent all required documents as instructed. Despite this, more than XXXX months have passed with no update, no resolution, and no returned phone calls. The manager also promised to call me back the same day or the following day, and that never happened.

Security Credit Services has failed to follow through on their written statements, has not communicated in good faith, and has caused significant and unnecessary delays in resolving this matter. I am requesting CFPB assistance to get a proper response, verification, and resolution.",Debt collection
10747,"We are unable to set up online payments as the account is 1 month behind. Talked to Wells Fargo on phone and set up payment, XX/XX/2023. On XX/XX/2023 they took out {$500.00} more than the agreed upon amount.",Mortgage
10748,"I was approved for tax exemption in XX/XX/2022, retroactively, the extra money that was paid for tax hasn't been returned to me. 

I caught XXXX in XX/XX/2022. I requested a forbearance due to other medical issues with me and my XXXX XXXX kids. Royal Pacific offered forbearance program. I was told this verbally that I could request forbearance and that I could call back and request to pay what I missed at the end of my loan.. This was explained to me over the phone with my wife. I was told verbally ( with my wife next to me ) by Royal Pacific to ignore correspondence regarding the program ( I don't remember the name but it would require me to raise my interest on my loan ). They told me to ignore the bills they gave me. When I called them back they informed me that the VA doesn't allow partial payments and that I would have to have all of it due which is XXXX dollars ( figure is an estimations don't have the paper in front of me at this time typing this ). I missed XXXX payment due to Medical issues, which I planed on making up on XX/XX/XXXX. They are now sending collection letters for the XXXX even though a person reached out to me to sign up for the CA COVID-19 financial program. Her name is XXXX XXXX and she left a message on my phone. I did this but Royal Pacific won't even wait, they keep sending me threading letters about collections, they verbally deceived me about the forbearance program Royal Pacific Offers. I have had to call them ( Royal Pacific Funding Corp ) numerous times to find out what is happening with my loan. Nobody has called me back about this. I called Royal Pacific on XX/XX/XXXX and asked someone to call me and nobody did. This has happened numerous time since Royal Pacific has administered my loan. I am a XXXX veteran and I am in danger of losing my home. They are understaffed ... ......",Mortgage
10749,"SPS representatives told me I could make XXXX XXXX monthly payment while I was between jobs to keep our loan in good standing. in XX/XX/2025, SPS then provided a reinstatement quote for a specific amount to bring the loan current. 
After I secured those funds, SPS refused to accept the payment and/or raised the amount due, making it impossible for me to bring the mortgage current as promised. SPS 's actions have caused severe financial harm and appear to violate RESPA servicing standards by failing to honor payment arrangements by not accepting proper tendered payments. 

I want SPS to : reinstate my mortgage based on the original XX/XX/2025 quoted amount remove any fees or penalties added after that quote honor the prior {$500.00} payment arrangement that SPS offered and suspend all for foreclose activities while this issue is reviewed",Mortgage
10750,"I discovered inaccurate personal information being reported on my credit file, including an incorrect address that does not accurately reflect my current information. I disputed the inaccurate address with the credit bureau, but the information continues to appear without proper verification. Reporting incorrect personal information may lead to mixed files, inaccurate reporting, and potential harm to my credit profile.",Credit reporting
10751,"I am writing to contest inaccurate information on my credit report in accordance with 15 U.S.C. 1681c-2 and to formally request the blocking of this erroneous data.Enclosed is a copy of my Police Report/FTC identity theft report ( FTC REPORT XXXX ) as evidence supporting my identity theft claim. As per 15 U.S.C. 1681e-2, upon submission of an identity theft report by a consumer, credit reporting agencies obligated to block any information flagged by the consumer as stemming from identity theft within FOUR business days. The following information on my credit report is the result of identity theft and should be blocked : I am writing to notify you that I have fallen prey to identity theft. I have reached out to the Federal Trade Commission and lodged a complaint, which is enclosed for vour reference. Mv credit report contains fraudulent ACCOUNTS and INQUIRIES that are not associated with me. All necessary documentation is included in this packet, and copies have been sent to your agency both via fax and through Certfied mail. In addition, I request the immediate removal of the following fraudulent ACCOUNTS and INOUIRIES from my credit report. ACCOUNTS : XXXX NUMBER XXXX XXXX CREDIT NUMBER : XXXX XXXX XXXX : XXXXXXXX XXXX XXXX XXXX",Credit reporting
10752,"Reference previous complaint number XXXX You are not making any sense. The bank statement was valid. Do research on credit unions. The draft checking does not match the shares number. But it is all under one account. This was all enacted in the 1930s to stray away from bank practices. Educate yourselves. I have asked the credit union to create a special document to supplement your ignorance since you refuse to be mindful of the practices of financial institutions. The statement is attached. 

PayPal WHO OWNS YOU AND FOUND FRAUD IN MY FAVOR AND RESPONDED TO THIS MESSAGE has restored my account, so respectfully where is the disconnect? 

My drivers license is not expired or missing information. It is a valid government document. You are more than welcome to confirm with the government. 

You have not heard from the bank because the claim was closed. Refunds were processed by the company for those {$50.00}. Therefore, it is a non-issue. I am happy to provide documentation from the bank of those refunds. 

You are in error and you are contradicting yourselves. Stop punishing me for your shortcomings and ignorance to XXXXommon credit union practices.",Money transfer or service
10753,In XXXX XXXX XXXX and I sold a property in XXXX XXXX Georgia. We owned the property and there was money left in Escrow. Recently when I checked our post office box in XXXX XXXX Georgia the checks were in the box but the envelopes were damaged. The checks had past the 180 day mark and now were to old to cash and they have not been cashed. I have contacted XXXX XXXX XXXX which is now PPH motgage and have not gotten a response for 6 months now. I was told to send copies of the checks to the research department which I did twice and faxed copies numerous times. It is now XXXX and we still have not gotten replacement checks for our money in escrow and every time I call they say it will be looked into.Still nothing.,Mortgage
10754,"Summary : Wells Fargo XXXX branch in XXXX XXXX XXXX. XXXX, XXXX, canceled my account opening twice without explanation, but I decided to show up since I need checking account to get by. I arrive at XXXX appointment that they cancelled without explanation. I get in and I hear "" cancel it '' by manager talking to XXXX XXXX, a teller who I made appointment with. I sit down and provide XXXX XXXX with XXXX forms of ID ( driver license, passport ) and proof of address and portion of salary to deposit in cash. She checked two forms of ID & proof of address as required by Wells Fargo appointment service desk, then said I can not make an account. I asked for information about denial but she kept repeating how there's discrepancy in my records and that she needs to see my social security card as well. I provided social security number to punch pad in front of her as she requested a minute earlier, but she insisted that I bring the actual social security card to which I said I don't have it and it's not what you required for me for account opening. XXXX XXXX, banker, said lied to me that she called about account cancellation which she acknowledged on the spot because she called my number and my phone rang, and she confirmed that's not the number she called. Also, she didn't explain what information discrepancy is blocking her opening account for me and that she just have to see the social security card and nothing else. I find everything happened today Wells Fargo 's yet another abuse of power being too-big-to-fail financial institution, just doing whatever they want to do the business whatever way they want. During this visit, no documentation is provided to me explaining reasons for denial, nor conversation without substantiative information other than basically bring the social security card.",Bank account or service
10755,"In XX/XX/2026, I accepted a settlement offer of {$3000.00} from Rent Recovery Solutions LLC for a collection account reported on my XXXX credit report. XXXX of XXXX, I called the company to request written confirmation of the settlement terms. 

They told me that normally they do not provide written confirmation and that a manager would need to approve it. The representative stated that if I made the payment via XXXX today, they could provide the written confirmation. I said I was willing but asked if I could send the XXXX payment on Monday because im at work. 

I also asked if I could make the payment online instead of XXXX while im at work, as I did not have time to use XXXX that day. I reiterated that I was willing to pay. The representative responded in a very rude manner and stated that if I did not pay via XXXX immediately, the settlement offer would be withdrawn. This behavior was unprofessional and coercive. 

The company then withdrew the settlement offer. 

I am requesting CFPB intervention to ensure that the company provides proper written confirmation of the settlement terms so I can safely resolve this debt.",Debt collection
10756,"I have contacted this company 10 times now about the reports they are furnishing. There have information that is not mine. I have sent in a photocopy of a valid drivers license, Social Security Card or A copy of a utility bill with your current and a copy of my Identity theft report. 
mailing address. They have yet to delete my report with them. They are reporting this information which has cause me not to get approved for years for housing.",Credit reporting
10757,"As documented in the attached correspondence, I have spent a great deal of time and effort trying to correct a billing error with XXXX XXXX XXXX. 

When CMRE first contacted me about this alleged debt, I sent them a detailed message explaining why I contested that I owe XXXX XXXX XXXX any money, including proving CMRE with both the proper billing code that should have been used and the improper code used. CMRE completely ignored my letter, and continued to try to collect this debt. Not only did CMRE call me, but they sent me letters threatening to report this debt to XXXX and XXXX.",Debt collection
10758,Citibank cashed a check made out to me and my husband six weeks ago froze our savings account closed our checking account said it was fraudulent for about two weeks. Then said they didnt cash it. then sent a statement showing it in there and never gave us the money back from either! Told us we would never get the money from savings it can only go back to the bank in a harmless bank to bank transfer that peoples has to initiate or the maker of the check. Which peoples wont because citi indeed cashed the check back in XXXX. This has caused a great hardship my husband is on social security and our primary income. Im attaching the letter with documentation of check cashed from peoples and a copy of my statement. I honestly dont know how they are allowed to do this!,Bank account or service
10759,"After doing research and speaking with colleagues, I decided to open an account with UBS Bank USA. I am aware they are a wealth management entity, but they advertise a product called RMA ( Resource Management Account ), with a fee of {$170.00} per year which can be waved in a number of ways. This seems to be their equivalent of bank management, together with investments, if the client so chooses. They do not require a minimum deposit to open. However, it seems the only way to open an account is in person, through one of their Financial Advisors in person. After contacting my local offices, each office was very shady and each office set their own rules, minimum deposits and conditions. One office was finally able to confirm the account fees and how to wave them ( the omitted the direct deposit option, which exists ), but then stated nobody was available to assist me with opening an account. This was the email : "" Thank you for your interest in an Resource Management Account. Our primary services are investment management. Banking services are a compliment. The annual RMA account fee is {$170.00}. Waivers are provided to those who keep a balance of XXXX XXXX, make a deposit of {$250000.00}, or have the Infinite Visa card ( {$490.00} annual fee ). 

Please let me know if you have any additional questions. '' It seems this bank employs shady tactics similar how car dealers operate, and each branch seems to be acting in their own arbitrary way.",Bank account or service
10760,I had a wreck check put on my chime card and I ended losing it and someone used over XXXX dollars off my card in credit so I disputed it and they acted like it was nothing they could do to give me my money back after I disputed the charges,Credit card
10761,"I took out {$350.00} payday loan with a {$400.00} payback on XX/XX/2023, due XX/XX/XXXX,. Asked for emergency extension to my next ( second ) social security direct deposit, vi recently retired due to a XXXX. XXXX, XXXX at XXXX XXXX XXXX XXXX advance America, told me she has to put through the check she has on XX/XX/XXXX, but my SS direct deposit comes on XX/XX/2023. She will trigger my banks overdraft or NSF fees, I barely can pay for XXXX & XXXX, UNTIL XX/XX/XXXX. My bank balance checking is {$2.00} only. 

Will gladly arrange automatic {$400.00} payment for XX/XX/XXXX. Else health and wellness will suffer. 

My name XXXX XXXX, XXXX XXXX",Consumer loan
10762,"In XX/XX/2022, I reported scam/fraud to my bank ( USAA ) for someone getting my login information who then deposited fake checks and wired money out of my account and resulted in the bank ( USAA ) making me reliable for the {$10000.00} that was stolen. As of XXXX XXXX, they have frozen my bank accounts and stated that I am no longer eligible to bank with them ( USAA ). They also will be sending the case to collections if I do not pay them back within 60 days which will severely impact my credit. I have been a long time customer ( over 10 years ) with no issues and the bank ( USAA ) is unwilling to help me with the scam/fraud and has created a huge problem for me and my family. I can not pay my bills since they are withholding my money, bills that were paid are bouncing and resulting in even more fees, and the bank ( USAA ) has turned me into the bad guy since my login information was compromised. I thought I was a member of a customer loyal company but they ( USAA ) have completely turned their back on me. It is hurtful and has caused extreme stress and pressure on my family. This is shameful coming from a company that states they are there for their customers who are part of the military family and community.",Bank account or service
10763,"In XX/XX/year>, I discovered that Klarna allowed someone to open a line of credit using my full name, date of birth, and home address. The account was linked to an unfamiliar email address ( XXXX ) and phone number ( XXXX ) neither of which are mine. Despite this mismatch in contact information, Klarna approved the account and allowed purchases to be made under my identity without ever notifying me. 

When I contacted Klarna support, they confirmed the account was tied to my personal information but refused to disclose whether my Social Security number had also been used. They have not taken appropriate steps to verify the fraudulent nature of the account, and have actively limited the information I can accessmaking it difficult for me to assess the extent of the identity theft or to properly dispute the charges with debt collectors.",Consumer loan
10764,"I financed a purchase through Klarna on XX/XX/year>, which was delivered on XX/XX/year>. I later returned the merchandise as it was a bit large for me, confirmed by Klarna that XXXX refunded on XX/XX/year>. The merchant retained approximately {$10.00} in shipping charges. Klarna retained approximately {$94.00} in financing interest despite the merchandise being returned. XXXX Klarna representative stated that a full refund from the merchant would waive the interest via XXXX, while another representative later stated that even if the remaining balance were refunded, the interest would still remain via phone call, all completed on XX/XX/year>. I believe XXXX refund and financing disclosures were unclear and inconsistently communicated, resulting in unfair and unexpected charges.",Consumer loan
10765,"I am writing to formally express my concerns regarding Zelles handling disputes, particularly on light of the recent CFPB lawsuit highlighting significant issues with the platform. Dispite using Zelles numerous times and reporting discrepancies, my financial institution and Zelle failed to investigate my claims adequately. They informed me that recovering lost funds was impossible and that tracking these transactions was unfeasible. The CFPBs findings indicate that Zelle has not only neglected to protect consumers but has also allow repeat offenders to exploit the system, leaving users vulnerable to scams. The lack of accountability and transparency is unacceptable and raise serious concerns about consumer safety.",Money transfer or service
10766,I did an application with Autopay on XXXX XXXX platform. It gave me several option to refinance my car with automobile financing companies at XXXX XXXX to get me to apply.. I sent in the required documents to Autopay to refinance. Once receiving the documents my credit report received several inquiries from other companies and received a denial letter asking me to put down {$8000.00} to be approved for a loan to refinance my vehicle.,Consumer loan
10767,"I recently checked my credit report and noticed that there are inquiries that I don't recognize and all is currently being investigated as it did a lot of damage to me. I need these fraudulent inquiries to be removed from my credit report ASAP in order to prevent further fraudulent activity under my account. Do anything necessary to remove them from my report. It is stressing me out and I demand you to address this soon, please.",Credit reporting
10768,They are XXXX complaints of Bank of America does anyone read someone case anymore and do the works I have evidence they stole from me and are lying to cfpd last time we did a claim fooling the government,Bank account or service
10769,"I am writing to formally dispute the inaccurate reporting of late payments on my credit report, which is adversely affecting my creditworthiness. After a thorough review of my credit report from, I have identified discrepancies related to late payments that are not reflective of my actual payment history. 
CONNEXUS CU XXXX - Those payments were made on time. I am requesting that the late payment markings be updated to reflect my accurate payment history. 
I am deeply concerned about the impact of these inaccuracies on my credit score and overall financial credibility. The reported late payments are not consistent with my payment history, and I believe they are tarnishing my credit report unjustly.",Debt collection
10770,"I am XXXX XXXX and I'm submitting this complaint myself and there is no third party involved. 

I, XXXX XXXX, consumer, natural person, and original creditor of an open-end credit plan, have a closed account reporting on my credit report from SELF FINANCIAL , INC . d/b/a SELF through XXXX XXXX due to late payments. I am writing this in regards to Account # XXXX and transactions. At the time of the occured late payments, I was having financial issues due to me not getting enough hours at work to pay all of my bills. While I make every effort to pay off my debts and fulfill my financial responsibilities, in this instance, I was in this circumstance, unfortunately, unable do so. I have since, been put in a much better position and was able to fulfill my duty to pay off my balance before the account closed. Due to this closed account reporting on my credit report, it is greatly impacting my credit score. I take full responsibility for these late payments and would like to sincerly apologize for my inconvinence and frustration this has caused you.",Credit card
10771,"Company closed account, will not give me the XXXX $ in the account, American Express XXXX XXXX XXXX, I was told to initiate a recall with the original funding source, this does not exist, spoke with XXXX of XXXX for XXXX XXXX that was original funding source, recall funds does not exist, never has, and never will, American Express is holding onto my money.",Bank account or service
10772,"On, Sunday XX/XX/XXXX, I received a notification from, XXXX XXXX, about a DEBT. There was NO letter or prior notification from the, debt collector. There was NO account number associated with the notice on my, XXXX XXXX. I called Diversified ADJ SVC, on Monday, XX/XX/XXXX, and requested the, Full Account Number associated with the debt. I informed, Diversified Adjustment ( XXXX ) that it was against the law for a, THIRD PARTY to attempt to collect a debt, without first contacting the person. Also, I requested that this, ACTION OF PUTTING THIS TRANSACTION ON MY CREDIT REPORT WAS, FRAUDULENT and that, I was going to file a complaint with, CFPB. Today, Wednesday, XX/XX/XXXX, I receive another communication from, XXXX XXXX, by way of, Diversified Adjustment about the above, and that this has been reported to, XXXX Credit Bureau, yet affecting my credit score by a, NEGATIVE-XXXX POINTS. I am requesting an, FORENSIC INVESTIGATION, from, CFPB. I am also requesting why there are other, items NOT being reported on my credit reports. These Credit Bureaus are working with, Mortgage Companies to, CONCEAL items that have been put on our, Credit Reports without our knowledge and consent. These are all violations. On top of all of this, these debt collectors are committing FRAUD, by creating dates for accounts that were, NEVER opened by me ( XX/XX/XXXX ). The violations are : Under the, FAIR CREDIT REPORTING ACT. Wednesday, XX/XX/XXXX. XXXX XXXX XXXX",Debt collection
10773,"Our loan was previously serviced via XXXX, it was transferred to Mr cooper and when the transfer occurred we noticed our biweekly payments had increased significantly. I wrote in on XX/XX/year> to mr cooper to ask why the payment went up by so much. I was informed that after looking at our Mortgage she saw there was an escrow analysis completed before the loan was transferred. According to the analysis my taxes and insurance has been increased due to which payment has also been increased. The amount has a shortfall of {$1600.00}. We were informed we can pay this shortfall and reduce the monthly payment. I told the representative that we were never informed of the shortage from the previous servicer or from our new servicer prior to payments being automatically withdrawn. I did recieve a notice of transfer but nothing regarding escrow shortage. I asked that she file a complaint with their compliance complaint department- the case number is XXXX. 

I would like to know why I was not informed of the escrow shortage via writing and a refund on the difference in payments.",Mortgage
10774,"LVNV LLC have reported to the 3 credit bureaus inaccurate information payment statuses, past due amount, and balance owed on three different accounts. Once I notified the credit bureaus that I needed proof that I owed this debt I waited 45 days 2bureaus deleted them however XXXX did not respond back or do an investigation. After all this LVNV reported this info again using the copany name LVNV Funding they also gave my information to another company called XXXX XXXX to collect for them during this same time.",Debt collection
10775,"Requesting names that need to be on my XXXX XXXX XXXX, Account. addressing the issue with my credit report : This not a complaint I'm facing identity theft don't want to send any documents through the mail. 

XXXX XXXX XXXX XXXX XXXX XXXX XXXX XXXX XXXX XXXX XXXX XXXX XXXX XXXX XX/XX/year>XXXX XXXX XXXX XXXX XXXX XXXX XXXXXXXX XXXX XXXX, Tennessee XXXX Dear, XXXX XXXX I hope this message finds you well. I am writing to formally request an update to the names listed on my XXXX XXXX XXXX  due to inaccuracies that are currently affecting my credit report. 

It has come to my attention that the names associated with my account do not accurately reflect my personal information. This discrepancy is causing issues with my credit report and may impact my financial standing. 

For your reference, names I use details are as follows : XXXX XXXX XXXX XXXX XXXX XXXX these names are associated with my Credit report. 
# I kindly ask that you update the records as soon as possible to prevent any further complications with my credit report. I appreciate your prompt attention to this matter and look forward to your confirmation once the changes have been made. 

Thank you for your assistance. 

Sincerely, This has messed up my credit report Equifax deleted my XXXX XXXX XXXX XXXX  account yesterday.",Credit reporting
10776,"Client Services , Inc are contracting my parents regarding a debt I owe. Call them at work. They are telling them my personal debt information. I am over the age of XXXX there is no need to contract my family. They can talk to me only.",Debt collection
10777,"On XX/XX/2017, I transferred XXXX Membership Rewards points into my XXXX XXXX account ( transfer partner of American Express ). I tried to book a ticket using these miles for myself that night and received an error message. I tried again later that night and received the same error message. I was then locked out of my XXXX XXXX account the following day. I contacted XXXX XXXX and received a response that my account was locked due to inconsistent activity. None of my activities were out of the ordinary and from doing some quick research, it seems that XXXX XXXX has been specifically targeting and locking accounts with membership rewards being transferred in. At this point, I can not get in contact with XXXX XXXX customer service as the only avenue of communication I have is an email address they provided me for account audit communication, which is unresponsive. I spoke with American Express customer service and they refuse to reverse or refund the transaction. American Express should be liable as this same issue is ongoing yet there is still no resolution from American Express regarding the abuse by the XXXX XXXX program. At this point, I am locked out of access to my XXXX XXXX XXXX points ( Equivalent to at least {$1000.00} USD ).",Credit card
10778,My email was hacked person got access to bank card/debit/ATM card purchased concerts tickets to XXXX the XXXX online XXXX all my personal information name bank card # email cell phone and home address. Ticket amount charged on my bank account is {$370.00} for XXXX. I called both XXXX and my bank both said I needed to dispute with thee other company. The bank did not accept the proof of the XXXX address that was used is in a foreign country. XXXX says I had purchased using their acct before with the same personal information which I had not. Someone opened a XXXX acct in my name. I filed a police report as was told to do so bt my bank yet neither company would refund my money.,Bank account or service
10779,I had a prepaid card thru XXXX XXXX the card was stolen with the other card at a hotel by some employees and netspend demanded me to send a copy of my identification and social security card and copy of mail with my address,Credit card
10780,I made a purchase at XXXX. I returned the item and XXXX XXXX XXXX  received the money on XX/XX/XXXX and they are holding the money. XXXX XXXX is saying XXXX is holding my money but after checking with XXXX they said that wasn't true. They will not release my funds.,Credit card
10781,"I am filing a complaint regarding inaccurate and incomplete credit reporting for a collection account reported by Midland Credit Management and reflected on my XXXX credit report. This account contains multiple inconsistencies and lacks proper verification : 1. The account is reported as opened on XX/XX/XXXX, which corresponds to the date the debt was purchased by Midland Credit Management, not when the account was originally opened. Midlands own documentation states the original account was opened on XX/XX/XXXX. This creates misleading and inconsistent reporting of account history. 2. The documentation provided by Midland Credit Management is incomplete. They only provided two transactions and failed to provide a full account-level transaction history, payment history, or complete ledger demonstrating how the balance was calculated. 3. The balance is inconsistent and unsupported. The original balance is listed as {$720.00}, while the current balance is {$680.00}. Midland states that {$43.00} in adjustments were applied but provides no documentation or explanation of these adjustments. 4. Midland mischaracterizes the balance as an original purchase balance, when the amount clearly includes fees and interest, not just purchases, as shown in the original creditor statements. 5. My billing statements show the account was already past due and over limit as early as XX/XX/XXXX, which raises concerns about whether the delinquency timeline is being reported accurately. Due to these inconsistencies, this account does not meet the accuracy and verification requirements under the Fair Credit Reporting Act ( FCRA 1681e ( b ) and 1681i ). I am requesting that this account be fully investigated and removed if it can not be properly verified with complete and accurate documentation.",Debt collection
10782,"I called Citi bank and advised them that I made two payments in XX/XX/2020. I learned that I was being scammed and I requested to have the bank transfers reversed and put the money back into my account. I also gave them my report number of XXXX with the Federal Trade Commission. 

I paid {$9000.00} on XXXX2020 and I also paid {$4800.00} on XXXX2020. I spoke with XXXX at XXXX. A week later she told me that they had sent an inquiry to XXXX XXXX, but there was no reply yet. I also filed with ic3.gov ( FBI ). 

Why can't Citi just pull back the transfers for both of my payments now that I had reported the scam?",Money transfer or service
10783,"Hi. 
Tha complain is about Loan Care Bank where my mortgage company is after XXXX XXXX XXXX sold it to them. The thing is that I sent my payment on time from NY to PA that is their payment center and have passed 12 days and they said that this payment has not received and now came new month and I went to their website to check if the payment was receive and appears a note that says that my account is 30 days past due!! But I was reading reviews and I am not the only one that happened also they do not post the monthly statements on time. Now my credit score will be low just for something like this.",Bank account or service
10784,"Hi, I have an XXXX credit card with synchrony bank. My billing cycle ends at the XXXX or XXXX of the month, depending on how many calendar days are in that cycle. I made XXXX payments on the XXXX and XXXX which only one was applied and 2 are pending. It is now the first day of my new billing cycle. The payments are still not applied and synchrony is telling me that they will not be applied for another three days. This means that they are going to apply payments to a completely different billing cycle and they have the nerve to have charged me interest and are requiring a minimum payment on this next billing cycle even though they still havent applied the payments to the last billing cycle. This also was going to cause my credit to go down because I specifically paid a certain amount of my credit would stay the same or go up. I want this fixed immediately. I want synchrony audit for how many times they have done this to other people and I want my credit fixed immediately. 


They also lowered my credit limit without telling me and now Im over the limit despite making over {$300.00} in payments",Credit card
10785,"I linked my bank account to my Robinhood account in XXXX of this year. I sent in XXXX dollars but my account was immediately locked. I was not told why, only that it was under investigation and asked me to send bank statements, social security card photos ( front and back, all XXXX corners showing ), and a selfie of me with my drivers license. 

Long story short : it has been over XXXX weeks and every time I speak to agents at robinhood they say they did not get the documents, and/or they are not in the right format and/or ask me to send more documents like my passport ( front and back ). Every time I call they ask for more documents that were not requested before, and yet they gaslight me and put the blame on me for supposedly not following directions or not getting back at them. 

During many of my calls they claim they can't find my records and say there have been numerous different case numbers created and hold me responsible for keeping track of all of them. They even had me take selfies with the computer camera after I had sent XXXX other selfies holding XXXX documents the first which they couldn't find and the second which they said was not sufficient but with no context. When I told them I just want my money back they told me they can not give it back because the account is under investigation, however they refuse to tell me why. 

Their customer service is rude, pathetically useless, and every time I call I feel like each agent handles the process in a completely new and different manner. They cut me off while I speak, and blame me for all the documents not being good enough. 

I am afraid for my Identity being stolen by these people, since they basically have everything about me. 

This feels like a scam and like my money is being held XXXX for them to do with it what they please. I have recently read tons of horror stories similar to mine and I really hope I do not become another statistic. I just want my money back.",Bank account or service
10786,"Prior to closing, the minimum payment was to be $ XXXX. I agreed to open a new checking account with them so they automatically deduct the payment, and used their system to automatically transfer money in from a different account. 
However, their system ran the transfers late and they increased the amount of the payment to $ XXXX. Since the transfer missed by a few days, the account was short and they rejected the payment. Meanwhile, I continued to transfer money to the checking account with them, but because of the rejected payments they have shut off direct payment. 

XXXX situation : I have deposited more than enough into the checking account with them to cover the outstanding balance and I called them to try to pay it. 
I have contacted their collections department 4 times, twice speaking to a person who hung up on me. I have left messages on XX/XX/2023 and XX/XX/2023 but have not heard anything back.",Mortgage
10787,"This is an issue with MoneyGram online service. 
I made a transfer of money to XXXX from USA, {$50.00}. Moneygram webpage informed me of a fee {$4.00}. if I use my credit card. 
When I received my bill from credit card, there was an additional fee of {$10.00}. 
When I called the bank they told me that MoneyGram coded the transaction as cash advance, and as such there should be a fee of {$10.00}. When I called MoneyGram, they read me a disclosure of a recent change in agreement between MoneyGram and Credit cards Association stating that the transactions between them will be charged as cash advance not as credit card transactions. Nowhere on their website there was a mentioning of that. I believe it is a breach of law. Because each ATM has a legal disclosure of a fee when I used my credit card as a a cash advance. MoneyGram must inform a customer of the fact that a credit card transaction will be billed as a cash advance with an additional fee. When I called the MoneyGram escalation department, they refused to acknowledge the situation",Money transfer or service
10788,"I bank at Chase. In XX/XX/year> I mailed my landlord a check. The check was stolen in the mail and cashed at a XXXX XXXX. 
We initiated a fraud dispute. The claim was denied because the check was cashed by a thief. We should not be liable for fraud. The landlord and myself both signed sworn affidavits saying we were robbed. Instead of protecting my money, chase has allows me to be stolen from.",Bank account or service
10789,I opened a new access checking account at Citibank around XX/XX/XXXX. I deposited {$25.00} as instructed and set up direct deposit with my employer. Here is the account number. XXXX. On XX/XX/XXXX when my direct deposit is sent out my account was suddenly blocked by Citibank. I spend 3 whole days calling every possible department trying to get the account unblocked. I was told my phone is unverifiable and the only way is to wait 2 weeks for a letter from Citibank. By Friday I had bounced two payments one of which read to the IRS. I CALLED 3 more times that day and was told my deposit was returned to my company payroll. Today I called citibanks executive response unit again to speak to my account manager. She now told me my deposit is in my blocked account and there is nothing they can do til I get their letter. Here is my case number XXXX. Please help. I will have my cell XXXX and WiFi turned off by the end of the week,Bank account or service
10790,"I've been waiting on the dept of ed since XX/XX/XXXX to ask for any debt forgiveness after my husband 's leg was amputated XX/XX/XXXX. I can not afford my loans. Furthermore the school i attended was closed by the dept of ed for selling phony loans and over charging interest and lying about their accreditation policies. Selling worthless degrees. I've been directed by the dept of ed to work with great lakes but am going in circles. How long does it take for file to be reviewed? I think 3 and half years is absurd. I can not get a mortgage loan since there's no actual student loan payment reporting on credit and the mortgage lenders want to use 1 % of the payment against me. On XXXX that's over XXXX a month causing me further financial harm since i shouldn't be wasting my money on rent. The school i attended ( MN XXXX XXXX XXXX XXXX XXXX XXXX XXXX was sued by the state of mn in a class action lawsuit. I incurred financial harm from misappropriated account ledgers ( The school was cooking their books ) misappropriating grant money, etc. I provided my student ledgers, a hardship letter and a request form. 

I've wrote letters to the secretary of ed XXXX XXXX but she too will not respond to any correspondence.",Consumer loan
10791,"In XXXX, XXXX, I made a mortgage loan with Rocket Mortgage, for {$100000.00}. In XXXX, I refinanced with XXXX XXXX XXXX which I understood would require paying off the Rocket Mortgage balance. All payments were on the Rocket Mortgage account were made timely, through auto-pay. Rocket Mortgage took the XXXX, XXXX, payment in XX/XX/XXXX. On XX/XX/XXXX, they took a XXXX payment that was not due until XX/XX/XXXX. My XXXX, XXXX, statement from Rocket Mortgage shows a principal loan balance of {$99.00}, XXXX. They advised XXXX XXXX that the pay-off balance was {$100000.00}, which was more than I had borrowed, and after a year of payments ( principal and interest ). This does not seem to be factually or legally correct, and constitutes a fraud on the consumer ( me ).",Mortgage
10792,"A collection agency I never heard of or talked to or got a notice from reported me to the credit bureau on XX/XX/XXXX over an amount of {$260.00}. The only way I found out about them is when I was looking at my credit report on XX/XX/XXXX. 

I called them and their costumer service were basically rude and misleading. They admitted that they never contacted me before and that reporting a collection on me was a way to get my attention. When I asked them to remove it from credit bureau because what they did does not even comply with the fair credit act that protects consumers, their response was the only way they can do that if I pay first and that they are doing thing legally based on the time they been on business. I am not even sure why I should pay an amount of {$260.00} and all my bills are current. I told them I can't pay for something I don't own. 

I checked review on XXXX  and other customers have the same issue with that company. 

This collection agency basically is hurting me because I was getting ready to get a home equity loan to renovate my house that is in a bad situation because of contractor fraud.",Debt collection
10793,"The credit card involved is XXXX XXXX  ( vision ). It is relatively new but I established payments commencing in XXXX, XXXX. My first payment was sent on XX/XX/XXXX and was received & posted by XXXX on XX/XX/XXXX. Payment was due on XX/XX/XXXX. 

The following month my payment was sent by my bank through bill pay on XX/XX/XXXX with guaranteed delivery by XX/XX/XXXX just as the previous month. 
When I checked my XXXX statement I was charged a {$30.00} late fee. 

I called company and eventually got a {$15.00} credit, not the full {$30.00}. It appears to me that their inefficiency is intentional so as to charge the fees which also harms my credit.",Credit card
10794,"XXXX needs to provide how they verified to Experian dispute XXXX and XXXX XXXX, if they are sending a numerical code back to the credit bureaus through the E-OSCAR system this is not a accurate and complete verification and the account needs to be deleted immediately. Please provide what method of verification under section 623 A under the FCRA through the cfpb portal. Marking complaints as duplicates is further violation under the fcra noncompliance penalties!",Credit reporting
10795,"Complainant has used the subject credit card issued by XXXX for over XXXX XXXX, spending between XXXX XXXX XXXX XXXX XXXX per month using the card. In that time, XXXX always paid the amount due in full before the due date and never paid interest. In XX/XX/XXXX, Complainant missed the due date by XXXX days, but still paid the statement in full. Complainant expected interest charges the following month, but the interest charged was DOUBLE the amount expected. The unpaid amount, times the monthly interest rate specified, was just over {$60.00}. The amount charged was over {$100.00}. COMPLAINT XXXX : XXXX band appears to be committing fraud by deception by charging more interest than due, and failing to provide an auditable calculation for same. The following month, XX/XX/XXXX, XXXX again charged Complainant interest in excess of {$60.00}, AFTER COMPLAINANT PAID THE ENTIRE STATEMENT BALANCE IN FULL, A WEEK EARLY! COMPLAINT XXXX : Chase Bank has AGAIN committed fraud by deception by charging interest on purchases that were paid in full before the due date.",Credit card
10796,"My student loan payments were being applied to a loan that did n't exist during a period of time in the beginning of my loan payments. The loan company thanked me for catching this error but did n't move the payments back over. I 'm not sure where the money went but I was then told I was well behind on my monthly payments. Again, payments were being drawn out and applied to a loan that does n't exist. On numerous occasions through XXXX they 've pushed forbearance as an only option for me with my student loans. I 've tried income based payments but whenever I gave my amount ( XXXX ) they 'd always tell me that I made too much to help lower my payments which then put me into forbearance. Currently there is a loan out there for "" {$2500.00} '' that now is going up at 24 % a year in interest but I was only made aware of this loan in the past 6 months but it 's apparently from 2009 and the creditor is the XXXX. I ca n't get proof of the loan paperwork nor do I recall ever taking a loan out through my own University ; plus I 'd of never applied for a {$2500.00} loan due to not needing those funds. Now this loan has gone up to {$5000.00} and increasing each year until it 's paid off. I 've tried to work with the XXXX but have gotten nothing but payment requests back. The Agency used my resume from a job application in Michigan to track down my employers and ask them if I was still employed. Consistently harassed by phone calls for payments I 've stated I ca n't make, documentation sent out for wage garnishment. The Agency harassing my parents for payments or work information. After looking at all my Federal Loans Online the amounts listed are much more than would be required for schooling and no matter the amounts paid there is no relief in sight to get help moving the balances down.",Consumer loan
10797,"GM Financial On XX/XX/2020 AND XX/XX/2020 a finance inquiry was posted to my credit report initiated by GM Financial. This report was published without my consent. I am aware that Pursuant to the Fair Debt Collection Practice Act section 15 USC 1681b ( c ) ( 3 ) the creditor shall not furnish to any person a record of inquiries unless initiated by consumer. Also pursuant to section 15 USC 1681 b ( a ) ( 2 ) a reporting agency ( GM Financial ) can only furnish a consumer report in accordance with written instructions of consumer. Neither written instruction nor consents were initiated at ANY time. Therefore, pursuant to the above, I as a consumer have been violated and my privacy has been breached GMC responded ( ( GM Financial has received your complaint sent to the Consumer Financial Protection Bureau ( CFPB ). I have reviewed your concerns and would like to offer the following response. 
Our records indicate on XX/XX/2020, an application was submitted by XXXX XXXX XXXX on your behalf to GM Financial for a XXXX XXXX XXXX. Therefore, the credit inquiry you have disputed was permissible and will not be removed from your credit file. For additional information regarding the above credit inquiry, please contact the dealerships listed above. ) ) ) The complaint never argued whether or not the inquiries were done but stated that my rights as a consumer was violated because I as the consumer never consented to you providing my information to a third party. This report was published without my consent. Again, I am aware that Pursuant to the Fair Debt Collection Practice Act section 15 USC 1681b ( c ) ( 3 ) the creditor shall not furnish to any person a record of inquiries unless initiated by consumer. If you are able to furnish proof of this consent to furnish my personal information- I would gladly review it. You have validated my rights and I demand removal from all platforms.",Credit reporting
10798,"Re Costco Citi Visa : On XX/XX/23 I accidently missed XXXX on a XXXX XXXX statement balance. ( I paid XXXX of the balance ). 

On XX/XX/23 I realized the error when my XXXX statement showed an interest fee of XXXX. 
I called Citi and the rep said due to my exceptional payment history, he would credit back the XXXX. I immediately paid the overdue XXXX as well as the current charges on the XXXX statement. 

On XX/XX/23, I noticed on my XXXX statement that all of the above listed payments were accounted for and paid on time. Yet now I am charged another XXXX interest charge. 
I called Citi and talked to a rep and the supervisor. They both said that I would always be charged 2 months interest on a missed payment due to "" residual interest '' and that their computers will not let them do anything about it because I already had the XXXX waived. This is regardless that I had made all payments on time. 

So in summary, Citi is charging me XXXX interest on a XXXX delinquent payment that was supposedly removed a month earlier. This sounds illegal to me, or at least it should be.",Credit card
10799,"To, XXXX XXXX, Vice President, XXXX XXXX XXXX Department, Comerica Incorporated.

I am still waiting for a reimbursement for the fraud committed against my Direct Express account. I never authorized any of the disputed transactions, YOU DID. You never afforded the proper card security, or afforded all available security measures too guarantee against card fraud. This security should have included biometric measures, including fingerprint scanning and facial recognition, to be used at ATMs. This would ensure 100 % security. Also, if you provided your customers a secure ATM booth/environment with machine, this could also prevent someone from stealing your PIN while entering it on the keypad. 
It's just too easy too walk up and observe a person entering their PIN number while entering it on the ATM keypad without their knowledge.Which obviously was done to me. Recently my D.E. card number was used without my authorization, even though it was electronically locked using the XXXXXXXX XXXX The un-authorized debits have been reported to the XXXX. XXXX XXXX. Bottom line is your XXXX XXXX XXXX, and method of using the card is not safe as you advertise. Also, have you EVER ( Past or Present ) used XXXX. account holders money, including mine, and invested that money to collect interest. 
If yes, how much money did you collect in total interest, and during what time frame ( months & years )?",Bank account or service
10800,"I am in a legal issue with a company I worked for and I was getting direct deposit in this account. The account is closed now, but I need to come up with some past statements from that account and Im not able to get them. Theyre not cooperating.",Bank account or service
10801,"In XX/XX/XXXX I filed the same complaint, and you guys had it resolved less then a week. I've been told by TD Bank that my payments dating back to XX/XX/XXXX were being applied to principal and not interest while charging me for late fees, making it impossible for me to ever catch up on my payments when the whole thing is their fault AGAIN!. I contacted XXXX XXXX XXXX who told me in XX/XX/XXXX that he would handle this personally if I had any problems moving forward. So he tells me he no longer has my account and assigned me to a XXXX XXXX XXXX - XXXX XXXX and XXXX XXXX while I'm working with XXXX XXXX at the local branch who then gave me XXXX XXXX contact information at my request, are you following me so far? - They are giving me the run around. I have also attached some important supporting documents. I was so stressed last time I ended up going to the hospital only to find out I had XXXX  XXXX XXXX and XXXX.",Mortgage
10802,"I have applied multiple times for a Sallie Mae loan that they say is being offered for XXXX XXXX. Under different criteria there is always a change in what the offered interest rate is. Every time I ask what criteria is being considered and how my credit file fits into that decision making process I am just told that its a system only decision and that the information I am requesting is proprietary. They advertise rates as low as 3.xx % but my lowest rate option was 15 %. I requested {$150000.00} at one point and got a 10.5 % rate and I was told that the amount requested was one of the deciding factors on a high rate, when I adjusted the requested amount to {$50000.00} my rate went to 11.5 %, when I added a cosigned on a {$60000.00} loan my rate went to 15 %! and thats with a cosigner with over an XXXX credit score! I need answers on how these decisions are being made because they seem arbitrary at best and predatory at its worst!",Consumer loan
10803,Our Mortgage was sold to Green Tree Servicing in XX/XX/XXXX in the process at the time we was in chapter XXXX and I talk to someone at Green Tree and I ask them once we become discharged can they refinance my home because our APR is 10.50 and she said they will see well we was discharged in XX/XX/XXXX so we had some hardship my husband lost his job XX/XX/XXXX they gave me a deferment but the problem with that was my husband is a truck driver and the weather was bad last winter when he found another job so I had pay things by myself so I get tired of Green Tree sending people to the house trying collect a house payment so XXXX XXXX I talk to XXXX XXXX at XXXX XXXX XXXX and she talk to Green Tree trying get our house payment modified but they said they could n't do it because our home is XXXX XXXX XXXX and they do n't do government loans and we had to do in house get our home modified and the lady we need talk too is XXXX at XXXX EXT XXXX for modification and she the only person that can handle I call this lady about XXXX times a week and leave message but she do n't return no calls so I spoke to someone at green tree and the answer they gave me is keep trying because she the only person that can handle my loan please look into this for me because it do n't showed on my credit that I do own a house my account representative is XXXX XXXX at XXXX ext. XXXX account number is XXXX and I be talking to her so I ask for another deferment to catch our payments up and her manager did n't approved it they tried place me on payment plan to pay XXXX for XXXX months I ca n't afford that my payment a month now is XXXX the reason why they did n't approved it because we not facing any hardship and they hate waste a deferment when we do n't need it,Mortgage
10804,"As of XX/XX/XXXX my home loan was transferred by the XXXX XXXX XXXX to Ocwen. XXXX told me that I had to make my loan payment of {$3600.00} early prior to the transfer. They said that Ocwen would be notified and that the advance payment would be applied to my first payment with Ocwen. This did not happen. The transfer was botched and Ocwen insisted on requiring an escrow account for my loan even though in 30 years of making loan payments there had been no escrow requirement. Because of the extra amounts that they demanded for the escrow, they have claimed that my loan was paid late and was insufficient. I have written to CFPB about this and you were successful in limiting some of the penalties inflicted by Ocwen although they still maintain {$350.00} in late payment fees. 

I would like to have this carry-forward charge removed. I would also like to remove the credit dings ( two late payment indications ) -- - XXXX by XXXX and XXXX by Ocwen for XX/XX/XXXX and XX/XX/XXXX. I have no late payments on my home mortgage record for over 30 years, and no late payments on any of numerous credit cards -- -only these two late payments inflicted by XXXX XXXX XXXX and Ocwen which occurred because of this loan sale that I did not request. 

I have referenced this matter in case number XXXX and case number XXXX. Those have more background for this long standing big bank misbehavior. 
Thankyou for helping. 

XXXX XXXX XXXX XXXX XXXX XXXX XXXX XXXX, WA XXXX XXXX",Mortgage
10805,I just got out of the hospital and found money to pay my bills. I paid part of them and went the next day to do the rest. the XXXX dollars was missing. I contacted Chase and found them not willing to help. I need the money to pay bills. They had no right to take it from me. I have the printout from them showing XXXX amount. I would like them to work it out. But they will not take my calls. dates : XX/XX/2022 XXXX amount. was XXXX on XX/XX/2022. no money in there now.,Bank account or service
10806,I over paid in error XXXX payments of {$8000.00}. XXXX on XX/XX/XXXX and not knowing that I had already sent it I sent the same payment on XX/XX/XXXX. I am trying to get the second over payment in my account back. they have been telling me it is pending for XXXX  days now. Today they tell me they will process it today and it will take another XXXX to XXXX business days to get back to me. I told them tXXXX XXXX XXXX  it to me. I will have them deduct the XXXX  XXXX cost from my refund. They refused to do anything. I believe they think I am a nuisance and are trying to make sure I have to wait over a month to get my money. How long of an investigation does it take to see that there were XXXX payments made and only XXXX was XXXX Now I am carrying a large XXXX XXXXredit balance. They do not want to accommodate me the customer service is non existent.They will not take it to a supervisor or someone that maybe able to see I need my over payment.I should not have to wait a month for an overpayment.,Credit card
10807,"Ocwen Mortgage not only charges a late fee if your mortgage payment is past is grace period, but also a {$10.00} "" rush payment '' fee/ convenience fee. '' They wo n't take the payment unless its through XXXX XXXX, and XXXX is the one actually charging the fee. It 's unfair that their online system will not just accept the payment. For example if my payment was due on XXXX XXXX, and I do n't pay it until XXXX XXXX it charges a regular late fee, which is ok, but they will not accept the payment unless its through their XXXX XXXX it 's just seems unfair that they will not let me just pay my bill!",Mortgage
10808,"I received two letters from Chase Bank about two grocery deliveries ( Claim numbers XXXX and XXXX that I disputed the charge for that required a signature at the time of delivery. I can promise you there was no signature or not my signature because I did not receive the items. 

I am requesting that Chase give mail me all of the evidence that they based this decision on. Now my account is overdrawn wrongly by {$86.00} this combined with them sending me an email that my account was overdrawn when it was not ( which I filed another complaint about ) is starting to look like a matter that involves discrimination.",Bank account or service
10809,"Since late XX/XX/XXXX, I have been working with Capital One who finances my auto loan to get my car, bought out of state from Massachusetts, registered in my home state of Colorado. After calling their customer service several times, I was given misleading information about how to obtain a lienholders agreement. A representative erroneously instructed me to send the Mass. title to them. When I called in the Fall to get the title back or mailed to the Colorado DMV, Capital One refused. After many repeated attempts to call and submission of an online complaint in my account, Capital One still refuses to comply, so I am unable to register my car , drive it, or sell it if I wanted. I've been without a car for months now, going now into XX/XX/XXXX! I urgently need help to mediate with them to send the Mass. title to me or my local DMV so I can get my car registered.",Consumer loan
10810,"I legally changed my name in XXXX, however, despite going into the branch and having the name change processed. The name was updated on my end, I was reissued a new card. However, Chase continued to send me mailings in the old name. 

After struggling to get any support, I finally emailed Chase Executive team on Monday, XX/XX/XXXX to ensure the name was updated on all of their ancillary systems. I received a call from XXXX on Friday, XX/XX/XXXX informing me the changes were made. 

While traveling from XXXX  to XXXX XXXX, XXXX  I was unable to access the account via the web. Upon calling, I learned the account had been closed by Chase. I was traveling with no access to a working debit card or funds. I went to a branch in XXXX XXXX, but was advised a temporary card could not be issued and they were unable to revert the changes made in error. 

- At this time Chase does not know why my debit card was closed - At this time Chase does not know why the associated debit card and web account was closed - There is no option to provide a temporary card ( per the Branch Manager in XXXX XXXX and per XXXX ) - I was advised the cancellation of my card can not be reversed - I was advised that my card ending in XXXX does not show in Chase 's history as a valid account, and as such you are unable to revert the changes that were done in error. The card was used the week of contact with Chase. 
- I am being told nobody knows what happened and to expect a response by Friday, XX/XX/XXXX - I was told the name was correctly updated and should reflect in 1 - 2 billing cycles. However, I have a hard time believing this. Where would the changes reflect if my association to the account was removed by Chase? 
- I was left in XXXX XXXX with no access to my debit card and/or funds. I was forced to use a credit card.",Bank account or service
10811,On XX/XX/2019 my mortgage was transferred from XXXX to Mr Coopers. I made my XXXX mortgage payment to XXXX and they cashed my check and funds deposited in XXXX XXXX. When the mortgage was transferred my XXXX payment was supposed to have transferred. I waited till XX/XX/2019 to check my account at Mr Coopers and I found that my XXXX payment was not posted to my account. I called XXXX on XX/XX/XXXX and could not get past the customer service operator. The best that she could tell me was the loan and everything that went with the loan was transferred to Mr Coopers XXXX XX/XX/XXXX. I called Mr. Coopers on XX/XX/XXXX and again could not get past the customer service operator and all she could tell me was I owed {$620.00}. For 25 days of calling both company 's I finally Got a person to give me some direction on what to do. She told me she started a missing payment complaint. I told her I had Canceled checks of my payments as proof my mortgage payments were made. She told me to send copies and gave me the address. I sent copies to the address certified mail and they were delivered to that address on XX/XX/2019. As of today XX/XX/2019 I have not heard from Mr Coopers nor has my problem been fixed. I did Make another payment on XX/XX/2019 on bill pay to keep from getting a bad credit report. As of this date XX/XX/XXXX I show I should be paid up till Through XXXX next payment due in XXXX. Mr Cooper has me as being paid through XXXX next payment due in XXXX.,Mortgage
10812,"A small business checking account was opened in my business ' name without my authorization. It was not authorized by anyone associated with my business. This is fraud. I have already called the company to close my account. They wanted all of the sensitie personal information, but as this is the issue, did not provide it. I was informed that this Fraudulent account would be closed. I received a statement for the account for last month showing that the account has not been closed. I called today and received no help and the account is still open. Please help in closing this account.",Bank account or service
10813,I have applied for a refinance with my existing mortgage company. I was approved initially and have been waiting for approximately a month for the final closing. Freedom Mortgage has failed to communicate in any effective manner during this time and finally I called them only to find out my refi was denied for a late payment. Previously my mortgage was handled by XXXX XXXX at which time there has been issues with payments not properly being applied and transferred when the mortgage was sold to Freedom Mortgage. When I discovered this I began working with Freedom Mortgage to address and investigate where the payments went wrong. I provided proof and bank statements showing that I did indeed make all payments on time each month. I was put in forbearance to avoid any negative impacts and give me time to investigate/correct the errors. I have brought my mortgage current while in forbearance and applied for the refinance. I am not being denied with no communication or explanation. The loan officer assigned has refused my call as has his management. I have NEVER been late or missed a payment. I wasted a month trying to refinance with a company that clearly does not care about its customers.,Mortgage
10814,"We have been under contract for the past XXXX  months trying to sell our home by transferring the assumption if our XXXX  Loan. Repeatedly, we have asked for clarity on the delays in closing and why redundant documents are being requested from the buyer. I don't understand if this is incompetence or being done in malice. These repeat delays have caused our VA loan to go into foreclosure and there has been no solutions offered by Planet Home. We have lost money and this has placed a significant financial burden upon us due to the negligence imposed by the practices of Planet Home. The buyer has made several statements about pulling out. If that happens at this point we will lose our home and we will be forced into foreclosure. No buyer would hold on for a XXXX  month closing process. Right now, we have a qualified buyer but I'm not sure how much longer they will hang on. Our realtors keep trying to get this to the end but the required docs keep changing or buyer is asked for the same documents. I have been begging for just some help through this platform and of all parties involved. We just need help. Please see the attached email from our realtor to Planet Home assumption department.",Mortgage
10815,"In the process of rebuilding my credit and Ive noticed a collection on my consumer report from I.C. System Inc the original creditor is XXXX date opened was XXXX XXXX, XXXX   and the amount is {$97.00}. The reporting of such inaccurate information has caused server damage to my character, my reputation, my general mode of living and my ability to obtain credit for personal and household purposes. You and your inaccurate reporting have damage my livelihood of being credit worthiness. According to 15 U.S. Code 1681s2 - Responsibilities of furnishers of information to consumer reporting agencies",Debt collection
10816,"On XXXX XXXX a collection with National Credit Adjuster hit my credit before I was legally allowed to validate the debit. I called the collection agency and was told that the letter of notification was sent on XXXX XXXX to inform me of this debt. Im in the process of closing on a home, so I was advised by my financial counselor to pay the debt, as it would negatively affect my closing. The debt was paid on XXXX XXXX and the funds cleared on XXXX XXXX.",Debt collection
10817,"PNC Bank is continually causing issues with my bank accounts. I had to close an account because they kept switching transactions around to cause my account to become overdrawn. I was told to watch my accounts closely so that I am not the XXXX causing overdrafts. Recently, before leaving home, my accounts ( Reserve and Spend ) XXXX had positive funds. I went out for the evening, realized that I needed to transfer funds from XXXX to spend to cover my activities of the evening. I made the transfer and again checked both accounts. XXXX accounts had a positive balance. When I woke up, XXXX accounts were overdrawn!!! This was confusing and angered me. Because of the bank messing up my account, I had a small check come through that they returned for NSF and then charged me an OD fee. It has been a down hill battle since Thursday XXXX XXXX. I have sent them XXXX complaints and all I am being told is they are looking into it. NOW they have XXXX of my accounts in the negative and when looking at the transactions, they have them completely in an order that will only benefit them to keep returning things and charging me OD fees. With online banking, they constantly change the order transactions occur so from hour to hour or day to day, the account never looks the same. They tell us to keep track and watch our accounts but that does n't help when THEY manipulate your account to benefit them!!",Bank account or service
10818,"XXXX XXXX XXXX placed a collection account on my credit report. The alleged debt is for the amount of {$3600.00} and the account number is listed as XXXX. 

I have disputed this alleged debt in the past, and the collection agency has not provided me with competent evidence that I am legally obligated to pay.",Credit reporting
10819,I think I am a victim of a hacked account and bad check scam. Around XXXX PDT XX/XX/2020 I received an email someone not me had mobile deposited a check into my account. When I logged into my account it showed my account was locked and did not let me access my money. I tried calling all the Bank of America NA and XXXX XXXX XXXX XXXX numbers and waited upto an hour without response.,Bank account or service
10820,"On XX/XX/2019 I reached out to XXXX XXXX loan officer for chase bank, ID # XXXX, in connection with a home refinance loan. After many emails back and forth discussing credit, income, and fico score specificities, Mr. XXXX said via email, based on your information, and after speaking with my manager, we are able to provide a loan to you. Believing that Mr. XXXX, acting on behalf of chase bank and its affiliates, requested my personnel loan application for loan process. I then provided my personnel information, and a credit pull was executed on my credit file. Again, Mr. XXXX ensured me that he would begin work on my loan immediately. However, after 4 days past, I was still inquiring for a response back from chase regarding the loan process, by which Mr. XXXX finally responded and said, sorry, credit was denied. When I asked why, he stated, rates change everyday. I believe that Mr. XXXX, and Chase Bank made misleading and false promises Im order to acquire my private information, and then deliberately lied to me, and discriminated against me for no apparent reason. I am a very credit worthy person, with many current and on time payments, income, and fico score. Mr. XXXX and chase bank have damaged my credit file, and also made false and misleading promises in order to acquire my information, and then denied credit of merits that did not pertain to me. I demand that chase bank remove the inquiry on my credit file, and compensate me for causing damage to my credit, and creating a negative impact to my ability to achieve my credit goals. This is based on the evidence I have in emails sent to me directly. This is a blatant and malicious act that must be addressed and corrected immediately.",Mortgage
10821,"Complaint is on Money Gram service, where I tried to send {$1100.00} to my sister due to an emergency. I used my charge card and the transaction is pending, and Money Gram notified me that the money was ready for pick up. When my sister, XXXX XXXX tried to pick up the money, she was told to have me call Money Gram. They transferred me on the phone, around and around until I finally got someone to say that they were cancelling the transaction, due to suspicious circumstances, whatever that means. I gave them all my information, including my license number to no avail. Each person I was transferred to was more and more frustrating to deal with. Eventually I used another service agency with no problems at all. The problem that I have now is that they cancelled the transfer, yet did not reverse the transfer with my charge company, so the transfer still shows pending, and I have my available money with my visa held up in this pending situation. All of the details are on the attachment enclosed. I will never be using this company again. Although I have used this company many times in the past, never have I had such a problem, with them offering no real reason for what they did.",Money transfer or service
10822,"I initially expected to pay the loan down with increased payments to lessen the interest charges. As I did this and made those earlier and higher payments, they in turn began to change their payment plans thereby increasing the interest monthly charges. This process to me violated my already contracted loan and my attempts to pay it down to regain my title. 
At XXXX time I believed they were working with me giving me a new XXXX months payment allotment to pay off the loan. The payments were higher than the monthly interest rates so I assumed and believed I read I the provided terms page that paying the higher amount each month would be sufficient to pay off the loan. The local store indicated no and were unable to access the agreement term ending XX/XX/XXXX. 
I am asking that this method be done again as the original loan take XX/XX/XXXX, at {$2300.00} has now bloomed to $ XXXX though I again attempt to pay {$50.00} + overage on any payment made per month an yes sometimes in installments throughout the month since I am paid biweekly. 

They aren't willing to work with me at the local store. I believe due to my racial ethnicity.",Consumer loan
10823,"Dates : XX/XX/XXXX, XX/XX/XXXX Amounts : Credit limit {$900.00} Balance {$1200.00} Action being taken by the company is reporting after 7 years which is a clear violation of the Fair Credit Reporting Act.",Debt collection
10824,I sent money through Zelle to a fraudulent company. I tried to get the money back from the company but went ignored. I tried to contact Zelle and my bank and was told by both that there was nothing that they could do.,Money transfer or service
10825,"My fixed mortgage account was being held with XXXX XXXX XX/XX/XXXX, and then apparently was sold to Freedom Mortgage either XX/XX/XXXX or XX/XX/XXXX without me being notified. I had auto pay setup for my mortgage with XXXX, so was not aware this change had occurred. Months later, I received a call from Freedom Mortgage stating that I was past 60 days late on my payment. I was very dismayed by this as this was clearly a direct result of me not being properly notified that my account had changed hands. I have never been late on a payment EVER and I paid off the balance as fast as I could. Fast forward to this month ... I was casually checking my credit score, and noticed that it had drastically gone down. I had no idea what caused it, but as I investigated further, I saw that I had been 'dinged ' due to a payment to Freedom Mortgage being over 60 days late. I could not believe this as, after I had spoken with customer service at Freedom Mortgage, I thought we had an understanding. Please help me correct this issue! Thank you so much!",Mortgage
10826,"On XX/XX/year>, I attempted to transfer approximately {$10000.00} USD worth of XXXX and XXXX from my PayPal account to an external crypto wallet. The transfer failed, and I received an error message stating it could not be completed for security reasons and to try again later. 

I immediately contacted PayPal customer support. The agent explained that this was a temporary security restriction and advised me to wait 7 days before trying again. 

On XX/XX/year>, after waiting the full 7 days, I attempted the transfer again including trying both the full balance and smaller amounts ( e.g., {$110.00} ) but every attempt resulted in the same security error. 

When I contacted customer support again, they informed me that : They could not override the security block. 
They could not provide a specific timeframe for when Id be able to transfer. 
The issue was due to their heightened security review process for crypto transfers. 
The only working alternative was to sell my crypto through their platform, which carries a 2 % fee, instead of transferring out at the 1 % transfer fee.

Effectively, this means PayPal is blocking me from moving my own assets while still allowing me to sell through their platform which would force me to incur a higher fee and trigger a capital gains tax event that I was trying to avoid by transferring to an external wallet.

Support repeatedly acknowledged they had no way to remove the restriction or give any timeline, and I was told to just wait and try again later without any resolution. This has been going on since XX/XX/XXXX, with no clear end in sight. 

I believe this practice is unfair and anti-consumer, as it prevents me from freely accessing and transferring my legally owned crypto assets and effectively pressures me into a more costly transaction.",Money transfer or service
10827,"Dear CFPB, I am writing to you because its a nightmare dealing with Fay Servicing XXXX  representatives from the Loss Mitigation Dept.  At the beginning of this year i applied for a loan modification which it took 3 months for someone to return my call, i finally i was able to speak to a representative by the name of XXXX XXXX phone # XXXX XXXX who told me that my application was lost by and i needed to re submit all my documents all over again. 
Which i did i faxed and mailed all my documents lettting them i needed help since my mortgage its adjustable and my payment had increased substantially and we weren't able to afford it. 

The pandemic came and hit us very hard with our financials, as well as our health. XXXX XXXX finally confirmed that she received my documents and to wait a few months for a decision. 

Now after so many months under review, Fay Servicing and XXXX XXXX who is the representative assigned finally answered my messages and told me that because of my Bankruptcy that i filed before the investor of the loan feel that i didn't deserved to keep my home. 

I was shocked and concerned since this is clearly discrimination, i requested for her manager and since almost 1 month ago XXXX XXXX refuses to have her manager return my call. 

Now every time that i call they keep telling me i need authorization in writing my self to speak to my self. which it doesn't make any sense since im the one on the loan. 

Every time i called its a different story and when i request for a manager they hang up on me. 

i don't know what to do to stop this discrimination against me and my family. i do appreciate some help with this matter. thank you.",Mortgage
10828,"Around XXXX in XXXX, the company locked my account and prevented me from doing any trading activities, and inform me on the website that I should check my email and follow the guidance of the email to verify my account. But I checked several times each corner of my mailbox and confirmed that they did not send my any email about account verification. 

In the following months, I tried several times to reach out to customer service on their website to fix my problem, at that time they were able to inform us the approximate time that we have to wait in the queue to get to customer service. 

In the first time, the customer service robot told me to wait 30 minutes to get to customer service, I was busy at that time so I missed that chance and was AFK, failed to talk to customer service. 

The second time the bot told me to wait about 200 minutes in the queue, I waited but in the last few minutes the website displayed "" some error '' and I have to retake the queue. 

In the following times, each time I have to wait about 100 minutes more than last time. And that is almost impossible for me to stay in the same place several hours just to get to talk to someone. 

In XX/XX/year>, I really want to unlock my account, so I tried again, this time more than 700 minutes I have to wait in the queue. After about a whole day, in the last 30 minutes in the queue, the website again raised the error of disconnection, and I have to retake my queue.

And that was the last time they provide the approximate time that we should wait in the queue, in next few times of my attempts, the bot only inform me to keep waiting every 30 minutes, I
can never unlock my account and never receive the email they told me to read.",Money transfer or service
10829,"I was the victim of a scam through my PayPal account. Scammers gained access to my account fraudulently and requested a payment for {$500.00}. As I researched the request a pop-up box came up in the PayPal application telling me to call a phone number to fix the issue. When I called the number, the individual stated that he was a paypal representative. He had access to my information and told me that they needed to secure my account and took me to several protocols, resulting in forcing me to perform a "" dummy '' funds transfer from my checking account in order to fix the issue in my PayPal account. I believed that the person was an employee of PayPal because all correspondence came through the PayPal application and not a secondary entity or application, like email. I later found out that it was the scammer I was communicating with and the "" prorocols '' he took mt through caused me to lose {$720.00}. When I later contacted PayPal, I was informed by a representative that they were aware that accounts had been compromised, yet I never received a notification to that effect. If a company knows that their customers ' accounts have been compromised they should do their due diligence and let the customers know. PayPal has informed me that since the funds did not come from my account with them that there is nothing they can do to make me whole. However, this scam is directly linked to their inability to secure their platform and they should be assisting affected customers in obtaining the funds that were lost.",Money transfer or service
10830,"XXXX XXXX XXXX has been non compliant, by not reporting the payments and correct balances to the CRAs for more than 61 days The past 2 weeks XXXX XXXX XXXX falsely represented that they were reporting correctly, which you may see on the transunion from today at XXXXXXXX XXXX which can be verified with the metadata for the file, as well, as the last check on transunion report, not having any reports, since XX/XX/year>. Attached you may see the statement of account proving the false representations to the CFPB. WE ALL KNOW HOW SERIOUS, FALSE REPRESENTATIONS TO AN AUTHORITY ARE. Attached is the evidence of the crime.",Credit reporting
10831,"I HAVE TRIED TO COMMUNICATE WITH SAID DEBT COLLECTOR LVNV FUNDING LLC BUT WHEN INQUIRE ABOUT THE FRAUNDULENT ACCOUNTS ONE OR MORE OF THE ACCOUNTS SEEMS TO BE SERVICED BY YET ANOTHER DEBT COLLECTOR RESURGENT CAPITAL SERVICE. ALL I HAVE RECEIVED IS A BIG RUN AROUND. I HAVE SENT ALL INFO IDENTIFYING MY IDENTITY, AS WELL AS A NOTORIZED IDENTITY THEFT AFFIDAVIT TO LVNV FUNDING IN XX/XX/year> WHICH THEY REQUESTED AND I PROVIDED WITH NO RESPONSE OR RESOLUTION.",Debt collection
10832,"RESURGENT/LVNV FUNDING XXXX XXXX XXXX XXXX, SC XXXX XXXX ) XXXX Re : Account Number : __ XXXX To Whom It May Concern : Pursuant to my rights under the Fair Debt Collection Practices Act ( FDCPA ), I am requesting that you cease all communication with me regarding the above-referenced alleged debt. You are hereby instructed to stop contacting me by telephone, text message, email, or mail concerning this matter, except as permitted by law to notify me of specific actions you intend to take. This letter is not an acknowledgment of liability for the debt, nor is it a promise to pay. I reserve all rights under federal and state law. Please confirm in writing that you have received and complied with this request. Sincerely,",Debt collection
10833,"I am submitting this complaint regarding Goldman Sachs Bank USAs handling of my Apple Card credit limit, which I believe constitutes an unfair and harmful credit practice.

Goldman Sachs previously reduced my Apple Card credit limit from approximately {$4000.00} to {$500.00} following a temporary and short-term dip in my credit score. This reduction occurred despite my account being in good standing, with no missed payments, delinquencies, or misuse of credit.

A credit limit reduction of this magnitude significantly increases credit utilization, which is a major factor in credit scoring. As a result, the banks action itself caused additional negative impact to my credit profile and materially reduced the usability of the card. At a {$500.00} limit, using the card responsibly without risking high utilization is impractical.

After my credit score recovered from the temporary dip, I requested a credit limit increase. Goldman Sachs denied my request and stated the reason as : You recently received a credit limit decrease on Apple Card.

This creates a circular and punitive outcome where : The bank lowers my credit limit due to a temporary issue that no longer exists The reduction causes ongoing credit harm The bank then refuses to restore or increase the limit because it previously lowered it At no point has Goldman Sachs evaluated my request based on my current creditworthiness. Instead, the bank is relying solely on its own prior adverse action to deny relief.

This practice unfairly penalizes consumers, inflates utilization ratios, limits access to credit, and can trigger further negative actions from other lenders. It effectively traps consumers in a prolonged state of reduced credit through no fault of their own.

Consumer Harm Artificially increased credit utilization Ongoing negative impact to my credit score Loss of meaningful access to credit Increased risk of adverse actions by other creditors Apple Card rendered largely unusable",Credit card
10834,"Incorrect information on credit report Collection account reported inaccurately.

This account is reported as a collection without proper documentation. The reporting is inaccurate, incomplete, and unverifiable.

Legal Violations : 15 U.S.C. 1681e ( b ) : Credit bureaus must ensure maximum accuracy ; reporting unverifiable information violates this requirement.

15 U.S.C. 1681s-2 ( a ) ( 1 ) ( A ) : Furnishers may not knowingly report inaccurate information.

15 U.S.C. 1681s-2 ( b ) : Once disputed, the furnisher must conduct a reasonable investigation and remove unverifiable accounts.

15 U.S.C. 1692j : Collection activity without proof of ownership, signed agreement, and itemized billing is unlawful.",Debt collection
10835,Parties involved is Capital One. Capital One XXXX. I originally booked hotel for the dates XXXX XXXX. Something came up personally and I canceled it but it ended up resolving so I rebooked it. Both were nonrefundable. When I went to checkin the hotel informed me that I had XXXX reservations even though I cancelled XXXX. And they told me to contact the booking agent as they can't do anything in their system. The hotel just checked me into the cheaper reservation out of consideration through no fault of their own I reach out to Capital One XXXX and they said they can't do anything on their end and require an approval. But they're the booking agent coordinating the refund. It's becoming a he says she says. While I do admit I couldve booked a refundable rate. It is completely unacceptable for the booking provider to not have the other XXXX canceled,Credit card
10836,"I was under forbearance agreement due to XXXX and it was ended by the end of XXXX with Citizens One Home loan. I did pay XXXX, XXXX, XXXX, XXXX, XXXX and XXXX during XXXX and XXXX. 
Citizens One reported me as 90 days late and this reduce my credit score by 120 points.

I was in the processing of refinancing my home loan with XXXX XXXX XXXX. XXXX XXXX XXXX asked Citizens one for payoff balance for over 6 weeks and they couldn't got the payoff balance from Citizens which caused more delay. I spoke with Citizens many times that I am in the middle of refinancing my house, but the didn't give us the payoff balance till the beginning of XXXX. All this delay impact my credit score and XXXX XXXX can't refinance my loan because my credit score is very low. my credit score dropped from XXXX to XXXX. I filed a complain with Citizens One and they said it will take 3 weeks to make a decision which it could be not fixing this issue. 
My loan number is XXXX. 
Could you help me to adjust and fix my credit score to be able my home loan. 
my wife and I are essential workers in the medical filed.",Mortgage
10837,2022 around XXXX XXXX. Check was for like XXXX I believe and they never returned the check they have my account closed and the money just sitting there weve tried verifying in every which way they said she had to have a phone in her name which she did at XXXX point they still said it wasnt showing up I. The system its going on XXXX no check has been reissued back to the irs XXXX Theyve denied every verification process we presented.,Bank account or service
10838,"I have not received an accurate pay-off figure in writing for the debt I am being asked to pay. I have received a total balance demand with no supporting evidence of amount applied from Social Security garnishment or tax rebate applied, which was also garnished. 
Enclosed is all the information I have received. XXXX no longer has my account available on their website. I want to receive information in writing from FH Cann or the US Dept of Education. 

I sent a formal request for information using the sample letter provided from this web site on XX/XX/XXXX. I also asked in writing to receive all correspondence through the mail.",Consumer loan
10839,"XXXX XXXX, XXXX, Consumer Date of Birth : XX/XX/XXXX, Contents of Complaint : This CFPB complaint has been filed to request pursuant to FCRA 605B ( 15 U.S.C. 1681c-2 ) that you, the Equifax credit reporting agency , block information appearing on my consumer credit report that is the result of identity theft and fraud within 4 business days of you receiving this complaint. This fraudulent, inaccurate, and false information consists of a collection account opened at XXXX XXXX XXXX on XX/XX/XXXX with a balance of {$110.00}. These account have resulted in several fraudulent hard inquiry and fraudulent collection appearing on my consumer FICO credit report. I've attached a list of the hard inquiry in question as well as a copy of the consumer FICO credit report maintained by you which shows the aforementioned fraudulent items. I do not recognize the aforementioned collection, or hard inquiry as reported. The aforementioned collection, and hard inquiry appearing on my consumer credit report maintained by you were not opened, made, or initiated by me. All of the aforementioned collection, and hard inquiry are the result of identity theft and fraud. I have attached a copy of FTC Identity Theft Criminal Complaint # XXXX as proof from the XXXX Federal Trade Commission that all of the aforementioned consumer collection, and hard inquiry are the result of identity theft and fraud.",Credit reporting
10840,"Previously filed a complaint with you regarding Capital One fraud attenmpt to collect {$7600.00} in fraudulent cash transfer claim. Referfernce CFPB # XXXX. 

I thought you had resolved this attempted action to tap my checking account for over {$7600.00}. Capital One issue me a new credit card in responds to my filing a complaint with you. I thought this card was cleared of the fraudulent transactions, only to find they flipped all the fraudulent transactions on to this card. they used this cards number to access my XXXX XXXX checking account for a payment in XX/XX/2023. XXXX XXXX took this payment back. They again went into my checking account in XX/XX/2023 using a Walmart "" Merchant '' number and took out more money, which XXXX XXXX took back. 
XXXX XXXX advised me to close the checking account I've had for over 20 years as they can not stop Capital One from using the "" Walmart Merchant '' numbers to access my account, as they have thousands of them. 

XXXX XXXX continued to harass me by posting false claims regarding this issue on every Credit Bureau service. Destroying my credit rating, that before Capital One attempts at Bank Robbery was over XXXX, and now in in the low XXXX. 

To add further harassment, they have turned over this fraudulent claim to a collection bureau, XXXX XXXX XXXX XXXX XXXX, XXXX XXXX XXXX, XXXX XXXX, MN XXXX. 

I am XXXX, sick and need your help!!! Please Stop Capital One NOW! They shouldn't even be allowed in this country! They obviously are breaking the law in attacking my bank account and credit report repeatedly. XXXX XXXX has never received a cash transfer from Capital One to my checking account. For ANY amount. Not {$5200.00}, Nor {$2400.00}. These amounts were NEVER posted to my XXXX XXXX accounts!!!!!! AS I reported to you previously. 

Also do something about them ruining my credit. Is this against the law? It should be.",Debt collection
10841,"XXXX, XXXX and TransUnion have been notified that I am a victim of Identity theft, that my PII was leaked by multiple data breaches. FTC Identity Theft report has been provided to XXXX, XXXX and TransUnion. All XXXX CRA 's have failed to conduct proper reinvestigations prior to assembling and providing inaccurate information on my reports regularly. All XXXX CRA 's are unlawfully reporting fraudulent accounts under "" XXXX XXXX, '' '' XXXX, '' "" XXXX, '' "" XXXX XXXX XXXX, '' "" XXXX XXXX  XXXX, '' with incomplete information and are failing at providing the substantial proof of these accounts. All XXXX CRA 's have caused me great harm in relying upon the information of Identity Thieves and other bad actors and are failing to protect me as the consumer yet they're capitalizing off the use of my XXXX XXXX XXXX. I revoke prior consent for XXXX, XXXX and TransUnion to use my PII data. ALL CONSUMER REPORTING AGENCIES must delete the fraudulent information and provide a copy for my approval until the credit report and score is full, complete, and accurate.",Credit reporting
10842,The amount listed was already paid by my dental insurance provider. Now they want me to paid them more money. They have reported this to all three credit bureaus. This is not fair. This is hurting my credit status.,Debt collection
10843,"I bought a warranty plan for my hot water heater, that was supposed to cover product replacement and installation. the water heater started leaking and Lowe 's told me, that they could not find a service provider in my area to install or fix the heater. They paid for the new hot water heater with a Lowe 's card {$620.00} which was {$10.00} short for the newer model after finally getting back to me after 2 weeks and water running in the tenants home. They sent me a second card with the wrong name and I had to pay {$800.00} plus new hoses for installation out of pocket. This whole ordeal took 1month, during which the water kept running into the house. This can be validated by XXXX XXXX, a manager at a Arizona XXXX 's who did her best to help us for more than an hour.",Debt collection
10844,FIRST PROGRESS SECURED CARD DOES NOT ANSWER PHONE OR RESPOSE FROM MAILING MY COMPLAINT THEY STATE THEY WILL REPORT TO ALL CREDIT BURUES THEY HAVE NOT DONE SO AS STATED ALWAYS WRONG INFO THAT HAS HURT MY SCORE NOW I HAVE A LETTER THAT SAYS I HAVE BALANCE OF XXXX AND A CREDIT LIMIT OF XXXX BUT WHEN I PULL UP MY ACCOUNT IT SAYS I AM NEGATIVE MONEY NO AVAILABLE CREDIT,Credit card
10845,"Affiants ' personally identifiable information has continued to be trafficked by third parties without consent or copyright license through an organized criminal scheme aimed at depriving liberty under the XXXX of law. XXXX has been impacted by this scheme in a new manner : through companies engaging in impersonation and unlawful conversion for extortionate extension of credit by infringing upon copyright laws for the purposes ofXX/XX/XXXX. 

These companies falsely portray themselves as lenders, when in fact they are unlawfully extending credit using the affiants ' own credit, while keeping the par gold spot rate value, by deception and without disclosure. They engage in copyright infringement by exploiting affiants ' copyright-protected indigenous property for their own financial gain, a form of modern slavery. 

In these actions, they knowingly conspire to traffic in materially false statements to willfully and unlawfully possess, use, store, and traffic copyright-protected indigenous property. This constitutes a flagrant infringement upon XXXX 's exclusive rights as a copyright holder, protected under the XXXX XXXX 's copyright registration XXXX, with the XXXX accession XXXX.",Credit reporting
10846,"XXXX XXXX XXXX XXXX XXXXXXXX XXXX XXXX XXXX XXXX XXXX Collection Agencys Name and Address LVNV FUNDING LLC Dear Sir/Madam : I am writing in regards to the above-referenced debt to inform you that I am disputing this debt. Please verify the debt as required by the Fair Debt Collection Practices Act. 
I am disputing this debt because I do not owe it. 
Because I am disputing this debt, you should not report it to the credit reporting agencies. If you have already reported it, please contact the credit reporting agencies, inform them that the debt is disputed, and ask them to delete it from my credit report. Reporting information that you know to be inaccurate, or failing to report infor- mation correctly, violates the Fair Credit Reporting Act. 
Finally, please note that I do not wish to receive further telephone calls or letters concerning this debt that I do not owe to your client. The Fair Debt Collection Practices Act requires you to respect this request. See 15 U.S.C.

1692 ( c ). 
Thank you for your attention to this matter. 
Sincerely,",Debt collection
10847,"XX/XX/XXXX  asked for the form to be sent to me and when I click on it, there is no loans available. However, they are asking me to pay on a loan that they say does not exist. It took 3 months to get an answer about the hardship and because I asked for a supervisor it was just a no, you have no available loans with Affirm but if you don't pay it we will go to an outside collection agency.",Consumer loan
10848,"On XX/XX/year> I called experience dispute department in regards to me not able to see my credit report since XXXX When I call to speak with a representative, they told me the reason why my score wasnt updated is because they didnt have any address on file I sent them a picture of my photo license and a copy of my most recent electric bill. Which are disputed I didnt got a confirmation that my dispute was ready, but they still havent updated my information. I called back XX/XX/year> and spoke to another representative and they told me that they were sorry that the person didnt update my information and they will update my information with my address to attached to my profile so that I can view my credit score, I didnt receive a dispute that my dispute result was and again nothing was updated to my credit score as of today Im unable to view my credit score for Experain I went to go purchase a vehicle on XX/XX/year> And I was unable to get car loan because theyre not able to access my Experain account And when I checked my Experain account against Is still giving me a message saying that theyre unable to update my credit score. Also, I have a membership with them and paid {$26.00} and change with them and they are robbing me of my money because theyre not updating my credit score. Please help me fix this issue and theyre not updating my report. I shouldnt have to keep disputing the same issue over and over.",Credit reporting
10849,"I got a credit builder loan ; whereas, I don't receive access to the money until the end of the loan payments. I tried to connect my new bank account on its "" site so payments can be automatically debited but it does not allow. However, the same bank account I tried to connect for payments to be debited is the bank account that is connected to funds deposited.

This cause high stressed as online support was not helpful and I would not get the max of my installment loan after paid. I in-fact receive the amount that was deposited from my old bank account, but the site won't let me update my account information and charge-off my account on my credit report when it still provided a deposit into my account it wouldn't let me connect at the end of the loan terms.",Consumer loan
10850,"I have two promotional balances on my credit card which I have made numerouspayments toward, but the balances are not where they should be. I have called Best Buy at least a dozen times since XX/XX/XXXX to try to resolve this, but they are not allocating my payments properly. I have paid {$3200.00} since XX/XX/XXXX and my minimum payments have been {$430.00} from XX/XX/XXXX through XX/XX/XXXX, leaving {$2800.00} to go toward my promotional balances, as I have requested over and over. The supervisor I spoke with last week finally managed to wipe out my first promotional balance of {$2200.00}. But, there is still a balance on my second one of  {$860.00}. The beginning promotional balance on that was {$890.00}, so my new balance should be {$340.00} after all the payments I've made, but Best Buy does not agree with me and says they will review it AGAIN. Also, the website is now showing my second promotional BEGINNING balance to be higher than it was. They have changed it from {$890.00} to {$960.00}. This is WRONG. I am attaching my statements supporting my promotional balance info, my payment info and minimum payment info. My XX/XX/XXXX statement with XX/XX/XXXX payment of {$200.00} is not yet available to send. I'm also attaching a screen shot of the change to my promotional balance from XXXX to XXXX.",Credit card
10851,"lam filing a complaint against Cash App ( Block , Inc. ) due to inadequate customer service and unfair practices, which violate the Consumer Financial Protection Act ( CFPA ). Specifically, Cash App failed to take timely and effective measures to prevent and address fraud on their platform, leaving my account vulnerable and unprotected Furthermore, their dispute resolution process was unfair and deceptive, as they did not comply with error resolution requirements under the Electronic Fund Transfer Act ( EFTA ) and Regulation E. These actions have caused significant inconvenience and financial loss, and I seek appropriate redress for these violations",Money transfer or service
10852,On XX/XX/year> I took a payment of {$1100.00} from XXXX XXXX XXXX XXXX XXXX for a service that I did for XXXX XXXX XXXX XXXXXXXX using Square XXXX XXXX the company card used for the payment had no chip so I had to manually enter the card numbers in order to take the payment. Two day later on XX/XX/XXXX I received an email saying my account was being reviewed and I would not be able to withdraw funds from my account. A few days later I received another email stating my account was being deactivated with no explanation also saying that I could not get my money out of the account for 180 days. This has done irreparable damage to me and my family as I had already paid out money for which I was being reimbursed.,Bank account or service
10853,"XX/XX/21 Enter a credit transaction to obtain a vehicle in accordance with TILA under the CPA. I was not given the full amount of my finance charge but was told I preapproved for some small amount that was less than half of the finance charge itself. Me knowing pursuant of 15 usc 1602, I was extending credit to myself, which means I shouldn't have been denied this Credit Transaction that took place.",Consumer loan
10854,"Hi, I am a Federally Protected Consumer. The Fair Debt Collection Practice Act is intended to secure my right to privacy and is intended to protect consumers against abusive, and deceptive debt collection practices, and I have been abused and deceived by XXXX XXXX XXXX XXXX XXXX. XXXX XXXX XXXX XXXX XXXX has knowingly and willfully violated the Truth in Lending Act ( TILA ). The Truth in Lending Act ( TILA ) was enacted by Congress to promote the informed use of consumer credit and I have been uninformed so be it. I have previously sent a Debt Validation Letter and Affidavit of XXXX XXXX XXXX XXXX XXXX. They received it certified mail and signed off at XXXX, on XX/XX/2021. As they have violated me as a Federally Protected Consumer. Within that document, it outlines their violations towards me and a way to rectify the matter. Please see the attached.",Debt collection
10855,"Bank of the West is charging me overdraft fees on the XXXX for purchases that cleared on the XXXX. Also edited the order of some other charges to maximize overdraft fees but apparently thats legal. XXXX the consumer over however you can. Thats capitalism. Should have let the banks fail. Smh. Anyhow, thats my complaint.",Bank account or service
10856,My problem is it with the company a XXXX XXXX they've been holding my money for three weeks they haven't transferred money to my bank account I use them as a credit card processor for my small business I've been trying to contact them every single day and nobody answers is just a machine I need to know what's going on and where is my money they hold in almost {$4000.00} I would like to get my money and cancel the account,Credit reporting
10857,"I opened an account with Truist online a month or so ago, I noticed that I was unable use my debit card and went into the bank to inquires to why. The banker informed me that there was suspected fraudulent activity and that they were in the process of losing all of the accounts. The issue is that I had gotten my first paycheck deposited into the account that morning. The banker kept my debit card and said they could not disperse any of my funds. I have had no money at all for going on a week. I called and went into several different location and can not get a clear answer about anything, most importantly, when I an have my money. I have been told that they sent am email to the department that closes accounts and that it takes up to 48 hours for a response, I called after two days and was told to all again after 24 hours. A this rate I am concerned that it will be weeks before I will see any funds that I worked hard for all of the charge on the accounts an deposits have cleared with no issues and I can not understand why I can not access MY money. I don't like getting the run around and I also can not understand why I ant get a single answer from anyone. I don't care that they're closing the accounts as Truist is clearly not a bank I need to be doing busyness with anyway, but I do care that I have no have money for gas, food, or bills. These are all things that are incredibly important and a massive stress has been placed on myself and my family because of this situation. they lure you in with the promise of a sign on bonus of up to {$400.00} but in return, this is actually what you're going to get.",Bank account or service
10858,"On XX/XX/XXXX, I was informed a dispute was resolved in my favor. The balance has gone back to XXXX. The representative confirmed no payment will be drawn from my account. 

However, on XX/XX/XXXX, I saw autopay drew {$48.00} from my checking account despite the XXXX balance. My BoA credit balance now has gone to XXXX. 

I called to get the XXXX out and corrected. I was told to wait XXXX to XXXX business days for the XXXX dollars to be send back to my checking account. 

XXXX days have passed. Balance stayed XXXX. 

On XX/XX/XXXX, I called again because balance was still- {$48.00}. A representative named XXXX picked up the phone, reassured me the balance will be refunded by XX/XX/XXXX. 

XX/XX/XXXX. No refund was processed still. I called again. The call took XXXX minutes. A representative now says it will take XXXX billing cycles to get the negative balance back. I was transferred to a XXXX, who now says the request was submitted as a "" payment error inquiry '', not a "" regular refund request ''. She will have to restart the process all over again and I will not see my refund arrive by at least XXXX or later.",Credit card
10859,"-Check Date XX/XX/XXXX -Check Amount- {$700.00} -Check made out to- XXXX XXXX -Provided the First XXXX XXXX routing and account number. 
-I closed out the account on XX/XX/XXXX -Nothing could be found while I was on the phone either time. 
My account was a XXXX XXXX checking account that was transferred to Key Bank as the companies merged. I've spoken to Key Bank twice providing all my needed contact details-Phone number, Email address, and updated mailing address.

1st phone conversation XXXX, promised a call back with information, no call was made to me.

2nd phone conversation XX/XX/XXXX, did receive a call back, but was advised the same details as the first call, "" I'll open a research request to have this reviewed for the check copy ''. I requested the check copy be sent by email as this is needed for a Court Case. I was advised no problem. I was advised that I would be followed up with in 3-4 days by a person from their research department advising of a status. This timeframe has come and gone and no communication by phone, email or mail has been received. 

This check copy is highly important and is time sensitive to me. I'm in no way confident that any action has been taken place by Key Bank. All details that were given to me, such as follow up have fallen through. I need help to get this matter resolved as it seems I've been forgotten about.",Bank account or service
10860,I've been a victim of identity theft and have been suffering punitive damages due to XXXX XXXX XXXX in the amount of {$3200.00} on XX/XX/2015 this account is fraudulent. It has been reporting my Experian! I've mailed out an FTC report # XXXX multiple times without a resolution!,Credit card
10861,"Multiple calls DAILY. I don't have a job, I don't collect unemployment, I have no freaking income and they have been told this and to STOP calling!!! Yet, they still continue daily from multiple numbers.",Debt collection
10862,"I am writing to formally express my concerns regarding Zelle 's handling of disputes, particularly in light of the recent CFPB lawsuit highlighting significant issues with the platform. Despite using Zelle numerous times and reporting discrepancies, my financial institution and Zelle failed to investigate my claims. I was informed that recovering lost funds was not possible. The CFPB 's findings indicate that Zelle not only neglected to protect consumers, but also allowed repeat offenders to exploit the system.",Money transfer or service
10863,"This is yet another additional occurrence and new complaint. Even with your enforcement division from claim XXXX XXXX XXXX now under investigation, Im awoken at XXXX by an alert on my phone saying call us at chase XXXX All accounts frozen. I call and the woman is even taken a back as was the people at the branch. Someone at chase is changing account numbers, then hiding them or making it difficult for branch people to identify. This is now right before my social security XXXX insurance is supposed to credit, naturally. As you saw earlier they attempted to bank charge under a freeze to have me on check systems which I had fraud look at and they reversed which foiled the banks plans. Luckily all accounts are at a positive balance, but I cant get in to lock my cards so no weird charges come in. Please help.",Bank account or service
10864,"Dear XXXX Office, I am writing to formally submit a complaint against Chase Bank regarding an issue that occurred on XX/XX/year>. I believe the bank 's actions were discriminatory and highly unprofessional, leading to significant financial and personal distress. 

Summary of Events : On XX/XX/year>, I opened a new account with Chase Bank Just five days later, on XX/XX/year>, my account was restricted by Chase Bank due to a request for immigration documentation.

I provided all necessary documents issued by the U.S. Department of State and Customs and Border Protection ( CBP ), including my I-94 form and DS-2019, which confirm my status as a J-1 visa holder.

Despite this, Chase Bank continued to demand documentation that is only applicable to individuals with lawful permanent resident status, which is not relevant to my J-1 visa status.

Due to this unjust restriction, I was flagged in the Early Warning Services ( EWS ) database, preventing me from opening a new account at another bank.

As a Syrian citizen with a residence permit in XXXX and currently in the U.S. on a J-1 visa for my fellowship at the XXXX XXXX XXXX XXXX have faced undue hardship due to Chase Bank 's mishandling of my case. 
It is essential to note that there is no federal law that prohibits individuals from XXXX countries from opening a bank account in the United States if they have a valid U.S. address and are not on the sanctioned list. Therefore, the restriction placed on my account based solely on my nationality is both inappropriate and discriminatory.",Bank account or service
10865,"Citibank told me before that savings and checks can be exempted from the maintenance fee of the checking account, totaling {$1500.00}. The maintenance fee of {$15.00} will be deducted from my account on XX/XX/year>. Citibank has no information to inform customers.",Bank account or service
10866,"I signed up for income-based repayment and have provided all the necessary information. I have been on a salary for 5 plus years and nothing has changed, yet they increase my payment every three months. Navient will not work with me and will not listen to when I  tell them just because I am a business owner, my K1 form for taxable income for a business profit IS NOT income that I actually receive I just have to pay the taxes on it. Then one loan with the co-signer ( XXXX XXXX ) filed bankruptcy and in her bankruptcy paperwork, it had navient in there as one of the loans that would be paid off through payments received from bankruptcy. Navient repeatedly incorrectly applied those payments to my other loan that she was not the cosigner on. The bankruptcy paperwork indicated that it would pay that loan off in full and it did not. I can not seem to make them understand that I have no change in income and that what the business makes DOES NOT change what I bring home monthly. I feel like going to college was the biggest mistake of my life.",Consumer loan
10867,"Upon receiving my credit report. I noticed there were items on my report that wasn't mine. I immediately started a dispute with each credit bureau and the debt collection company XXXX. The item a XXXX bill was taken off of all of my reports, just to reappear under a different collection agency. I then sent a verification letter to the new collection agency Diversified Consaltants asking for verification and all I received was a statement, no SSN or and other legal verification and all they did was update to info on my credit report. I'm more than sure this is not enough to verify a debt",Debt collection
10868,"Hello. My name is XXXX XXXX. I financed a new XXXX Line from King Kia, their address is XXXX XXXX XXXX XXXX, XXXX, Maryland XXXX XXXX in XX/XX/XXXX XXXX The bank they used for my financing was Santander Consumer USA. I paid off the car/loan a couple months later in mid XXXX. I received the title from them but Im not sure if theyve sent the lien release letter along with the car title or not. Im now trying to request an additional lien release letter from Santander Consumer USA but they blocked/closed my account on their website so I have no way to contact them about this issue. My request is for Santander Consumer USA to send me another additional lien release letter to my mailing address on file in their system. My VIN for the vehicle is XXXX. Thank you!",Consumer loan
10869,"I returned money from my loan within 90-days following the distribution of the second half of my loan for year ( i.e. money distributed in XXXX -- & gt ; money distributed in spring, which I then returned part of the money ). However, instead of having that money being returned to the principal amount, Navient handled that refund ( i.e. I had no other option ) so that the money returned went towards interest and repaying off the first half of the loan ( XXXX loan ). As a result of this money going towards interest rather than all to principle ( which should be case given I was returning it within 90 days ), I ended up having to pay more since my principle was higher and accumulating a greater interest over time.",Consumer loan
10870,"XXXX, XXXX AND EQUIFAX ARE REPORTING FRAUDULENT ACCOUNTS ON MY CREDIT REPORT. BELOW ARE THE LIST OF FRAUDULENT ACCOUNTS : XXXX/DEPT OF ED : XXXX -- -> : {$1800.00} XXXX/DEPT OF ED : XXXX -- -> : {$3300.00}",Credit reporting
10871,"We received a payment for the purchase of insurance via American Express card, provided the services purchased, and nearly five months later the cardholder disputed the charge and AMEX deducted the full charge amount from our bank account, despite our providing clear evidence that the charge was valid and the services provided tot he cardholder. AMEX refuses to return the {$18000.00} that they took from us.",Credit card
10872,"On XX/XX/XXXX I received an email from citizens access bank about a promotion where they would pay me a bonus of {$250.00} if I deposited XXXX of additional monies in my savings account by XX/XX/XXXX and and kept it there for 90 days. At the time, I had a savings account with them. Pics will be included of the actual email. I followed the rules and instructions in the email. On XX/XX/XXXX I started the process which included a wire transfer to their bank of XXXX. Now they won't pay me the {$250.00} and or explain why. I've contacted them 5 times by phone and asked them to review. 3 of the 5 times they didn't even call me back to tell me "" no '' ... I had to call back to hear "" no, we aren't giving you the {$250.00}. '' When I asked why they tell me about another department that handles this issue and when I ask why did they deny the {$250.00} they say "" no reason was provided. '' 1 of the 5 times I was told I wasn't eligible for the promotion and I said, "" how am I not eligible, you sent me an email indicating I was eligible? '' The customer service rep apologized but didn't/could n't provide an answer. I've been calling them for over a month now, still not 1 reason has be given why they won't honor the {$250.00} promo.",Bank account or service
10873,"On XX/XX/XXXX, I was issued a loan from XXXX  for {$600.00}. To date, I have paid {$390.00} which has cleared and posted plus another {$130.00} which is in process for a total of {$520.00} ( 4 payments of {$130.00} ). Per South Carolina law ( where I reside ), payday loan lenders can only charge up to {$15.00} per {$100.00}. On {$600.00} loan, the fees collected should be {$90.00}. Once I make my fifth payment of {$130.00} on XX/XX/XXXX, I will have paid {$650.00}. To pay the {$90.00} fee, I would owe a remaining amount of {$32.00}. I will pay that amount on XX/XX/XXXX. 

The XXXX website states I still owe {$670.00}. For a {$600.00} loan with a {$90.00} fee, my amount to pay would be {$690.00}. With the {$390.00} which has already cleared, to collect another {$670.00} from me would mean XXXX will receive {$1000.00} on a {$600.00} loan. 
This is PREDATORY, OBSCENE and APPALLING!!! XXXX preys on individuals in dire financial situations and profits astronomically and excessively on those situations. It is DISGUSTING and CRIMINAL. 

Once my fourth payment ( XX/XX/XXXX ) and fifth payment ( XX/XX/XXXX ) of {$130.00} each are posted to my account, I will only owe {$32.00} to pay back {$690.00}. I will pay that on XX/XX/XXXX. At that time, I want my account marked "" Current/Paid in Full/Closed ''.",Consumer loan
10874,"This was an issue involving 3 parties : A fraudlent app XXXX who is the platform where such app is offered Chime the financial institutution unable to protect its customers from this type of activity Merchant : XXXX XXXX Total disputed : {$95.00} Through XXXX I had multiple small recurring charges from an app called "" XXXXXXXX XXXX XXXX I tried contacting the app developer, XXXX and finally Chime. 
I have reported the app after XXXX didnt solve my issue, and my last resort was the institution that allowed such charges to be place : Chime. 
However it didnt surprise me when my claim was denied, since they put extremely minimal effort investigating their customers claims. 
I had 3 major issues with Chime and none of them with a satisfactory outcome. 
This company must be held accountable for their customers transactions ( specially the unathorized ones ) I regret giving them any business as they are not worthy of it.",Credit card
10875,"I 'm a XXXX veteran living on social security and XXXX. I cosigned a loan for my daughter when she was in her last year of college in order for her to work as an intern and complete her degree program on time. She graduated, bought a dependable car, got a job in XXXX and two years later was married. She now has XXXX small children and a husband who provides for the family and struggles to make ends meet. He is an XXXX and work is feast of famine. His work has been showcased around the world but sales of his work are not steady. Recently we started receiving these letters. My credit score has dropped more than twenty five points since XXXX. I want to help my children, but my resources are limited. My son-in-law is doing the best he can and is working tirelessly to provide for his family. I need to get him the help to get these threatening people to backoff. I want them to leave me alone and not mess up my good credit that I worked years to get.",Consumer loan
10876,XXXX XXXX AT PHONE XXXX X XXXX - XXXX XXXX HAS CALLED REPEATEDLY. HAVE CALLED AND HARRASSED FAMILY MEMBERS AND FRIENDS REPEATEDLY EVEN THOUGH THEY WERE TOLD THAT CALLING A THIRD PARTY AND LEAVING A MESSAGE WITH A THIRD PARTY TO CONTACT ME IS AGAINST THE LAW. THEY DID NOT CARE AND SAID THEY WILL CALL WHOMEVER IS ASSOCIATED WITH ME TO FIND MY WHEREABOUTS. THAT IS HARRASSMENT.,Debt collection
10877,"This is XXXX XXXX and I am submitting this complaint about recent disputes sent to the 3 Credit Bureaus about erroneous information on my credit report. Regardless of the multiple written requests, the inaccurate accounts listed below are still reported on my credit report in violation of federal law. Please remove or update the following accounts completely from my Credit Reports : XXXX  XXXX XXXX Balance : {$9700.00} XXXXXXXX XXXX Balance : {$0.00} XXXX  XXXX Balance : {$8800.00} XXXX XXXX  XXXX Balance : {$0.00} XXXX XXXXBalance : {$3200.00} XXXX, XXXX & XXXX ( Original Creditor XXXX XXXX XXXX XXXX XXXX Balance : {$6800.00} XXXX XXXX XXXX  ( Original Creditor : XXXX XXXX  ) XXXX Balance : {$0.00} XXXX XXXX XXXX XXXXBalance : {$0.00} XXXX  XXXX  XXXX Balance : {$0.00} XXXX  XXXXBalance : {$20000.00} XXXX  XXXXBalance : {$0.00}",Credit reporting
10878,"I applied for XXXX XXXX  in order to achieve full reinstatement of my loan. XXXX sent SPS ( the servicer ) a request for a reinstatement quote in order to provide a XXXX of up to {$50000.00}. However, SPS refused to provide this reinstatement quote, stating that it can not do so because my loan is in charged off status. SPS has thereby made it impossible for me to obtain this XXXX that would bring me current on my mortgage. I want to get current on the mortgage and resume making my regular monthly payments. But XXXX refusal to engage means I am instead forced to give up a XXXX  XXXX of up to {$50000.00} and watch interest accrue without being able to make payments.",Mortgage
10879,I have been recieving mutiple phone calls from a so called company name XXXX XXXX XXXX XXXX. Then they send me valdiation letter of debt from XXXX XXXX. The email was XXXX  claims divison. i try to look up their information and their is no information on this so called company as in XXXX XXXX  XXXX XXXX or XXXX. The orginial loan is from cashnet. I have paid off all my loans. Cashnet emailed me back stating that it is a scam and fradulent activity. The debit is from XXXX XXXX they can not give me an exact date and they will send me anything in the mail to back up their claims. I have asked them twice not to contact me. They continue to contact me. If anything the orginal loan was under 500 dollars. I do not recall ever taking that loan out. Nothing has ever shown up on my credit report regarding this loan. I take care all of debits cause of past mistakes. I wanted to clear this up but they do not want to work with me without a checking account which i will not give over the phone. Thank you.,Debt collection
10880,"Upon ordering my annual credit report I noticed the company Ad Astra on my file. The entry was from a "" XXXX '' account. Ad Astra was sent letters to verify and validate the debt, but I never received documentation to validate nor verify the debt. Additionally by law consumers should receive Dunning Letters so that they may dispute a debt in question. To my knowledge, Ad Astra Recovery has never forwarded a Dunning Letter to my attention and my address has been the same for over 4 years now. 

The company has not provided any information including the original contract with Ad Astra. I do not have a contract with Ad Astra.",Debt collection
10881,"national credit collection agent has been reporting negative information to Equifax. Stating incorrect balance. I submitted a copy of my last balance of {$5700.00} with the creditor dated XX/XX/2009. national credit has reported my balance over XXXX, XX/XX/XXXX, today the balance reflecting in my report is over 8k.equifax has fell to removed the incorrect information from my report, national credit has imposed additional cost and never disclosed additional cost related to account, I feel they taking advantage of the system knowing the importance of rental properties checking credit for approval.to be consider for rental. Its been close to 7 years. I feel this practice is unfair and unjust and wish to have removed immediately. Equifax is a XXXX base company .as well as XXXX",Credit reporting
10882,Company reported fraudulent information that caused me to be denied to rent a home. Fraudulent bank information and rental history along with fraudulent accounts on the report. Reported false credit score.,Credit reporting
10883,"I have a loan showing open XX/XX/XXXX with the XXXX XXXX, which I did not open any loans with anyone in XXXX. When I contacted the XXXX XXXX on XX/XX/XXXX XXXX there said they had no loans for me only a denial in XXXX and told me to contact their corporate. The corporate office said they did not see a loan for me and said to contact the collection agency listed on my report. When I contacted XXXX XXXX XXXXXXXX they said they did not have a file for me and to contact XXXX XXXX. I spoke with XXXX XXXX and told them what was going on and they said they would put in a dispute. Then on XX/XX/XXXX I received an email from XXXX XXXX XXXX, XXXX General Counsel For XXXX XXXX XXXX stating We had previously sent you communication wherein you had the opportunity to dispute the above referenced debt. As thirty ( 30 ) days has lapsed, the above reference debt is deemed valid. I have never received anything from this company or any other company regarding this debt of any type. So I then send this company and email stating I wanted validation of the debt and all information regarding this debt as it is not correct. I did not receive an email or any contact back from them so I called on XX/XX/XXXX and asked about the email and they said that was just their response for the XX/XX/XXXX dispute and that it is still under dispute. I have not heard anything else from any of those 4 companies or received any type of validation or information I requested from them. On XX/XX/XXXX Experian claimed my dispute came back validated as my debt but would not clarify what information they received as proof that is was mine or provide me with any other validation or proof to me. If something is showing up on my report I have the right to know exactly what it is and to have legitimate proof of the information. Again I did not open any loans in XXXX with this company of any kind.",Credit reporting
10884,"On Thursday XX/XX/XXXX my Apple Card from Goldman Sachs was compromised. I cancelled the card, changed all passwords etc. I woke up this morning to an unauthorized payment of XXXX from my checking account to that card. 

Goldman Sachs can not cancel the payment and can not give me my money back for 10 days, leaving me both without a credit card and without over {$1500.00} I needed for other things.",Credit card
10885,"Hello I had a good banking relation with Citibank but due to Covid and my travel movement outside US I had a very hard time connecting with citibank on my credit cards, pending payments & my rewards. 

The complaint I had is citibank closed my credit cards and took away all my rewards associated with my multiple credit cards while I unsuccessfully tried to reach out to them to clear my dues ( from overseas location ). 

From XX/XX/XXXX till XXXX XXXX I tried calling the Citibank US numbers and was never provided a clear response on the status and unfortunately I was not able to access my online account to use my rewards associated with the credit cards.",Credit card
10886,"I opened XXXX account with WellsFargo in XXXX. I have overwhelming documentation that I saved through email and text. I have several overdraft fees and insufficient funds fees. Starting from the opening of my account, I was on SSA benefits and my deposits were direct deposit between the XXXX and the XXXX of each month. Looking back through all the email correspondence with WellsFargo, I have several that are about late fees and insufficient funds fees. I also show where several times because of these issues, I had to keep receiving new debit cards as a precaution. This was very inconvenient. There are also several occasions that I had to contact the bank about late fees, insufficient fees more, because they would allow debit transactions to post before my direct deposit. By doing this, I spent extra money that I didnt have with my SSA benefits. I borrowed from several people, to whom I still havent paid back. I would contact the bank and ask about all the fees just about every month. I was told that they would put items in investigation to find out why it happened. While some were returned, it still didnt fix the issues. I also had a secured credit card with the company and not even today do I know where my {$300.00} secured payment went after I closed my account. On several occasions I had to continue to call and check the status. They should have known me by name. Sometimes, I believe they just refunded some was to just stop dealing with me, but that was far less than the times they did absolutely NOTHING. I have several emails, as I make folders for every subject. I had several disputes for unknown transactions that I was aware of, not sure for ones that I didnt know about. There were several occasions where suspicious activity was reported and causing me to receive new debit cards. I lost count of how many new card I received.",Bank account or service
10887,"In accordance with the Fair Credit Reporting act XXXX Account, has violated my rights. 
15 U.S.C 1681 section 602 A. States I have the right to privacy.

15 U.S.C 1681 Section 604 A Section 2 : It also states a consumer reporting agency can not furnish a account without my written instructions",Credit reporting
10888,"Gemini is currently reviewing the issue and will reach out to XXXX XXXX through ticket # XXXX. We informed XXXX XXXX on XX/XX/year> that we are working on his issue and will notify him as soon as the process has been completed. We believe that we handled XXXX XXXX complaint in a manner consistent with our policies and procedures and our obligations to our customers. Our organization works everyday to improve our user experience, and strives for all customers to have a positive experience on our platform. Best, Gemini Trust Company , LLC. 
The statement up there was the last message I got from Gemini since XX/XX/XXXX I havent heard back from Gemini on how I am going to get my {$900.00} of the Gemini account its looking like a fraud now because I have been on this issue since XXXX of this year kindly help me because Im helpless Gemini wants to scam me of my money.",Money transfer or service
10889,"on XX/XX/XXXX at XXXX i received {$2500.00} by cashapp, i did not expect these funds and sent them back to the sender at XXXX. these funds were never deposited into my personal bank account but only came in to my cashapp wallet and left XXXX minutes later. a month later, cash app debited {$2500.00} from my personal chase account claiming there was a dispute with this payment. i have not be able to resolve this issue and cashapp customer support is poor to say the least",Money transfer or service
10890,"Referenced accounts USAA SVG BK XXXX 16 CFR 313.4 -- Initial privacy notice to consumers required ( 2 ) A consumer, before you disclose any nonpublic personal information about the consumer to any nonaffiliated third party, if you make such a disclosure other than as authorized by 313.14 and 313.15. "" I was not given an option to Opt-out '' 15 U.S. Code 1681a - Definitions ; rules of construction ( B ) any authorization or approval of a specific extension of credit directly or indirectly by the issuer of a credit card or similar device ; ( or similar device covers everything ) 28 U.S. Code 1746 - Unsworn declarations under penalty of perjury I declare ( or certify, verify, or state ) under penalty of perjury under the laws of the United States of America that the foregoing is true and correct. Executed on XX/XX/2023. 
XXXX XXXX.",Debt collection
10891,"I applied for this loan to help pay my bills that I was behind on, and I was in a rush not reading exactly how much the APR percentage was. That was my mistake, although I feel as though this company might take advantage of individuals in need. I borrowed {$1000.00} and fully intend on paying back, but by the end of my payments I will have paid over {$6000.00}. This feels illegal and unfair given the state of Washington does have a cap of APR percentage rate. This is a company run by a tribe and I have deferred payment for this week planning to communicate with them soon. I feel the best thing I can do now is ask for guidance and file a complaint hoping I can help others who don't do their due diligence out of pure desperation in this economy. I appreciate any help regarding this and I look forward to hearing from someone soon.",Consumer loan
10892,"My mortgage company incorrectly increased my monthly premium by almost {$400.00} as a result of having incorrect information about my insurance and being double-billed for taxes. This was identified in Spring of 2020 and I immediately notified NewRez. For the next 7 ( SEVEN ) months, I called New Rez to get them to assess my mortgage for errors. Call after call, I was transferred every month to a new representative, a new supervisor, or a new team lead. It took me calling my finance friend to get on the phone with New Rez and demand answers. He gave me this website to formally complain about New Rez and the runaround I have been getting. My mortgage amount is still almost {$400.00} over the correct price, with no resolution in sight.",Mortgage
10893,Bank of America closed my credit card account never gave me a reason. I was late by a few days a couple of times paying my bill. I was paying it all off at once every month. Then I was told it was better for my credit to pay it off at the minimum by my aunt so I did that. Most of the time I just paid it all off. I never got a reason they just closed the account charged fees and sent it to a collections agency called XXXX XXXX XXXX.,Credit card
10894,"I have repeatedly contacted Capital One regarding an ongoing billing and servicing error on my auto loan account. For an extended period of time, I requested that my payment due date be changed to the 1st of each month to align with my income schedule. Despite multiple requests, this change was not properly implemented. As a result of this failure, my payments were applied under an incorrect billing cycle, which caused multiple late payments to be reported even though I was actively making payments and attempting to stay current. I was forced to make additional or early payments to avoid further negative impact. During a recent phone call, a representative acknowledged that a prior agent failed to process my due date change request correctly. Despite this admission, the issue has still not been fully corrected, and payments continue to be withdrawn or scheduled on the wrong dates. I am also a XXXX XXXX XXXX veteran and recently experienced financial hardship. I communicated this to the company and requested reasonable accommodation and correction of the account due to their error, but the situation remains unresolved. Because of the companys failure to properly manage my account, I have suffered unnecessary financial strain and potential negative credit reporting. I requested : Correction of my payment due date to the 1st of each month Removal of any late payments caused by this servicing error Proper application of all payments Correction of any inaccurate credit reporting The company has failed to adequately resolve these issues despite multiple attempts.",Consumer loan
10895,"I created a Venmo account in XXXX of XXXX  so that my cousin could pay me money she owed me. My account was then frozen by Venmo with {$270.00} in my account and they would not give me a real reason why they froze my account. I have contacted them numerous times and they refuse to answer me, and have stolen my money.",Money transfer or service
10896,"I am a natural person, I am a living human being, I have rights under 15 USC 1681.

Equifax is governed by 15 USC 1681, and they have violated my rights numerous times. I demand that the accounts listed below be removed ; According to 15 USC 1681 : I have the right to privacy and i did give Equifax written permission to furnish these accounts. Furtheremore, These accounts are a product of IDENTITY THEFT. 
Under 15 USC 1681b ( C ) : Furnishing reports with credit or insurance transactions that are not issued by the consumer, ( 3 ) information regarding inquiries, A consumer reporting agency shall NOT furnish to any persons a record of inquiries in connection with credit and insurance transactions that is not initiated by ( ME ) the consumer.

15 USC 1682c ( 2 ) "" BLOCK OF INFORMATION RESULTING IN IDENTITY THEFT '' I have called and spoken to supervisors at Equifax consumer reporting agency to address this matter and have been disrespected, when i have tried to have them remove these false accounts and inquiries. They have continued to violate my rights under the FAIR CREDIT REPORTING ACT. These accounts are a product of Identity Theft : XXXX XXXX XXXX XXXX XXXX, Acct # XXXX XXXX. XXXX XXXX XXXX, Acct # XXXX XXXX. XXXX XXXX XXXX, Acct # XXXX",Credit reporting
10897,"I have several charges which I would like to have disputed, however the customer support representatives keep lying to me to prevent me from initiating these disputes. 
On XXXX, I called Bank of America to initiate disputes. I was initially lied to by the support representative, who told me that I could initiate these disputes from my Bank of America app or online. However, when I try to do so I am not able to because the app tells me to contact support and does not initiate the dispute. After explaining this to the support representative, they told me that they would initiate all of the disputes and they would be resolved within 2 months. It has been 2 months, and the disputes haven't even been initiated. 
I later called Bank of America again to try and initiate the disputes. I was lied to again, being told that I should use the App to initiate the disputes. After explaining that that would not work, I asked for an alternative method to submit disputes since I could not do it through the app, online, or over the phone. The support representative told me that I could send mail or fax to initiate the disputes. I sent mail and a fax, following the instructions from the support representative. However, the support representative clearly lied to me, since no action has been taken on the mail or fax that I've sent.",Credit card
10898,"We sent paper work three or for times, had four closing dates the last one was not canceled til XXXX XXXX when closing was set to happen at XXXX XXXX paper work was not right and the seem to come up with a closing cost that should have been our sellers assist plus the sellers took money of for repairs and some how our closing cost was almost {$7000.00} more then were told or expected which put off us doing some really needed repairs. It took a extra month to close and almost lost the house cause the sellers almost pulled out. It really cause my wife and myself some real stressful moments.",Mortgage
10899,"b'I responded to a text on my phone ostensibly from XXXX XXXX a respected organization back on XXXX XXXX.  I did not think to check the URL. It turned out to be a fraudulent loan person. I am a senior and was under the assumption that this was a legit lender and also did research. I was caught in a fraudulent situation where this scammer deposited checks through the capture feature and used my signature to process through my account. BMO bank then caught this and put my account under investigation.  They said it would take 30 days to investigate and only allowed deposits from this account. The bank allowed me to open up a new account and yesterday while using my debit card I could not purchase items which I then had to contact the bank to find out that they had put a freeze on my new account, without advising me of such.  So I went onto the branch yesterday in XXXX  CA and was informed by XXXX  after she was in the phone with the fraud dept that I could not take out my money from my new account and that they were closing my account and would send me a check. Again I am a mother and grandmother and I had no other form of financial means. This is illegal under these circumstances. My new account should not have had any affect on the other account under investigation. Also during this process the only information the bank sent me were the fraud checks and no status of what was going on. I called the branch mgr today XXXX and was told that she was not able to do anything because the fraud dept of the bank held all the power to release my funds.  The phone number to BMO branch in XXXX, CA is XXXX XXXX XXXX. XXXX XXXX XXXX XXXX XXXX XXXX  XXXX XXXX XXXX XXXX. I have XXXX  in my new account that I need immediately.'",Bank account or service
10900,"I am livid how Wells Fargo has handle my loan. I have tried to re-apply for a modification numerals times and Wells Fargo refuses to review my loan for a modification. I have tried to work directly with them but they have hang up my call many times when I start questioning them in regards to my loan. I do not want to lose my house I have an active sale date for XXXX/XXXX/16. Wells Fargo refused to withdraw the mortgage payment out of the automatic system, my cousin XXXX had activated before he pass. It has been really stressful to keep up with the mortgage payment because I was paying half of the mortgage when my cousin was alive.",Mortgage
10901,"i got behind on my mortgage payments during covid 19 but was lucky enought to come up with the money need ed to get my mortgage current in XXXX of this year and made two payments totally over XXXX dollars to freedom mortgage in two separate payments, i have been talking with the company about the missing payments and sent proof of payment to them two separate times and yet my mortgage still shows delinquent and i can not seem to get any traction to get the problem fixed. just seem to get the run around and they have promised to get it taken care of for weeks, but after countless phone conversations i have decided to up the ante.",Mortgage
10902,"Received toll violation fees in the mail naming me through an incorrect send address from The Port Authority of NY & NJ. They claimed that I violated their toll plaza and I must pay the balance. In response, I sent a dispute form claiming that vehicle displayed on the violation was not mine. Thereafter they sold the to debt collectors named AllianceOne. This collection company has been persistent in attempt to have me pay a falsely misrepresented debt.",Debt collection
10903,"Citibank is violating Regulation Z XXXX by applying payments in excess of the minimum to my XXXX XXXX promotional balances and Citi Flex Plans instead of to my standard purchase balance ( 26.74 % APR ). 
Example : On my XX/XX/XXXX statement I made payments totaling over {$2000.00}. The minimum due was only a few dollars. Instead of applying the excess to my highest-APR purchase balance as required by law, Citi applied XXXX all of it tXXXX XXXX XXXX  Balance Transfer and Citi Flex Plan balances. This caused me to be charged {$43.00} + {$3.00} ( and counting ) in interest that I would not have owed if payments had been allocated correctly. 
My XXXX XXXX Balance Transfer does not expire until XX/XX/XXXX well outside the two-month deferred-interest exception. Citi Flex Plans are not deferred-interest plans.

I request : ( 1 ) reallocation of all excess payments since the problem began to the highest-APR balance first, ( 2 ) full refund of all interest charged on standard purchases as a result of the improper allocation, and ( 3 ) confirmation that future payments will be allocated in compliance with federal law.",Credit card
10904,"Complaint Title : Missing Down Payment Credit / Incorrect Auto Loan Balance Dealer Fraud Investigation I am filing a formal complaint regarding an auto loan account that appears to reflect an incorrect principal balance due to a missing down payment credit of {$6000.00} made at the time of vehicle purchase. On or about XX/XX/year> I purchased a XXXX vehicle in XXXX through a licensed dealership. At the time of purchase, I made a {$6000.00} down payment, which was part of the agreed sales transaction. However, I have recently discovered that the lenders payoff statement and loan records do not reflect this down payment being applied to the loan. I contacted the loan servicer/lender to request clarification of my payoff amount after the vehicle was declared a total loss through a XXXX rental claim. The lender advised me that the current payoff balance is approximately {$17000.00} and stated they have no record of receiving or applying the {$6000.00} down payment. The dealership that facilitated this transaction has reportedly been shut down due to fraudulent activity, which raises serious concerns that my down payment was either not properly transmitted to the lender or was misrepresented in the financing documents. I am requesting the following : XXXX.A full investigation into the loan funding file, including all dealer remittance records XXXXWritten documentation showing how the {$6000.00} down payment was applied XXXXA corrected loan balance and payoff statement reflecting the accurate financed amount XXXXIdentification of any discrepancies between the retail sales contract and lender funding documents XXXXIf fraud or misapplication occurred, appropriate correction of the loan and/or restitution This issue is time-sensitive due to an active insurance/Turo total loss claim, and failure to resolve the accurate payoff amount may result in financial harm. I am requesting a formal response and resolution.",Consumer loan
10905,"My son in law recently started assisting me with my finances last month and noticed I was getting a {$25.00} service fee every month on my checking account. I am a XXXX XXXX so i do not use online or mobile banking, I just rely on my local branch to provide me with assistance when needed. We called citibank together and spoke to a representative as well as a team supervisor. We explained that I have been banking with Citibank for 40 years and no one has ever suggested for me to be placed in a Basic Banking account which is free for anyone over the age of XXXX, i found this information from my son in law. I am now XXXX yrs old and i am sure after this is researched further u will be able to see that I have been receiving this {$25.00} fee for years.Basically after conveying this information to the supervisor he said there is nothing he could do, that i was supposed to tell citibank about their products and that i should have known how i can keep my accounts free. After the phone call i decided to put in this complaint because i feel like what citibank did to me is highly unethical and morally alarming due to my age.",Bank account or service
10906,I tried to freeze my account with Experian Credit via their website which I have done in the past. I was told my login info was incorrect. I requested to reset my password but the verification to do so has a different phone number which is not mine. I have had the same cell number for 30 years which is the number I use 100 % of the time. I have tried calling 3 different customer service numbers for Experian which after trying every possible combination to speak to a live agent has failed. There is no option to speak with someone live and the advice is to login to my account. They will only give me instructions on how to do so which I can not because I can not identify myself per the wrong number. This is extremely frustrating and worrisome of how any of my info has changed. I need your help to be able to contact someone to get this ironed out. Please contact me with any questions. Thank you in advance for your help!!,Credit reporting
10907,"On XX/XX/XXXX, someone applied for a modification loan on a mortgage that did not exist. It was identity theft ; they used XXXX XXXX XXXX 's social security number and forged his signature. Copying his signature from a XXXX personal loan he had with XXXX XXXX and Mortgage Company, they used the amount of the title insurance that was paid in the fall. The fraudsters were unaware that the XXXX loan was paid off in XXXX through a bankruptcy XXXX  XXXX. The Beneficial Loan was transferred to Caliber Home Loans, which advised us that they do not use an outside collection company, Select Portfolio Servicing, which sold the loan to at least XXXX companies, and requested documents from XXXX XXXX XXXX in XXXX XXXX, Missouri, a service who create documents, record the documents, with the local recorders. I asked Portfolio who sent them the information, and they informed me that regarding the Mortgage information, XXXX asked how much they quoted me {$79000.00}. Portfolio transferred the loan to XXXX XXXX  XXXX XXXX XXXX XXXX. They sued me for {$140000.00}. The amount was changed on XX/XX/XXXX, requesting the fraudulent modification loan that was initiated by identity theft. We were never told that there was a foreclosure on our property because we paid cash for it, and all the liens on the property were paid off in full. Select Portfolio had the fraudulent documents created by XXXX XXXX XXXX. On XX/XX/XXXX, my property was released and auctioned. We found out in XX/XX/XXXX that our property was put in foreclosure. At this time, we went to court to advise that this was fraud. We paid cash for our property in XXXX. And never took a mortgage. This is a fraud scam involving Select Portfolio Services, XXXX XXXX XXXX XXXXXXXX. We are taking this to the Federal Courts and violating the RICO Law. I am XXXX XXXX XXXX. The property was taken from me on XX/XX/XXXX, fraudulently.",Mortgage
10908,On XXXX XXXX XXXX  chime closed my account for no apparent reason and I still have not received none of my money I'm.being evicted from my home because they would not send me my money and still won't send my money which I really need then I had more money went to chime and they want send that either I want my money and it's not right that chime can do this please help,Bank account or service
10909,"Hello I called the debt collection wakefield & associates many Times since XXXX and XX/XX/2020, I was asking to mail ME my debt writing paper/Bills but until now I still have Not recieve it I called them almost everywerk to requests Bills paper but I never recieve anything. I am more Than willing to pay what I owe but for my own protection and Record I would like to recieve a Bills but How can I pay a debt that I never see?? Never receieve Call, Bills or anything I only found Out thru checking my credit report. I Dont Know what to do Im planning to buy House but MY credit score affecting My and my life. Please Help ME Out by the way they say I owed {$1200.00}",Debt collection
10910,"I received a bill from my credit card company in XXXX. I paid the statement balance in full before the XXXX payment due date. On my next statement that I have received, with a payment date of XXXX/XXXX/2016, I am being charged interest on the paid off balance from XXXX. They are telling me that interest was still acrueing (? ) from the XXXX statement closing date until the day I paid it in XXXX - "" Residual interest ''. I have other credit cards, and they do n't do that when I pay off the balance. I used a HELOC earlier in the summer to pay off credit card debt, and none of the cards tried to get extra interest money when I paid off the balances. Not sure what has changed in the banking industry that they think they can get away with this.",Credit card
10911,"Equifax will not delete a Medical Collection that has been paid to the Original Creditor XXXX XXXX XXXX XXXX XXXX, in which Equifax has been notified and the tradeline disputed numerous times, the Original Creditor has been notified, and the XXXX XXXX has been notified. This is in direct violation of HIPAA as the XXXX XXXX has no need for my information or to be reporting a Collection now that the XXXX XXXX was paid in full. This is now also in violation of the new rule that unpaid XXXX XXXX of less than {$500.00} will not be reported on Credit Reports starting XX/XX/2023. This needs to be deleted immediately and all parties fined and also they need to compensate me for all my time and effort in fighting this tradeline that should have been deleted months and months ago.",Credit reporting
10912,"XX/XX/2019 I request Experian credit bureau to send annual credit report to me. they said within 5 to 7 business day I call back unable to get thru representative, I still have not receive report. Violating tittle 15 U.S Code 1681e I am a consumer,",Credit reporting
10913,"EXPERIAN - Today I received a report from Experian notifying me that my Fico Score had dropped 23 points since my last report. This makes no sense since the only change is adding a credit card from XXXX XXXX. Additionally, I have supplied information on PreAuthorized Checks for XXXX XXXX that can not be refuted. This unrefutable information was ignored by XXXX, Experian, XXXX and XXXX. This report also states three ( 3 ) late payments, the only late payments that are under dispute are XXXX XXXX  and XXXX XXXX. XXXX was investigated by the FBI and found to have forged documents. I have attached information for review and request an explanation.",Credit reporting
10914,"I have had an ongoing dispute with my Discover credit card concerning services that were allegedly rendered on XX/XX/XXXX by a local veterinarian office. I was able to obtain electronic medical records from the office after the attorney general of Kansas subpoenaed them from the vet office. The records had a date of XX/XX/XXXX however the electronic medical records time stamp was XX/XX/XXXX, showing they were generated a month after the tests were allegedly done. I called the vet office to inquire why this was and was interrogated as to how I received these records. I informed them that the attorney general sent them to me. They then threatened legal action if I contacted their office again. I presented these records to Discover and fully believed I would receive a refund since I proved the medical records were fabricated a month after they should have been. Discover, however, keeps siding with the merchant, even though I have proven the merchant has fabricated and generated these records a month after the death of the animal. I want the money refunded immediately.",Credit card
10915,This was s loan my daughter had with Wells Fargo that I cosigned I had work something out that they took a payment then XXXX days later they repo the car I never received the plates from the car not never heard from them it has been XXXX years and now I am getting a threatening call that they are trying to put a lein on my property this is over the statue of libation and never has been on my credit,Consumer loan
10916,"On ( XX/XX/2022 XXXX XXXX XXXX ACCOUNT # XXXX ) add a derogatory mark on my credit report per XXXX XXXX. upon, further research, this account was transferred/ sold and i am no longer responsible for the account. Debtors ' creditor did not verify this collection. Also, there was NO written form of communication, contract, or signature for this accused debt at all. A bill without a signature does not validate the debt and anybody can send a bill and say it's mine. According to the FCRA ( XXXX XXXX XXXX ACCOUNT # XXXX ) has violated my rights as a consumer and i am requesting legal action to remove this account immediately. 

There was no written form of communication, contract or signature for this accused debt at all. A bill without a signature does not validate the debt, according to the FCRA ( credit bureaus and the court system has violated my rights as a consumer and I'm requesting legal action to remove this account immediately. In accordance with the Fair Credit Reporting Act XXXX XXXX XXXX ACCOUNT # XXXX has violated my rights. 15 U.S.C 1681 section 602 A states I have the right to privacy. 15 U.S.C I681 Section 604 A Section 2 : it also states a consumer reporting agency can not furnish an account without my written instruction.",Credit reporting
10917,"I purchased a laptop on XXXX  on XXXX. The item never received even though the tracking info said it did. Filed dispute with XXXX as my card purchased it via XXXX. XXXX declined because I had disputed it with AMEX. The seller, who has been delisted due to fraud never responded to my communication. XXXX sent an apology that I never received the item. Again, they delisted the seller XXXX. I have disputed this twice with AMEX and all they do is say that the merchant provided documentation that it was sent and delivered. I spoke to the postmaster at our local Post Office. He said this is a scam where the seller sends an empty box to  another address in the same zipcode so that it can show delivered. 

USPS tracking # XXXX I am not, let me repeat NOT paying for an item that was fraud.",Credit card
10918,"On XX/XX/XXXX, I spoke to US Bank due to credit card account closure without my consent/acknowledgment. 

US Bank claims that they closed my account because I did not respond to letter/mail that were sent out for address verification ( on XX/XX/XXXX and XX/XX/XXXX ) which I never received. US Bank could not provide any proof of them sent out mail. 

US Bank also did not make an attempt to reach me via phone or email which were listed on my US Bank credit card account. 

US Bank is making a false statement about sending/mailing out such letter/notice because my account is set to receive any/all statement/letter/notice paperless, should received by email only, instead of in the U.S. Mail. 

Once again, I should not be receiving any letter/notice by physical mails, but only by email ( paperless ) and US Bank is lying about mails were sent out to me. 

I also checked, logged into my US Bank online, and copy of such address verification letter/notice is not available. This is usual unethical/illegal business practice of US Bank. 

To CFPB : It is expected that US Banks will respond to this complaint stating that my address on file is not a residential address and it's irrelevant to this complaint. US Bank needs to provide proof of US Mail they sent out to me and explain why they decided to send out US Mail ( if US Bank ever sent anything out via US Mail ) even if my communication/correspondent preference if set as paperless/email and why there's no such copy on my US Bank online. Once again, US Bank fail to use proper delivering method to notifying customer with such notice.",Credit card
10919,"My address is inaccurate. I only live at one address have live there years and I only have one name I use. There is no other name. My job is incorrect as well. 

All my personal information needs to be corrected and updated on a 3 bureaus. Experian, XXXX, and XXXX.",Credit reporting
10920,"I deposited XXXX large checks after selling my house during business hours on XX/XX/year>. They were BANK CHECKS which do not need to be held. Yet, Bank of America decided to hold the checks. Legally they can hold for 7 days and they said proceeds would post on XXXX at XXXX. However now they are saying XXXX at XXXX! That is XXXX DAYS! For BANK CHECKS which can be considered cash. They are simply holding on to my more than XXXX XXXX to take advantage of the float and interest.",Bank account or service
10921,"I contacted XXXX  XXXXXXXX XXXX XXXX  to adopt a puppy. I sent payment payment for the dog and shipping fee. The deposit was paid on XX/XX/year> for {$320.00}, shipping same date foe {$220.00}, on XX/XX/year> final payment of {$230.00}. 
On the day the dog was supposed to be shipped I was contacted to send {$1800.00} for crate rental and {$2500.00} for shipping insurance in total on XX/XX/year> {$2800.00} was sent. There was no dog delivered as this company is a fraud. Once I realized it was a scam I contacted well Fargo to report the scam/fraud and open a fraud case. My case was denied, when I called to dispute the denial I was told I cant dispute it and the outcome would be the same. I also contacted XXXX XXXX  bank who is affiliated with XXXX to report the fraud and scam they also said they would not file a report. I also filed a federal fraud report.",Bank account or service
10922,Standard Mortgage does not want to assist me with a loss mitigation or loss modification. They said because they wants to be listed as the first lien holder. I am current on my first lien holder at this time.,Mortgage
10923,"**This is not  an Duplicate Complaint. Follow up from Complaint  #  XXXX  There is no need place an "" Dispute '' on this account your claiming is mine.     The aforementioned credit collection agency representing whomever your "" client '' is has violated the FCRA by not providing documents to me in regards to this debt. I am unaware of this creditor and have not received anything that pertains to this debt. This account is unverified and immediately needs to be deleted from my all credit files :  XXXX ,  XXXX  and  XXXX . The business is required to disclose to me all of the documents that they have recorded and retained in their files that pertains to this "" debt ''. If ARS Account Resolution does not have any documentation other than a bill that they printed, ( i.e. : signature contract agreeing to pay  ) the y need to retract this from my credit file immediately.",Debt collection
10924,"A few days after we made a first and full payment of a parent plus loan we were notified that we qualified for Total XXXX forgiveness. We immediately called up nelnet and they expclitly told us that even though we just paid it off we would be refunded if we qualified. After a few months we contacted them to check status and found out that we did qualify. However, because the account had been closed they were n't able to systematically do a refund and suggest we contact my XXXX XXXX. My XXXX XXXX tried to help but eventually gave up. Nelnet has yet to follow up with us but basically told us they did n't know what to do. The loan amount was around XXXX and we could really use that money back.",Consumer loan
10925,"XXXX XXXX has harassed me by repeatedly emailing me ; XXXX XXXX was the name used in these harassing emails. He emailed almost on a daily basis. Emails were inappropriate and threatening while also suggesting he was "" watching '' me. XXXX XXXX has charged me a ridiculous amount in fees. I had a credit card bill from them in the amount of {$700.00} and had paid $ XXXX-XXXX and within the next month my bill turned into {$650.00} dollars which was completely wrong and I refused to pay it so they started emailing me almost daily for over a year threatening to take legal action but their emails were worded so inappropriately it made me feel uncomfortable as if they were hacking into my email box and could see I was reading their emails without responding. They emailed me from in the year XX/XX/XXXX to partially XX/XX/XXXX. Emails were saved due to their threatening nature.",Debt collection
10926,"I contacted my mortgage servicer, Freedom Mortgage by phone on XX/XX/20, for informational purposes only, to see what programs they were offering during the COVID-19 pandemic. I was not late nor delinquent in my mortgage payments. I spoke with XXXX, Rep # XXXX, she told me about the forbearance plan. I stated I did NOT want to be on a forbearance plan. I received a letter from Freedom Mortgage stating I was approved for a 3 months forbearance plan, and while on this plan my property would be subjected to one or more inspections, any payment I sent would be held in a suspense account and applied only after all fees related to the forbearance plan had been settled. I immediately called and spoke with XXXX, ID # XXXX and explained I did NOT consent to this, he said he would cancel it. It has not been canceled, the payment I sent has NOT been applied and I am afraid I will lose my home due to being placed on a forbearance plan. I can not afford to pay fees or costs associated with a plan I did not ask for. It is reprehensible the government has "" removed hurdles '' for the mortgage servicers thus putting hurdles in the consumers way. The mortgage servicers will find a loop hole to charge us consumers fees, they always do. Please, please help me get OFF this plan before I lose my home to this. The stress of this situation has affected my physical and mental well being, strained my personal relationships as well as the ability to do my job. I have spent hours on the phone, and writing letters, I sent a Qualified Written Request Letter to no avail. I wonder how many others is this happening to?",Mortgage
10927,"I am unable to access my Cash App account. I can receive login verification codes, but I am blocked by a Cash PIN that I do not remember. 

Cash Apps in-app support has been unable to help, and I am stuck in a recovery loop. 

There is an incoming payment of approximately {$700.00} sent on XX/XX/year> that I can not access. 

I am requesting manual identity verification and restoration of access to my account.",Money transfer or service
10928,"In the document provided, there is a checking account from Bank of America where it was closed due to a scam upon myself. I was investigated by the bank itself and found of no wrongdoing. How do I get this off my report?",Bank account or service
10929,"My car was repossesed on the night of Monday the XXXX without any notice. I did not receive any notice, trackable or otherwise, regarding this impending repossession. Had I, I would have taken every action to prevent it. 

I am hoping to get the vehicle back and I am willing to work with JP Morgan to get my account up to date and can make another down payment by XX/XX/XXXX. The amount they are asking for is however impossible. 

I called JP Morgan on the XXXX and they told me that I would have to pay the full amount ( around {$21000.00} ) left on the loan. 

Per Massachusetts Law, I believe I am also allowed up to 20 days to pay the loan. They did not give me this. I was informed of the amount due on the XXXX of XXXX and asked to pay by XX/XX/XXXX. I have included an audio of them informing me of these terms. 

I have spoken with a lawyer and he strongly believes they are placing these impossible conditions due to the vehicle shortage currently occurring. He advised me to reach out here. 

I am hoping for assistance advocating for myself in this situation and mediating with JP Morgan. Any assistance is truly appreciated- thank you.",Consumer loan
10930,"I've been trying to access my balance but google wants me to verify my payment method. When I try it tells me that the verification Link is expired. Ive contacted them at 20 times already. They escalate it to the "" specialist team '' who do nothing. They are no help what so ever. Most of the time they don't even listen to what you're telling them or look at the screenshots they ask you to provide. This is beyond ridiculous that no one puts this company in their place",Money transfer or service
10931,"i started having problems after I bought a car at XXXX in XXXX XXXX XXXX, La. they took my deposit on my vehicle out 2-3 times ( i will know for sure when i get chase to show me my account ) they would do a REVERSAL on the deposit and other bills. I didnt catch on to the other bills until i got a letter saying my insurance had lapsed. I looked at my account and they were reversing bills repeatedly, XXXX would not do anything. I have had 3 personal loans taken out in my name, my credit cards ran up and my credit score dropped from a XXXX a XXXX. I was building a house and i lost it right before closing bc of my credit score. It was XXXX time. My kids were devastated and I feel like a failed mother and I dont know how to make him/her stop. Ive changed cards, banks, phones, and phone numbers A loan made with One main Financial for 8000, a loan for XXXXXXXX XXXX ( Ive never heard of them and dont know the amount. 

XXXX didnt help me when I asked them to put a freeze on account costing me approx 2500 and causing my insurance to lapse and go up 300a month. 

I have a XXXX XXXX  card where at least 1,000 isnt mine, XXXX  about 500, XXXX most of it and i cant get in the account t to make payments to stop the fees. My XXXX card Im unsure of because I cant get into it. 

Whomever this has a pic of me holding my license and ALL OF MY INFORMATION. 

PLEASE GIVE ME MY LIFE BACK I also just saw i have a ridiculous Amount of inquiries",Bank account or service
10932,"I called to voluntarily surrender the XXXX XXXX XXXX on Friday, XX/XX/XXXX. The woman I spoke with said it would take 72 hours for an XXXX XXXX military search. On Sunday ( XX/XX/XXXX ), XXXX XXXX  texted me from XXXX asking me if it was ready for them to pick up that night. They came and picked it up. I attached a video from my camera. I told her the keys were in the cupholder and she needed gas because the gas light was on. On XX/XX/XXXX, I received the attached letter from Credit Acceptance stating this was a repossession. It was not a involuntary repossession, I surrendered it. I sent the attached email to the compliance analyst XXXX XXXX stating I had voluntarily surrendered it. I sent it to her because she was the only email contact I had. Credit Acceptance took it upon themselves to mark my account "" do not contact '' via email. I voluntarily surrendered the car. Credit acceptance has only credited my payments to their {$17000.00} finance charge. Only {$100.00} of the original loan balance has been paid off. From XX/XX/XXXX to XX/XX/XXXX, I paid {$520.00} a month. XX/XX/XXXX I paid {$500.00}. None of those payments went to the loan balance that shows on my credit. The credit bureaus all stated the information they receive from Credit Acceptance is what is reported on my credit report. Please see complaint XXXX for reference.",Consumer loan
10933,"Purchased car insurance using PayPal Credit Card in the amount of {$760.00}. Prior to purchase, received and screenshot from website, information about using the card to make purchases and how all credit card purchases online or off would be covered under the 6 month no interest if the amount is over {$140.00}. Company refused to stand by its advertising.",Credit card
10934,"XXXX This case number was closed yesterday, XX/XX/XXXX without evidence shown by moneygram that they remitted payment or refunded me the money. I submitted supporting documents of communication I have with moneygram, where they clearly stated that they have issued a refund. If they claim that it was a mistake, why then have they not taken ACTION to ensuring that the mistake be corrected ; by issuing the fund to the receiving agent? Why have they not replied to my email when I notified them of the fraudulent practice they perpetuated?

This is a clear case of fraud as they have deliberately refused to release the funds! Rather, they continue to mislead everyone by saying that funds will be released to the receiving agent in XXXX when CFPB got involved. After that case was closed, they now said they will refund to the sender. And up til date, XX/XX/XXXX, they still have not released the funds to either party. 

CFPB, you have been made aware of this case since XX/XX/XXXX AND to date, moneygram has not released the funds. What does that tell you? If after reviewing the email communication I had with moneygram, you asked key questions as to why did moneygram ask for my ID and why did they say they will issue refund, this will prevent them from doing same to another consumer in US.

If you asked moneygram from the first complaint I made on XX/XX/XXXX, to show EVIDENCE that they have released the funds, this would deter any such practices from moneygram. If they feel that they have found a way to manipulate how they respond to complaints, the responsibility lies with you to ensure that ACTIONS/EVIDENCE speak in each and every case BEFORE that case is closed.

See supporting documents once again for how moneygram is manipulating the system that is meant to protect USA consumers from frauds.",Money transfer or service
10935,"I applied for a loan through wiseloan.com. Without my consent, wiseloan.com shared my information with XXXX who in turn distributed it to multiple fraudulent entities. As a result, my personal and financial information has been compromised.",Consumer loan
10936,I contacted Greensky several times. The first time wanted to know when did I opened an account that was related to my dental implant services. I contacted them twice since then both times wanting a reduction in my payment since the implants the dentist put in only lasted XXXX years and I went to another dental office to have them replaced and they did them for free when they discovered XXXXXXXX XXXX charged me {$40000.00} XXXX XXXX XXXX with XXXX XXXX told me he will not be doing anything else on my implants even though I was not happy with them. I was got at least a reduction in the bill XXXX XXXX XXXX will not take my calls.,Credit card
10937,"I do have mortgage with Caliber Home Loans for almost 2 years now. My current interest rate is XXXX XXXX. I was on covid 19 forebearance programme with Caliber home loans until XX/XX/2020 and Iam current on my payments, I requested caliber home loans to remove me from from the covid 19 forebearance programme accordingly they removed me in XX/XX/2020, but my report shows me that Iam still in the forebearance plan, I contacted Caliber Home Loans several times to report to the credit buereaus about my current status. Now Iam trying to refinance my house at lower interest rate but becuase my credit shows that Iam still on covid19 forebearance programme I can not refinance my house",Mortgage
10938,"Beginning on XXXX, XX/XX/XXXX, I began receiving emails from the online banking institution called Chime. I had never even heard of them before but I received a welcome email. And a credit builder application email. 

also received an email saying that my debit card would soon be on its way. I also received a text on my cell phone indicating that I could download the chime app. 

I called the Chime customer service number that is listed online, but there is no answer. The automated voice keeps funneling me to select keypad number options to verify my account. I can not ask for an agent or type XXXX. It informed that if I press XXXX and they call me back to verify the account. But when I dialed XXXX, They never called back. 

Somebody fraudulently opened this account in my name. 

The emails they sent me went to a no reply inbox when I attempted to reply. I received a bounce back indicating that they did not read my email. There was no other instruction on how I could email them. They also do not offer email contact on their web page. 

After unsuccessfully calling their customer service lined, I messaged the company on XXXX, they informed that they were indeed a real person and they apologize for my experience, they asked me to call the customer service number, but did not address the fact that nobody answered the number when I informed them. 

Today, XXXX, XX/XX/XXXX, I received another email saying that a debit card is now in route to an address in South Carolina. This is not my address. 

I am reading online that this is not the XXXX  time this is happened to people with this banking institution. I am not sure what else to do.",Bank account or service
10939,"My credit card account was placed under an online freeze due to fraudulent activities on my account. The first week of XXXX I contacted Capital One to request the balance due on the account and an address to send payment in full. I was told that I needed to provide them with a copy of my drivers license, social security card and verification of my address. I sent this information in to Capital One on a secured email link. They said the drivers license had a shine on the copy so I resent the license. They then told me there was an issue with one of the items but they would not tell me which one. They also would not tell me my account balance or an address to send a payment to because the account was restricted. I received a letter dated XX/XX/XXXX stating they had placed a hold on my account and that it was important that we speak as soon as possible to clear up concerns around possible fraud. I called and was told I needed to resubmit my drivers license, SS card and my utilities form. The first week of XXXX I called again and they would not talk with me. They said the account was restricted and a letter from Capital One was being sent to me. I did not receive a letter so I called on XX/XX/XXXX and asked to speak to management. Now they told me the balance on the account and an address to send in a payment. They will not tell me how much in late fees and interest has been charged since XXXX nor will they send me a statement because the account is restricted and they dont know why I was not given the balance and address in XXXX. The company did not give me information needed to make a payment in XXXX or XXXX, therefore I should not be responsible for late fees and interest accrued. They continue to not provide me with a detailed statement with a breakdown in fees owed.",Credit card
10940,"The monthly payment was made, and the bank argued that was not paid and they charged late fees It was automatic payment from my bank and is schedule for the last or first day of the month XXXX payment was made on XX/XX/XXXX, XXXX payment was made on XX/XX/2020, and XXXX payment was made on XX/XX/XXXX, They argue that the payment for XXXX was not done. 
They have charged late fees for 4 months The payments has been done with out delay",Debt collection
10941,"I am filing a complaint against Cash App ( Block , Inc. ) due to inadequate customer service and unfair practices, which violate the Consumer Financial Protection Act ( CFPA ). Specifically, Cash App failed to tak timely and effective measures to prevent ar address fraud on their platform, leaving my account vulnerable and unprotected.

Furthermore, their dispute resolution process was unfair and deceptive, as they did not comply with error resolution requirements under the Electronic Fund Transfer Act ( EFTA ) and Regulation E. These actions have caused significant inconvenience and financial loss, and I seek appropriate redress for these violations.",Money transfer or service
10942,"On XX/XX/XXXX, I attempted to withdraw {$60.00} from an ATM at the XXXX XXXX XXXX XXXX XXXX in XXXX IL. No money was disbursed to me, but Chase ( the bank with which I have a checking account ) withdrew the money from my account. After filing a claim with Chase, they told me they believe the transaction occurred because the owner of the ATM said it occurred. They therefore took the money from my account. This was a fraudulent transaction and I, as the consumer, am being told it is on me to prove that I did not receive funds. Chase offered no assistance and told me to contact law enforcement. Only IF law enforcement proves the transaction was fraudulent will I receive my money back. My complaint is that I am the victim of fraud and Chase is not supporting any efforts to fight this fraud.",Bank account or service
10943,Called my wife about an alleged debt. Then called me. I called back and the woman asked if my wife was available I said no and said I'm her husband. She accepted that as fact without verification and went on to tell me about some debt incurred in XXXX of 2017. When I asked her for a verification of debt she told me I would need to do that in writing and that if I was trying to buy time it wouldn't work. Debt collectors are required by law to proffer a VOD.,Debt collection
10944,"To : Whom It May concern : I am writing to dispute a fraudulent charge on my account in the amount of {$4100.00}, {$9300.00}, {$0.00}.

I am a victim of Identity theft, and I did not make or authorize this charge. I am requesting that the charge be removed, that any finance other charges related to the fraudulent amount be credited, as well and that I receive an accurate statement. This request is made pursuant to the Fair Credit Billing Acts amendments to the Truth in Lending Act, 15 U.S.C. 1666-1666b, 12 C.F.R 226.13. See Also 12 C.F.R 226.12 ( b ) I am writing to request the method of verification for dispute initiated on XX/XX/XXXX and the subsequent response received on XX/XX/XXXX enclosed with this letter. 
In accordance with FCRA, Section 611, I am requesting this information to review for completeness and accuracy and appropriateness. In lieu of sending the information you can reopen the dispute and ensure a proper investigation is performed.

I would appreciate a timely response outlining the steps that will occur to resolve this matter. If I do not receive a response I will have no choice but to exercise my right under FRCA, Section 616, and pursue legal action. 

-- CLOSED ACCOUNTS 1. XXXX  XXXX XXXX with ACCT # XXXX opened on XX/XX/XXXX with a balance of {$4100.00} -This is not my account. 

2. XXXX XXXX XXXX with ACCT # XXXX opened on XX/XX/XXXX with a balance of {$9300.00} -This is not my account. 


-- OTHER ACCOUNT 3. XXXX XXXX with ACCT # XXXX opened on XX/XX/XXXX with a balance of {$0.00} -This is not my account.",Credit reporting
10945,"Hi, I signed up for an online business training program for {$2000.00} onetime payment or a {$2400.00} XXXX time payment with a guaranteed result to either earning our investment back within XXXX weeks or receive a refund. The only condition for such a guarantee was participation in the program. 
Many impressive stats and testimonials were presented to convince the would be participants of the the workability of the program through a big promotional push toward a once a year opportunity that was about to expire. 
Proximately XXXX people signed up starting in the XXXX of 2021 consisting of many seniors and low-income people who were lured into paying for a big pie in the sky that were not delivered. 
After the presale push and the start of the program many hoops and conditions were gradually introduced into their well-oiled deceptive psychology of marketing that we were not aware of before signing up ; conditions and requirements that if they were openly revealed to us before signing up we would have never participated. 
Currently many of the "" helpless participant '' are left with an empty bag full of nothing but lots of hype filled with a bombardment of hallow ideas of online money-marketing ideas. 
I have prepared a document regarding this case and have submitted to PayPal Credit, which is managed by Synchrony Bank. I have followed up with MANY phone calls and they have badly handled my claim, through a series of employees ' errors, but also reversing their decision after resolving it in my favor giving me no logical answers for doing so. 
It appears that my XXXX GB attached document to Synchrony Bank has not been carefully reviewed to detect the fraudulent practice of "" Live Your Massage '' as a company and return my funds back to my account. 
My complaint is about "" Live Your Message '' as well as the Synchrony Bank known more as PayPal  Credit. My attached file- if reviewed properly- is a document that will win with hands down in a court of law.",Credit card
10946,"Sunrise Credit Services continued to call me several weeks ago even though I had asked the company to stop calling me on my phone. It was only after mentioning XXXX XXXX XXXX that the calls stopped. 
A letter was sent to my address but my name is not "" XXXX XXXX XXXX '' ; thus, legally this is not my bill even though my address was used. 
I do not owe XXXX XXXX. This matter had been presented to North Carolina Attorney General and the agreement was that the balance of {$100.00} would be credited by XXXX in lieu that I would not take further action against this party. XXXX was going to take the EBB funds for internet services and still charge me an additional {$50.00} ; the customer service agents were not consistent with what had been advised to me from the corporate office of XXXX. After calling several times to XXXX and being told that I did not have a balance, I believed the agreement had been honored. This collection bill is a surprise and it forfeits the original agreement with XXXX who had been reported to the proper agency for investigation. I have faithfully been a on time paying customer of XXXX XXXX until behaviors that appears to reflect discriminations and incongruent customer service as well as what appeared to be big corporate attempting to take advantage of a XXXX on XXXX, did I notify XXXX  that I would no longer use the services, sent back all of the equipment, and agreed to the credit of {$100.00} in exchange for no further action against XXXX and no further communications to the Executive Office. I no longer received any bills from XXXX and each time I called prior to XX/XX/21 I was told that I had a "" zero balance ''.",Debt collection
10947,"In XXXX I purchased a XXXX XXXX XXXX from XXXX Mercedes. In XX/XX/XXXX I decided to trade the car after an dispute with the company after getting the car serviced and then noticed parts on the car was switched or removed. The XXXX dealership denied taking parts, however, I know what features was on the car and what was not. Upon trading the car to XXXX dealership, i was informed that the Mercedes dealer owed money to me after the contract is closed, for service contracts purchased and not used the whole contract term. My complaint with Mercedes dealership started when the dealer initiated paperwork to reflect that I traded the car in XX/XX/XXXX, however, the car was traded in XXXX, on XX/XX/XXXX. If the date is not correct the amount will not be correct, therefore when I saw the error I contacted the companies in which I purchased the contracts from and requested the date is corrected. At this time I spoke to the GAP insurance company and the TIRE insurance company who both gave me a quote of the amount i should be refunded. The total amount between the two companies was over {$1700.00} dollars. Mercedes Dealership sent me a check for {$1300.00} and I have not cashed it because the amount is not correct. 

.",Consumer loan
10948,"I received a call from Hunter Warfield ( XXXX ). They stated that they were reaching out to settle my account. I informed them that I had negotiations in place. I was informed that there were no notes on the account to reflect that. I confirmed the account number ( XXXX ) and was told that they did not have an email address on file for me. I quoted the settlement offered and attempted to update the person I spoke with. I did not get a name, but they repeatedly informed me that the call was being recorded. The representative was rude, yelled at me several times, and continued to shout over me when I attempted to give her relevant information, such as name and dates. 

My experience with this company has been full of inappropriate behavior for a debt collector. They call repeatedly, and if I send the call to voicemail, they call back to back. They have been dishonest, stating that they had no communication about this debt since 2019, which is untrue. The rep repeatedly threatened me with escalation and legal action.",Debt collection
10949,"I received and property tax bill from XXXX XXXX XXXX XXXX between XXXX or XXXX of XXXX informing me my property taxes were owed. I contacted TD Bank my mortgage Lender about my property taxes and was informed my escrow account had no money. I contacted XXXX XXXX XXXX XXXX located in XXXX, XXXX. to find out why my escrow account couldn't pay my property taxes. They were no help.I contacted my XXXX XXXX XXXX XXXX XXXX XXXX and found either, and, or TD Bank or XXXX XXXX XXXX didn't properly estimate my property taxes when I purchased my house in XX/XX/XXXX. Causing my monthly mortgage to increase by {$500.00} TD Bank spread the taxes out over my mortgage payments. I applied for a temporary forbearance with TD Bank and they lied about my application and denied the forbearance. Currently I'm asking TD BANK for a loan modification. I have little confidence they will approve it. TD Bank, nor XXXX XXXX XXXX did their due diligence from the inception of my home loan process, as simple as contacting XXXX XXXX XXXX XXXXXXXX XXXX XXXXXXXX XXXX to get the correct tax estimate, now I'm paying for their shared incompetence. I feel scammed because they caused me finical hardship.",Mortgage
10950,"I first received a bill for I believe over {$3000.00} worth of damages from XXXX XXXX XXXX XXXX  that were mine. I told XXXX that I was shocked to hear this as I did not damage the vehicle at all. After contacting my former insurance company ( XXXX ), they investigated the matter and found that XXXX failed to conduct a final walk-thru with me, therefore I was not liable to pay anything because there was no proof that the damages were done by me. 

One XXXX was made aware of this, they sent me a bill for the {$750.00} stating that this was the amount I owed for the damages done to the vehicle. I explained to XXXX that XXXX XXXX notified them and myself already, stating that I did not owe any money due to there not being any proof that the vehicles damage came from me. XXXX continued to send me bills for {$750.00} for which I was told I do not owe and will not pay. Currently, the bill is with Transworld Systems Inc., a debt collect agency.",Debt collection
10951,"I purchased a corporate kit on XX/XX/2021, from XXXX, the total amount of {$85.00} was charged to my XXXX account ( See doc 1 original receipt ). On XX/XX/2021, I mailed a money order in the amount of {$85.00} to cover the entire balance of the purchase ( See doc 3 XXXX XXXX. I received an email statement dated XX/XX/2021, for the same amount, with payment due on XX/XX/XXXX ( See doc 2, first statement ). In communicating with the company ( PayPal Credit/Synchrony Bank ), I sent two faxes outlining the payment and where it was sent ( See docs 3 & 4 fax confirmations ). Both faxes included the money order and address, to where it was sent. On Monday XX/XX/2021, I received another email reminding me of my minimum payment ( See doc 5 XXXX XXXX.",Debt collection
10952,My student loans are due for repayment but I can't reach Nelnet. They are my loan provider. I have tried calling numerous times and have been on hold from 1 hr 30 to 2 hrs and I get hung up on after being on hold all that time. I'm trying to arrange for repayment but the servicer is not cooperating. I'm not able to handle the issue on line.,Consumer loan
10953,A credit card was opened under my name and has a balance of {$170.00} and the complaint wont close out the card without me filing this complaint. Had I not received an email this morning I wouldnt even know the card existed as I never received it.,Credit card
10954,"I have spoken to a couple of agents at Capital1 regarding 2 "" cash advance fees '' of {$10.00} each. However, I have not cashed any money from my account, nor used any service authorized to access my cash advance limit. and I have an available credit limit so no need for any company to use a cash advance limit. They were unable to explain where those fees came from, did not offer to credit the fees back, and were not willing at all to try to find a good explanation. XXXX from XXXX center was not willing to work on the issue and hang up the call when I asked her several questions that she was not able to answer as she did not have done enough research on the issue. This card is not having unauthorized transactions from my side but is just being charged those fees directly from the bank without any reason. 
I have not done any cash advance transactions at all. XXXX from XXXX, FL center as well does not seem to help and was very rude in trying to work this issue. XXXX, XXXX, FL. XXXX, a fraud supervisor, has been asked to open a fraud ticket, and she also did not open XXXX, and have not suspended the wrong fees for investigation. I've been very clear to all of them that there were no cash advance transactions ( they then stated an app named XXXX was used for this purpose, and it was used to refill a pre-paid cell phone of mine. Never using cash advance limits but regular limiits, and any fees related to credit avance are unauthorized and fraudulent. Even the {$10.00} ( total {$20.00} ) charged by Capital 1 are fraudulent, illegal, a scam, and I hereby request a refund. XXXX states they do not charge any fees and do not use credit card cash advance limits, but regular credit card limit available specially to refill pre-paid phone services. 
This is not the 1st time I have problems with C1, but this time, this is too much. I demand redress.",Credit card
10955,Fraud activity with my cards on account my information & my account. Cash app just closed my account with no reason to my knowledge. The fraudulent activity was not done by me. Also the issue was a reported issue then my account closed,Money transfer or service
10956,"XXXX is calling several times daily to collect on a student loan. However, whenever I speak to them and tell them I am willing to pay, just not the impossible amount they ask for, they dismiss me or tell me too bad I need to pay. I have been referred by them back to citizen 's bank in order to lower a payment, who then refers me right back to XXXX. I have asked many, many times for a payment plan option of any kind to lower payments where I can actually make them, instead being told there is nothing they can do besides collect the full payment. This payment is about XXXX my monthly income, which is not possible for me to pay with other bills I owe. I have asked over and over for any sort of program to work on a payment low enough for me to pay, because again I am willing to pay ( as I 've stated to them ), but the amount they 're asking for is absurdly high relative to my income and they refuse to help at all.",Consumer loan
10957,"I have a loan through Mohela. I was on the XXXX, and I was on XXXX too. I do have a parent plus loan and no one told me that didn't qualify for XXXX because I'm unable to reach a live person. So I decide, I'll just start the standard repayment of XXXX for 15 years, but I can't do it online. I have to speak with someone. Hence this XXXX hour long wait. Right now I'm at XXXX hours and XXXX minutes. I want to do the right thing but in this day and age, I should be able to do everything online. They keep telling me I can choose online, but that is not an option.",Consumer loan
10958,"I have a mortgage with U S Bank and went in to forbearance when covid hit. My wife and I were trying to be proactive instead of reactive. We were ready to come out after the three months that was agreed upon in XXXX but they extended it without permission for another three months. I called and asked how to cancel the forbearance and the story changes every time I called. First it was when you make a payment itll take you out, next it was we just need an email stating you want out, that was sent back in XXXX. Now I have over {$6000.00} in unallocated funds that obviously are not going toward my mortgage. They have just sent paperwork for me to sign and it was received by me in XXXX, but it states my first payment is due in XXXX of 2020! The amount owed for the forbearance is not accurate its off by about {$1000.00} and I do not understand how my payments have not been being applied to my account.",Mortgage
10959,"These dates are estimatesXXXX XX/XX/XXXX : created account with American Express XXXX card for XXXX bonus points 10x points on restaurants as the sign up bonus ( SUB ) when I signed up there system was down and I had to resubmit my application. 
XX/XX/XXXX : becuase of the system down problem I called to confirm I would be receiving the XXXX points and 10x restaurants on my card as SUB, agent confirmed that and I told him to put a note in the system XX/XX/XXXX : called again to confirm and told me I only received XXXX SUB, agent understood the previous call and opened a case XX/XX/XXXX : received a letter in the mail stating that the SUB was only for XXXX not XXXX XX/XX/XXXX : called Amex agent and told me to disregard that letter sent in the mail and the case was still opened XX/XX/XXXX : called and told me case was closed and they didnt no why, they reopened cased and put priority on it. 
XX/XX/XXXX : Received letter in mail stating I would only get XXXX, called and talked for an hour to a rude supervisor who just wanted to argue. I told him to go back and listen to the original conversation ( since they are recorded ) he got all defensive and said it didnt matter what the agent said. 
XX/XX/XXXX : called again today and was told the same thing about how this could not be fixed as it was not an American express error even though it was. 

I made a post on XXXX about this and it seems to be a very common bait and switch technique that American express uses to lure in customers. If you just type in on XXXX American express bait and switch it is flooded with XXXX   about this. This is very concerning and seems like it could become a class action lawsuit. I will include screenshots of XXXX  in the photos sections. They will also not share the phone calls of the first agent I talked too unless I subpoena it.",Credit card
10960,"I sent a letter requesting that you reinvestigate the disputed accounts from my credit report as well as update these accounts from my report during the investigation period. As of this date, you have failed to respond to my request. Here are the accounts that I wanted to fix. 
XXXX XXXX Balance : {$7500.00} XXXX  XXXX Balance : {$9400.00} XXXX XXXX Balance : {$4100.00} XXXX  XXXX Balance : {$11000.00} XXXX XXXX Balance : {$13000.00} XXXX  XXXX Balance : {$62000.00} XXXX XXXX Balance : {$29000.00} XXXX  XXXX Balance : {$25000.00} XXXX XXXX Balance : - XXXX XXXX Balance : -",Credit reporting
10961,"Our home flooded due to XXXX XXXX on XX/XX/22. We had flood insurance. It took us XXXX months to get a settlement from our flood insurance. XXXX check is written out to us the home owners and Wells Fargo who holds our mortgage. Wells Fargo 's process in order to get the largest check deposited requires us physically mailing a check to their location in XXXX XXXX. We are quite hesitant to do this as we do not want to risk having the check lost in the mail and request a new check from our insurance company as that was a lengthy process already. We have already come out of pocket to repair our home thus far, we have never been late on our mortgage payments, we have multiple accounts with Wells Fargo some accounts being over XXXX XXXX XXXX. We requested to have the process expedited to not require the mailing of the check, but were told that was denied by an executive team with no explanation of why. Our only option to not risk mailing the check is to continue paying out of pocket, so an inspector from Wells Fargo considers our home 75 % repaired and they will endorse the check at a local branch. This is unacceptable, especially when we do not consider ourselves a financial risk to Wells Fargo. I want an explanation on why they will not endorse our check and allow us to deposit it so we can continue to complete our repairs. Wells Fargo created a process that hurts those who have already dealt with so much from a natural disaster and has no humanity in assisting us when we have been good customers of theirs. All we want is to complete repairing our home and continue on with our lives.",Mortgage
10962,"I've been having trouble adding my other bank information onto my Ally bank account. It would tell me that they were not able to process my transaction at this time. I called Ally Bank on XX/XX/year>, spoke with a gentleman who said they needed to submit the issue to XXXX Department to see what was going on with my account, which made no sense to me. It's just a basic money market savings account. Now it's going on two weeks -- It doesn't take that long. I think they're just trying to buy time.",Bank account or service
10963,"Back in 2010 we were XXXX of the XXXX victims described in the Flagstar Bank lawsuit that has since been settled. We were strung along for months trying to get a loan modification, only to be denied. The entire time Flagstar Bank was telling us they were processing our paperwork, they were also going forward with the foreclosure. An agreement wasn't reached until the day before our home was to be auctioned off at the court house in our hometown. We ended up re-working the loan, which added back in all of the past missed payments, lawyers fee 's, etc. We had to take it because we didn't have a choice. The reason i contact you today, is because i have just learned of this settlement, and we were never notified. I understand if too much time has passed, but i just wanted to check on it. We were wronged, embarrassed, and suffered lots of sleepless nights and marital problems and we feel we were never given an apology of any type or Flagstar admitting any of it's wrongdoing. 

Thank you!",Mortgage
10964,"We have spent over 5 hours on the phone with Equifax trying to get signed up for their Trusted ID because the  verification link does not work ( we have tried for 8 days all hours ). When you call after over 50 minutes on hold twice they have hung up on us because they do not know what to do. Same phone hang up when trying to get a freeze put on the account at another number Equifax gave us for that "" service ''.",Credit reporting
10965,"After my private loan, rate reduction plan expired I was offered a renewal by email pending my financial statement. I supplied my financial statement as requested and received more emails threatening to return to {$5000.00} per month payments if I did not renew. After calling to inquire, I was told that the interest rate would be doubled for the renewal, raising my payment beyond the unaffordable payment of $ XXXX/mo I was already paying for the {$270000.00} in private navient managed loans. I lieu of my other private loan payment of {$240.00} per month for a {$26000.00} loan, and payments to DOE for $ XXXX/mo on a {$500000.00} note, as well as other credit cards of $ XXXXmo, and car payment of $ XXXX/mo, a larger payment would not allow my family of size XXXX, with a XXXX wife, to eat or pay for childrens insurance nor educational expenses. When calculated without the private loan payment my disposable monthly income is currently {$210.00} dollars. I make an adjusted gross income of {$65000.00} per year and my wife is unemployed, as she provides childcare to our XXXX and XXXX year olds. My next resort appears to be bankruptcy, and I realize it is a barely even a temporary solution.",Consumer loan
10966,"1st complaint # - XXXX I originally filed my first complaint XX/XX/19. After speaking with XXXX the branch manager on XX/XX/19 & requesting she stop contacting my job ; she called back to.my office again XX/XX/19 to harass me on my job for the 2nd day in a row. After speaking with me at my job & still threatening to have me arrested at my job site, XXXX then called my husband back & threatened him again with have myself and him arrested. 
I have explained multiple times that I do not have payment & for her to follow whatever course she needs to. XXXX has continued to call my job after being told to stop. She is still threatening my husband & still threatening to come to my house. 
Also after she made threatening phone calls, she ran my credit XX/XX/19 without permission & her comment to me was she was calling every contact she could to.force me into the branch to redo.loan which I have refused to do. 
XXXX, branch manager will not stop making harassing and threatening phone calls to my job or spouse. 
Please make it stop!!",Consumer loan
10967,"My attorneys and I have been trying to complete the sale of my home. We have been unable since 2015 due to the fact Specialized Loan Service refused and stated to us that Intervening/Mortgage assignment documents does n't exist leaving us with no option but to sit and continue to accumulate unfair fees and SLS lawyer and other fees. When my attorney asked XXXX and her supervisor for SLS attorney information they stated that they could not provide that to him. I have spoken to XXXX, XXXX, XXXX, XXXX, XXXX, XXXX and several other agents. My information continues to be passed and ignored. Today, instead of the mortgage assignment documents being sent to me. I received the mortgage assistance documents not what I asked for. I am a recently divorced mother of XXXX kids with no income due to a medical illness. I need to sell in order to care for my family, bills and my XXXX.",Mortgage
10968,"I am filling a complaint against cash app ( block , inc ) due to inadequate customer service and unfair practices, which violate the consumer financial protection act ( CFPA ). Specifically Cash App failed to take timely and effective measures to prevent an address fraud on their platform leaving my account vulnerable and unprotective furthermore their dispute resolutions process was unfair and deceptive as they did not comply with errors resolution requirements under the electronic fund transfer act at ( EFTA ) and regulation E. These actions have caused significant inconvenience and financial loss and I seek appropriate redress for these violations.",Money transfer or service
10969,"On   XXXX   XXXX   XXXX    , I notifie d RMS Recovery Management Services , Inc.  in writing that I was unaware of the debt they claimed I owe from over 20 years ago, requested validation of my  debt to RMS and no tified them to cease and desist all communications in attempt to collect this debt. This included phone calls to third parties. On   XXXX   XXXX   XXXX    ,  XXXX   XXXX  of  RMS called both  my number and my employer, which has caused damage to my employment.",Debt collection
10970,"I have faxed over documents to Midland Funding on XX/XX/2022 for a debt validation for {$610.00} per the Fair debt collection practices act, 15 usc 1692g. I requested they office provide me with competent evidence that I have any legal obligation to pay them. They have failed to provide me that information, instead they provide what looks like an old bill from an unknown address. They also failed To stop telephone contact after my cease and desist to stop phone call attempts. *Documents are attached of what I sent company and what company to to my response*",Debt collection
10971,"On XX/XX/2018, I called University of XXXX, they gave me the number to the collection agency.. I called and was informed that they put my account with ATG Credit. I called and spoke with a lady nd verifies my address, name, social security number and all. I asked her when did they receive the account and all she said was One day last month I never received a debt validation letter from them. They also had my current phone number and still never called me.",Debt collection
10972,I had an Apple credit card with Goldman and Sachs. I closed this credit card and paid it in full in XX/XX/2021. There have been fraudulent charges made on this card which I am unsure how as I closed this card over a year ago. It has been reported to the credit bureau that I have 5 missed late payments and this has greatly negatively affected my score. I need this resolved ASAP and there late/ missed payments removed from my credit report as the information is inaccurate.,Credit reporting
10973,I recently viewed my credit report and found inquiries that I did not authorized nor have awareness of. One of them is ALLY FINANCIAL Date of Inquiry XXXX. The Bureaus are violating my rights according to the FCRA Law by allowing other company have access to my file. Please help me have these inquiries deleted as soon as possible as this is hurting my credit score.,Credit reporting
10974,"My mortgage payment went up {$44.00} a month, called carrington mortgage. They explained that by law they have to have a cushion in my escrow account.. My mortgage was sold to them from XXXX XXXX XXXX, which on some months I was able to pay extra on my mortgage principal",Mortgage
10975,"am filing a complaint against Equifax for failing to properly investigate my disputes regarding inaccuracies in my credit report. 
Despite my submissions, Equifax consistently responds within 24 hours stating the account is accurate, without providing any evidence of a thorough investigation.

This practice violates the Fair Credit Reporting Act ( FCRA ), 15 U.S.C. 1681i, which mandates a reasonable investigation of disputes. Furthermore, Equifax 's actions may also contravene the Consumer Financial Protection Act ( CFPA ), 12 U.S.C. 
5536 ( a ) ( 1 ) ( A ) - ( B ), as highlighted in the CFPB 's recent administrative proceeding the account is accurate, without providing any evidence of a thorough investigation.

This practice violates the Fair Credit Reporting Act ( FCRA ), 15 U.S.C. 1681i, which mandates a reasonable investigation of disputes. Furthermore, Equifax 's actions may also contravene the Consumer Financial Protection Act ( CFPA ), 12 U.S.C.

5536 ( a ) ( 1 ) ( A ) - ( B ), as highlighted in the CFPB 's recent administrative proceeding ( File No. 2025-CFPB-0002 ) against them for similar violations. I request that the CFPB take action to ensure Equifax complies with federal law and provides consumers with the necessary proof of investigation.",Credit reporting
10976,"I was shocked to find inaccurate accounts on my credit report this evening, and Im completely clueless as to how they got there. When I checked it as I normally do, I noticed these discrepancies that seemed to appear out of nowhere. I even refreshed my browser, thinking it could be a glitch, but the errors didnt go away. I need assurance that the documents I've submitted will be thoroughly reviewed, so I can finally stop worrying about this.",Credit reporting
10977,"Several checking/savings accounts were opened in my name by Bank of America which were not authorized. I had an account at one or more times, BOA reps insisted I opened a second account which would be used solely for bill pay, second account was opened and which several fees including overdraft were charge to it. These accounts were not authorized. XXXX XXXX engaged in the same behavior and offered a settlement for fees charged to unauthorized accounts. I request a refund of any and all overdraft fees charged to accounts opened by BOA without my consent.",Bank account or service
10978,I have had XXXX cards change their limit on me my spark which is a business card my XXXX and my XXXX XXXX all have went down on their credit limits i feel this is totally unfair to a customer who never been late on payments or whos never missed a payment now if I was irresponsible then yes but my credit score just suffered a lot now because I have high utilization this is hurting my business and personal credit once again I have never missed a payment or beer late and they dont think about the consumer and how this will affect their credit score which is totally unfair I feel if I was irresponsibility then yes but this shouldnt legal and if they did wan na take there credit limit down this was there choice it shouldnt affect consumers credit score because its a loss loss I lost the credit and my score goes extremely down totally unfair we need much better laws as consumers,Credit card
10979,Paypal refunded my account A refund to card amount of XXXX $ Another refund to card amount of XXXX $ paypal gave me numbers for the bank XXXX did a investigation with numbers provided by PayPal and stated no transactions what so ever has come onto my account from PayPal I need answers paypal I keep going back and fourth is it possible you guys put a number wrong so basically I'm out XXXX $ that was due to me I need something done about this I'm entitled to my refund XXXX doesn't have the refunds the numbers you keep provided to this complaint doesn't help the fact I don't have the refunds,Money transfer or service
10980,"After finally receiving money from CA EDD, now bank of America EDD account won't allow us to transfer all of the money out to our account. They cap it at $ XXXXweek. We called and got transferred to 4 different people with different instructions and policies. The 4th manager said he remembers a form that we can fill out to transfer all the money out at once, but can not find the form. He recommended that we just send out {$5000.00} a week. We couldn't believe it so called back again with a different representative telling us that there's no such exception with the transfers unless we go to the physical location and they can do it. We spent 30 minutes in line at the bank just to be told that there's a cap of $ XXXXweek when we do it at the physical location. We got so frustrated and filed a complaint with "" Consumer Financial Protection Bureau ''. The representative contacted us after a couple days, got the story and said she would email us. It's been 4 days and we called twice to follow up with no return phone calls and no email nor resolution. Our money is still stuck with Bank of America. This is madness that after the state screws up and delays, then it's the bank 's turn to hold our money hostage during this whole pandemic. We are forced to use Bank of America through EDD and it's not a choice. EDD automatically transfers the money and provide us with a debit card with this bank of America. Not sure why they don't just allow us to do direct deposit into our personal accounts. I am also concerned of keeping my money in the Bank of America EDD account for long as the news have been reporting a lot more theft associated with these accounts. I also don't want to be providing a 0 % loan to bank of America. Whenever we do something late there's always charges associated, but when the bank screws up the consumers also pay the price. This incompetence and callousness has to stop. I need resolution ASAP and not in a month due to the bank 's incompetence.",Bank account or service
10981,"I had a Kohls charge account for the past 7 or so years. Out of nowhere, I began receiving email from Capital One stating that my account was past due, unpaid, and also being reported to the credit bureaus. I had no knowledge of any Capital One account, card, or anything having not received a card, statement, nor not even having signed up for a Capital One account. When calling into Kohls customer service, I was advised that I had a XXXX balance on my Kohls account. Reportedly, these companies merged sometime last XXXX. I called into Capital One credit services and requested a card, a statement, or any information regarding this account. They have denied me any access to this. I am currently being charged interest, late fees, having my credit affected regarding this "" account '' to which I have no access, knowledge nor have agreed to any terms and conditions for using. I have reported this to the credit bureaus but still can not procure any information as to the inception of this account, or any means to rectify the balance, even though Kohls has stated I did not owe them any money. I did not agree to a Capital one card at any point in the last 24 months, nor do I even have a card in physical possession to use, or any statement to confirm these charges.",Credit card
10982,"XXXX XXXX. XXXX ( A ) ( XXXX ) A person shall not furnish any information relating to a consumer to any consumer reporting agency if the person knows or has reasonable cause to believe that the information is inaccurate. 
The names on my credit report personal information are different people different spellings I have never applied for a card under these aliases or a loan under these aliases and addresses",Credit reporting
10983,I XXXX XXXX made a money transfer through zelle a financial institution recommended by XXXX XXXX XXXX for the amount of XXXX dollars the transfer was made to a XXXX XXXX account belonging to my colleague XXXX XXXX zelle allowed the transfer of XXXX dollars only requiring the phone number no other information and transferred that amount to the wrong financial institution XXXX XXXX XXXX. This transaction was made on XX/XX/2019 I Made a claim with XXXX XXXX XXXX. Bank institution this claim was made on the XX/XX/2019 the claim came back denied on the XX/XX/2019. I was later informed by calling chase about the denied claim that that amount of money is now lost.,Money transfer or service
10984,"Received a Civil Summons from Gurstel Law Firm P.C. on behalf of XXXX XXXX XXXX of which I have never had a contractual agreement, fall of XXXX. I was served and acted ubder duress and fear of being garnished. I have now become aware of the CFPB and the role that your agency plays in ensuring that consumers are not taken advantage of. Gurstel Law Firm P.C. has obtained funds from me without providing the following : validtion of the debt, legal right to collect it. I believe that the Gurstel Law Firm P.C. acting on the behalf of XXXX XXXX XXXX, under 15 U.S.statute192g ( b ) : Under the FDCPA, debt collectors are obligated to validate the debt upon request. This includes providing prrof thatI owe the, proof that the debt collector has the legal right to collect it, and verification of the original creditor. If no validations is provided, you are required to cease collection and reporting activities.",Debt collection
10985,"To whom it may concern, I am writing to you regarding the collection accounts associated with my name. My attorneys have arranged payment for these accounts, and I am pleased to inform you that all arrangements have been accepted.

In consideration of the payments I will be making, I kindly request a formal agreement stating that all collection accounts associated with my name will be removed from your records and any credit reporting agencies. I believe this arrangement can provide a positive outcome for both parties. 

Please send me a written confirmation of this pay-for-delete agreement, including the total amount to be paid and the timetable for removing these accounts from any credit reports after payment is made. 

I appreciate your cooperation and look forward to resolving this matter amicably. You can reach me through my lawyers for any further discussion or confirmation. 

Thank you for your attention to this important matter. 

Sincerely, XXXX XXXX",Credit card
10986,"I scheduled a payment of {$18000.00} on XX/XX/XXXX at XXXX PST to pay off my student loans through the website. This was the entire loan balance left on my account and the website did not allow me to enter any values above what I owed because it is the maximum amount. The payment processed on XX/XX/XXXX and the balance on the website after the payment processed was {$0.00}. I checked my Nelnet account on XX/XX/XXXX and now I owe {$100.00}. I don't know where this {$100.00} came from. I contacted Nelnet, spoke to a representative over the phone, and the representative mentioned that processing payments take time, therefore while my payment was processing, interest accrued. However, after my payment in XX/XX/XXXX processed, I somehow still owed {$100.00}. The representative later told me that the {$100.00} is from the interest accrued by XX/XX/XXXX, but this was never reflected on the website and was not calculated as part of the payment balance. 

The representative also told me that if I paid {$100.00} today ( accounting for interest accrual until the payment processes ), I would payoff my loans. When I tried to enter this value into the website, an error occurs where I can not make a payment value ( {$100.00} ) that exceeds my balance value ( {$100.00} ). 

The Nelnet website provided me with inaccurate information about my loan balance and persists the inaccurate information by not allowing the user to enter a value higher than the inaccurate account balance to pay off the balance ( accounting for interest accrual for the days it takes to process the payment ). How is a user supposed to know that the balance on the website is not the entire balance?",Consumer loan
10987,Opened a business checking account with a {$200.00} cash bonus promotion if {$1000.00} in new money was deposited within 90 days. I have not received the bonus as advertised even though I deposited the required amount of new money with the 90 day time frame.,Bank account or service
10988,"I am requesting assistance with a credit card dispute involving XXXX charges on XX/XX/year> totaling approx. XXXX $ XXXX dollars for a taxi ride in XXXX. I disputed these charges with the card issuer, Comenity Bank, which services a credit card associated with XXXX. I was later told that my dispute was closed because I did not respond to a letter requesting additional information. I never received that letter. As soon as I learned of this, I sent a written response by certified mail, which the bank received and signed. Despite receiving my response, the bank has not reopened the investigation and continues to charge interest on the disputed charges. The ride itself was extremely short - approx. XXXX mile. We had walked to our destination earlier in the day and only took a taxi because it was dark and we became disoriented. We do not remember taking XXXX taxi rides that evening. We were charged approximately XXXX $ XXXX Dollars for XXXX taxi rides. The excessive charge for such a short ride is clearly inconsistent with the service received.",Credit card
10989,"I cant repay this I asked for lower payments, when filing for this I was told something by the school which ended up being different I filed Bankruptcy and that was supposed to help but really did not I have tried to work more and XXXX jobs with no luck. Can you help??",Consumer loan
10990,mohela changed the account number in mid XXXX those payments are not showing under under the new mohela account number. we sent mohela proof of payment that shows their complete previous account number from my XXXX  XXXX XXXX checking account ; and mohela still has not found those payments and apply to the new mohela account number. we asked for copy of all our payments. nothing has been done today. we continue to make payments. never missed a payment. this is causing extreme stress and desperation.,Consumer loan
10991,"The Credit Agencies never did a proper ''investigation '' according to the FCRA XXXX 

The term investigative consumer report or portion thereof in which information on a consumer 's character, general reputation, personal characteristics, or mode of living is obtained through personal interviews with neighbors, friends or associates of the consumer reported on or with others with who he is acquainted with or who may have knowledge concerning any such items of information. 
They did not do this. 

Also, they have violated my rights even more in accordance with the fair reporting act everything has to be 100 % accurate on my credit report. 

The credit agency stated my account was properly investigated but how is that possible if the open date is inaccurate, the date last active is inaccurate, and date last reported is inaccurate. which is grounds for removal. 
They also violated the law, because according to, 15U.S.C.1681 section 602 A states that I have the right to privacy.

15U.S.C. 1681 section 604 A section 2 also states a consumer reporting agency can not furnish an account without my written consent or instructions. 
i didn't give anyone written consent or instructions.",Credit reporting
10992,I tried to log into my chime account on XX/XX/year> and it said my account was closed and to call chime. When I called a chime agent said they didn't have any information on why my account was closed and I would not be getting a refund of approximately {$3700.00},Bank account or service
10993,"I attempted to close my credit card with Commerce Bank on three separate occasions. The first time I tried online, received a notification on the screen that the account was closed, but it was still showing up 2 months later in my online banking page as active. The second time I tried over the phone, they claimed I could not close it because it had a pending charge. I asked to not let that charge go through, but they refused. The third time I went into the bank branch, with a family member as witness in XX/XX/XXXX, and closed both checking and credit card. I was assured the accounts were all closed and I had no cards or accounts with them. I continued to monitor my account, but 2 months after my online banking information was deleted as I had no accounts to watch. I then moved states a few months after that. I have received no contact from Commerce Bank. 

In XX/XX/XXXX, I received notice from the people that lived at my previous address that I had mail from Commerce. It ended up being a "" missed payment '' notice. When I called the bank to inquire why this account was still actively being charged, they informed me that it had NEVER been closed and was still active. It was a fraudulent payment from XXXX in XX/XX/XXXX from California and is now on my credit report. This would not have been possible had they closed the account when they told me they did.",Credit card
10994,"I am requesting for late payments from XX/XX/2020 and XX/XX/2020 be removed from American Honda Finance on my credit report. My household was greatly affected and experienced financial hardship from COVID-19. I contacted American Honda Finance in advance to make them aware of my situation twice and I was advised that there was no assistance available ( ie. reduced payments, deferred payments, etc. ). 

Additionally, I requested for removal of the late payments and my request was denied.",Consumer loan
10995,"XX/XX/XXXX I busted an XXXX in my XXXX  so I had to get XXXX and because of that I was out of work for awhile. I took a look at my credit report and I have three missed payments on XXXX, XXXX, and XXXX of XXXX. In accordance with the fair credit reporting act this creditor has violated my rights under 15 USC 1681 Section 602 states I have a right to privacy. 15 USC 1681 section 604a section 2 it also states a consumer reporting agency can not furnish an account without my written instructions. Under 15 USC 1666b a creditor may not treat a payment on a credit card account under an open end consumer credit plan as late for any purpose.",Credit reporting
10996,"According to XXXX the Credco is 3rd party mortgage agency ran my credit twice for rehab mortgage, I'm unaware of the signed credit authorization for Credco to run my credit for rehab mortgage are misleading and time wasters.",Mortgage
10997,"The loan originating fees were changed for no reason. These are the highest loan originating fees amongst all players and still they were increased even after being the highest. 

Please investigate if Pulte is consistently applying the same originating fees irrespective of the borrower",Mortgage
10998,"My mortgage Application was canceled. I started this process in XX/XX/XXXX and licked my interest rate in at 2.875. The canceled my application because they said they requested updated documents in XX/XX/XXXX that had to be uploaded by XX/XX/XXXX. I never received any emails or mail requesting documents. I uploaded them on XX/XX/XXXX because I had retained an attorney for a title issue and thought something was going to get done but this was not a request by BBT. I have requested proof because there is no way I would let that rate slip by since the new 15 year with BBT is 3.5 %. I had agreed to extend the rate lock until XX/XX/XXXX and have the document proving that. I was having trouble with the appraisal, I had that completed in XX/XX/XXXX and submitted a ROV on XX/XX/XXXX. They sent it to the appraiser one month later and they did not reply to his request. I have all the documents to prove this. This is an unfair and deceptive situation. It seems like the right hand does not know what the left hand is doing there. This could be tens of thousand in interest and this only benefits them since now I have to apply at a time when rates a severely increased.",Mortgage
10999,"On XX/XX/XXXX {$4000.00} worth of fraudulent charges were made at XXXX XXXX and XXXX XXXX stores with my Chase credit card. 
On XX/XX/XXXX upon discovering the charges on my statement I called Chase to report the charges and communicated I did not know where my card was. The account was closed and Chase sent a new card. 
On XX/XX/XXXX Chase mailed a letter stating that I was responsible for the fraudulent transactions. 
I called to inquire and submitted the claim for a review. 
On XX/XX/XXXX Chase mailed another letter stating that the transactions were still valid and I would be responsible for them. 
On XX/XX/XXXX I filed a police report after Chase asked whether I had filed one. I submitted the claim for 2 more reviews and on XX/XX/XXXX and XX/XX/XXXX Chase mailed letters stating the transactions were still valid and I would be responsible for them.",Credit card
