row_number,narrative,label,confidence,notes
10001,"Essentially I've applied several times through FBC mortgage to lower my mortgage payments as I fell behind after I lost my job. I was unemployed for XXXX months and my ex-wife ( whose only on the deed ) declined to help with payments. I accumulated XXXX in delinquency. 
 
 My payments have increased from purchase in XXXX from approximately {$3000.00}, to now $ XXXX the latest loan modification as of XX/XX/XXXX, is an offer asking to push my intrest rate from XXXX to XXXX and increase the mortgage to {$4400.00}, but wipes out the delinquency. 
 
 This does not help me at all however as ill be back in the same situation even though im now employed again. But I may be forced to accept this offer as I hold a XXXX XXXX",Mortgage,High,
10002,I was sending money through PayPal on XXXX to a family member. I clicked on resend this transaction ; as I have sent money to this person in the past and verified that the phone # was there and changed the amount to {$95.00} the amount I was wanting to send. I send the funds and now when I go into the payment the recipient is now an email address. It is a fraudulent email address of the recipient XXXX. This is not the place I authorized the funds to go. I opened a case with PayPal and they closed it stating I authorized the transaction. Which is not true as the recipient has been changed. I tried closing my account with them as I don't want to use their service any longer and was getting an error message. When I contacted Customer Service they said they couldn't close the account due to the outstanding payment. Which cleared my account today. Since they haven't received payment I would say they recipient didn't get the money so why couldn't they stop the transaction and send it to the correct recipient. I'm attaching both the receipt for the previous payment and the current one from XXXX. I also included a screen shot of the screen showing the correct account when I click on resend.,Money transfer or service,High,
10004,"I deposited an {$11000.00} cashiers check from XXXX XXXX XXXX at U.S. Bank in XXXX, TN on XX/XX/2025. I verified the check with the issuing bank prior to deposit. The issed check date was XX/XX/2025. 
 
 U.S. Bank placed a full hold on the deposit until XX/XX/2025, even though Regulation CC ( 12 CFR 229.10 ( c ) ( 1 ) ( v ) and 229.13 ( b ) ) generally requires next-day availability for the first {$5000.00} of a verified cashiers check.
 
 This hold caused overdraft fees on my account. I have contacted both my branch and corporate customer service, but they are giving conflicting information and will not release any portion of the deposit.
 
 I request CFPB assistance to : 1. Ensure the first {$5000.00} is made available immediately, 2. Reverse all overdraft fees caused by this hold, and 3. Obtain written confirmation of any exception hold code applied by U.S. Bank.",Bank account or service,,
10008,My information was given to you which is a direct violation of my rights under 15 USC 1692 are you familiar with that law? I never signed a contract with you guys therefore you should not have my information. You are also reporting inaccurate information due to i have not signed any contract with you. I would also like to enable a cease and desist so that you do not attempt to contact me again via phone mail or email. Thank you in advance.,Debt collection,High,
10011,"I am a victim of identity theft, and this company has no record of me signing a contract with them claiming this debt belongs to me. I asked the company XXXX times to provide documentation that this debt belongs to me, and they haven't provided any documentation yet. I need this removed from my account immediately please.",Debt collection,High,
10018,I never received information for an unauthorized charge. XXXX was returned with item sent. Company is being difficult. American Express gave me a solid decision they refunded the {$3600.00} and it was final then they reversed it after that. I need item or my money or someones name I can file a police report.,Credit card,High,
10019,I have been getting repeated emails from TrueAccord ( on behalf of XXXX XXXX ) for debt I do not owe. Nothing was showing up on my credit report for this debt and Ive never taken out of loan from XXXX XXXX. I called TrueAccord finally because I was tired of getting emails. They are investigating it as potential fraud but Im concerned theyll keep trying to collect from me. How are they getting my information to collect a debt that I do not owe?,Debt collection,High,
10024,I paid my Citibank the entire balance of my account. I mistakenly over paid the amount due and my account ( which is currently closed ) has a negative balance of XXXX. I have requested to have have the funds returned and the Citibank is holding the return for an unspecified period of time. Citibank had confirmed that funds have been received by them but they still refuse to refund the outstanding balance inspite of repeated attempts to have them wire the funds to my account.,Money transfer or service,Medium,
10026,"Chase Bank is now denying customers the right to login to their accounts unless they sign a Consent Agreement to receive statements and other documents electronically. Based on my understanding, this is a violation of Federal law. Customers have the right to instruct financial institutions as to what documents, if any, they would like to receive electronically. This consent should not be procured via extortion. Your prompt attention to this matter would be greatly appreciated.",Bank account or service,High,
10028,I get phone calls and letter for a collection agency trying to collected money for bills who I did n't know was on collection. I get multiples phone calls treated me of jail. I never received a bill for the previous company with an amount to paid. I want this harassment to stop immediately before I request some compensations for this issue. I am on DO NOT CALL list and still get call from collections who used difference number to get me answer. I returned my equipment from XXXX when I closed my account and the company send my account to collection agency.,Debt collection,High,
10029,"I was sold a vehice by drivetime and XXXX XXXX-upon trying to switch insurance companies I discovered that my car has a salvage title which was not disclosed to me in any of my loan documents and nor does it show in the banks system according to drivertime and XXXX I have spent over an hour on the phone with both companies and nothing has been offered to me except for an image of my title and they told me to take the matter up with the XXXX. Drivetimes address is XXXX XXXX XXXX XXXX XXXX, XXXX, Az XXXX please help me at this point I feel powerless and they are not helping me.",Consumer loan,High,
10038,"I hope you're doing well. I've run into a bit of a problem. While going through my credit report, I noticed some things that don't seem quite right, and it appears my identity have been stolen online. My nephew, who's studying XXXX XXXX, helped me out by finding a way to check if my XXXX emails were involved in this breach. To my surprise, it turns out that XXXX out of XXXX of my emails contain a lot of my sensitive and personal information. I want to emphasize that I'm not the one behind these accounts. It would mean a lot to me if you could assist in removing the following from my credit report. these are the inquiry : XXXX XXXX || Date of inquiry : XX/XX/year>",Credit reporting,High,
10045,"As a person who was under the XXXX XXXX I was in line for XXXX to be forgiven last year in XXXX. I was paying {$1200.00} a month. Now because of this ridiculous litigation hold and an attempt to pay the remaining XXXX months for forgiveness, my payment has now increased to $ XXXX month now under the ICR? In what ways has this helped the people! This only increases the financial burden to a person who would not even be paying these loans if there was no litigation. Now I have to come up with an additional {$3000.00} to even pay off the next XXXX months to qualify for something I qualified for over a year ago - or would have qualified for had there not been a litigation hold in XXXX. This hold took place in XX/XX/year>, my XXXX would have been completed in XX/XX/year>. How is this appropriate for individuals who were actually making payments?",Consumer loan,Medium,
10047,"Experian claims it verified 2 collection accounts reported on my credit profile, one with XXXX XXXXS and the other with XXXX XXXX XXXX XXXX. 
 
 I sent a Method of Verification request, which they received on XX/XX/2018. By law they have 15 days to comply with my request, ot delete items from my credit profile. 
 
 To date neither has been done.",Credit reporting,High,
10068,"I am writing to you regarding my loan for hardship for the second time. In XX/XX/XXXX I filled a complaint against my bank who in return told you they would work with me. It was not true once you close the complaint they ask me to fill out a hardship letter for the third time so I did. I faxed it on XX/XX/XXXX & XX/XX/XXXX to the bank. On XX/XX/XXXX I received a foreclosure notice on my house, and yet still today I have not received a denial letter from the bank. I am XXXX years old and have had my house for over 15 years. I would love to keep my house so I hope the bank will help me.",Mortgage,High,
10084,I recently noticed that I could not access my account saving account. When I called Chase Bank they notified me that my account had been closed. I had only deposited a few checks and had no withdrawals on the account. It was closed within 15 days of opening.,Bank account or service,High,
10085,"XXXX I visited the dentist. Initial consultation and XXXX XXXX taken. No other services performed. The XXXX provided me an estimated cost of services to be performed. XXXX XXXX office applied for financing for XXXX services on my behalf requesting the full amount of the estimated services to be performed {$11000.00}. XXXX Credit card company approves and disburses financing to the XXXX for the full amount of estimated services to be performed {$11000.00}. I informed the XXXX that I could not afford this expensive treatment and I would not be obtaining the services and/or keeping my appointment on XXXX. XXXX Is the day I had the appointment to begin my XXXX services but I never showed up for the appointment. XXXX XXXX office charges/bills my account for the full amount of the estimated treatment of {$11000.00} even though I did not show up for the appointment and I did not have any services performed. Note : No XXXX treatment was performed beyond XXXX XXXX on the initial visit. No impressions, lab work or dental procedures were completed. Financing was processed for services not rendered. I have made multiple attempts to correct this issue with the credit card company and the dentist with no success. Now the credit card company is assessing interest, penalties and has sent this debt to collections.",Credit card,Medium,
10091,"The List of accounts below has violated my federally protected consumer rights to privacy and confidentiality under XXXX XXXX XXXX XXXX XXXX XXXX XX/XX/XXXX {$1300.00}, XXXX XXXX XX/XX/XXXX {$1300.00}, XXXX XXXX XXXX XX/XX/XXXX {$0.00}, has violated my rights. 
 According to the Fair Credit Reporting Act, whenever a consumer reporting agency prepares a consumer report, it shall follow reasonable procedures to assure maximum possible accuracy of the information concerning the individual about whom the report relates, according to 15 USC 1681 ( e ) ( b ).
 
 According to 15 USC 1681 ( 5 ), they are supposed to treat inaccurate or unverifiable information by promptly deleting or modifying it.
 
 According to 15 USC 1681s-2, they are not supposed to furnish any information that is known or believed to be inaccurate.",Credit reporting,High,
10098,"I took out a loan for XXXX school that I believe was XXXX. It is now $ XXXX since it took be a bit to find a job, then my first job paid me $ XXXX a year. I am on a PAYE plan, for lowest possible payment, as I am married with a child. My loan increases because of my absurd interest rate ( 6.55 to 7.5 ). By the time I am forgiven for my loan based upon my plan ( 25 years ) I will have paid more than I took out. Then, I will get taxed as income the forgiveness, essentially resulting in me paying off my loans for the rest of my life. Interest rates go down everywhere but for student loans. 
 
 I can not file married jointly for taxes because otherwise the PAYE plan will double my payment. Therefore, I file married/separate and as a result, I can't take advantage of a childcare credit. I also get no deductions for interest payments because of a ridiculous law. 
 
 This must stop. It is ruining my life.",Consumer loan,Medium,
10106,"We purchased a home and opened an Ikea Projekt card through Comenity Bank to help us finance our home projects. The terms of the card state that purchases over {$500.00} qualify for a 6-month 0 % APR, purchases over {$1000.00} qualify for 12 months at 0 %, and purchases over {$2500.00} qualify for 24 months at 0 % APR. Due to the logistics of our needs, we made 4 purchases, 2 over {$2500.00} that qualified for the 24 months and 2 over {$500.00} that qualified for the 6 months 0 % APR. We are now 2 months into our repayment, and our payments, including the amount over the minimum, are being applied to the largest balances first. We have been told we are not able to designate which balance our payments are applied to, even the excess of the minimum payment, unless we make a payment that pays one of the promotional balances in its entirety. Essentially, to avoid paying interest we have to make lump sum payments in the amounts of the two smaller 6 month amounts, which is a stark contrast to the advertised intention of dividing the cost of a project over a 6 month period. Rather than applying payments to the lowest or nearest term balance, in a way that is beneficial to the consumer, Comenity is insisting their system is only able to apply payments to the highest balances first, essentially guaranteeing that we will accrue interest and not benefit from the financing as advertised. I spent an hour on the phone today, escalated the call three times, finally got a complaint filed with XXXX by XXXX, but she clearly stated that I should not anticipate a follow up from Comenity, as that is not their policy. I would like my payments, especially those above the minimum payment, applied in an equitable manner that is to my benefit as a consumer.",Credit card,High,
10110,"XXXX XXXX XXXX XXXX XXXX XXXX XXXX XXXX XXXX XXXX XXXX XXXX XXXX XXXX XXXX XXXX XXXX XXXX XXXX XXXX XXXX XXXX XXXX XXXX XXXX XXXX I applied for the XXXX Rapid Rewards Premier Business Credit Card from Chase. This was for my business account. I filled out all requested information. They also ran my personal credit. The "" Fraud Operations Department '' then sent me a letter requesting a bunch of additional information including "" PHYSICAL STREET ADDRESS FOR AUTHORIZING OFFICER '', "" NAME OF YOUR COMPANY '', FEDERAL TAX IDENTIFICATION NUMBER '' AND "" PROOF OF CURRENT BUSINESS PHYSICAL ADDRESS ''. 
 
 All of this information was provided in the application. I was on vacation when the letter arrived and I had to call them to clarify the request. The help line was clearly individuals that do not live in the United States. I stated that I had previously provided them all of the requested information. I gathered proof of all requested information and took it to a Chase Bank Branch where they said I could fax it. They provided me several fax numbers and each time I would call, they provided a new fax number. I faxed it again multiple times and they said my application had expired but they could re-open it. I then faxed again and they claimed they had not received anything from me. After everything, they said that I had to apply again online.",Credit card,High,
10112,"I am trying to refinance my mortgage and was working on collecting information on my student loans. I was trying to gather information that included account numbers, monthly payment, and the remaining number of payments for each of my loans, but was unable to find all of the information on Navient 's website. I have XXXX outstanding loans and XXXX that is paid in full from XXXX different institutions. I tried gathering the information from the current Navient website, the old website, and my monthly statements, but was unable to get the individual account numbers or the payments remaining. Because I made an extra payment at some point in the past for many of my loans and have automatic debits set up, there was n't a quick view to get information on monthly payments for each of the loans. I wound up having to click on each individual loan, get the ( limited ) information I could, and then provide as much information as I could, which ended up being just the monthly payments. I was unable to find the individual account numbers for each of my loans ; Navient 's website numbers them XXXX-XXXX, but those are n't the account numbers used. I could n't find the months remaining on my loans anywhere, even though I spent more than half an hour clicking through various links. 
 
 Luckily the credit union I 'm working with for the refinance was able to pull information for me once I 'd provided the basics, but Navient 's website is not consumer-friendly. The old website does a better job at putting most of the relevant information for individual loans into a readable format, but again, it requires way too much clicking to be convenient.",Consumer loan,Medium,
10114,"The loan for my loans was recently transferred to Aidvantage for servicing. 
 I open an account at Aidvantage - number XXXX. 
 As I live in XXXX I searched their website for details on how to send payments internationally. I could not find any. 
 I have an account at XXXX XXXX XXXX XXXX ( XXXX ) so I sent ( by registered delivery ) to : Aidvantage FSALS, XXXX XXXX XXXX, XXXX, OR XXXX - six checks for each loan ( I have 2 ) that were individually dated for XXXX, XXXX, XXXX, XXXX, XXXX and XXXX. There was a cover letter that explicitly stated "" do not present the checks before the date on the checks ''. 
 As soon as they received the cheques they presented them. The majority of the checks were honoured by XXXX so all my funds were wiped and I was left with a huge overdraft. 
 I emailed Aidvantage but got a long winded response that basically said we don't answer via email so phone or come in or write. 
 Tried to phone, but the number to internationally call was listed incorrectly as XXXX XXXX XXXX XXXX. In actual fact to call the USA the code is XXXX then XXXX then area code and number so correct number is XXXX. Having worked this out I tried calling go through to an automatic system which did not correctly recognise my SS number or account number. It was not possible to talk to a human being. 
 Can you help please. They have wiped out my account and left me with an overdraft",Consumer loan,Medium,
10115,"Instructed XXXX to clear adverse items off report due to errors and Identity fraud. Adverse items are continued to be reported by XXXX to financial institutions after opt out notice given. No written permission to share any personal info on file to any corporation unless required by law. I have information on my file that is unrecognizable. No full transparent disclosure of adverse reports given upon request. Potential tax violations due to unawareness to discreet security details within the companies agreements with consumers. Federal violation to compel the use of the social security number outside of a short list of lawful actions. Potential securities fraud violations due to the misuse of the personal info specifically social security living trust account currently under the XXXX of the appointed authorized representative. The company refuses to cooperate and denials for business loans of XXXX and higher are being rejected. Was never given full disclosure on the option to opt out of sharing personal info. Police reports were made to report Identity Theft on all three agencies, XXXX, Equifax and XXXX.",Credit reporting,High,
10116,"I sent you a debt validation letter more than 30 days ago asking for the credit bureaus to provide me with proof that I own this debt, and your company has failed to respond. I then looked at my credit report and noticed that you are still reporting this inaccurate account on my credit report without validating it. The law is clear on this issue, you cant continue report a disputed debt if you failed to validate. Because of your actions, you have violated the FDCPA act which carries a fine of {$1000.00} for every incident, and FCRA for reporting inaccurate information on my credit. This violation also carries a fine of {$1000.00}. 
 
 I disputed the accounts information as being inaccurate, and these agencies responded by stating they were able to verify this debt. But how is that possible? I have contacted the creditors myself, and they only sent portions of the information requested- this is against 15 U.S Code 1692b ( 5 ) for sending insufficient validation documents showing only symbols and stuff. Also Under 15 U.S Code Section 1681n Civil Liability for willful noncompliance and 15 U.S Code 1681o Civil liability for negligent noncompliance The Fair Credit Reporting act requires you to verify the validity of this within 30 days. If the validity can not be verified, you are obligated by law to remove it from my credit file. I urge you to remove these accounts",Debt collection,Medium,
10120,"In accordance with the Fair Credit Reporting act US DEPT OF ED/XXXX Account # XXXX, has violated my rights. 
 
 15 U.S.C 1681 section 602 A. States I have the right to privacy.
 
 15 U.S.C 1681 Section 604 A Section 2 : It also states a consumer reporting agency can not furnish an account without my written instructions",Credit reporting,High,
10123,"I have a conventional home loan with SoFi mortgage for which I have elected to receive only electronic documentation. In the last month I have become unable to access any information about the mortgage from the SoFi website. This include the remaining balance, upcoming payments, status of tax payments and insurance. I have tried several times to speak with customer service via phone and email and this has been unsuccessful in resolving the issue.",Mortgage,High,
10127,"On XX/XX/scrub> XXXX XXXX XXXX XXXX XXXX, I received an email from NewRez indicating that my recurring automatic payment bank account information had been modified. Neither I nor my co-borrower authorized or recognized this change. 
 
 Upon logging into my account, which is secured by multifactor authentication, I confirmed that the bank account information was updated to a routing and account number unknown to me. This raises significant concerns about both the security of my account and the possibility of my personal bank information being compromised or misapplied to someone else 's loan. 
 
 I promptly contacted NewRez Customer Service. During my first call, I was informed that no payments had been made ( incorrect, as I made a payment on XX/XX/year>, which was successfully withdrawn from my correct account ). I was also told that Customer Service can not change bank account information and that the change must have been initiated by me, which is untrue. 
 
 Unsatisfied, I called again and spoke to a representative who acknowledged my previous payment and confirmed that my bank account details were changed. However, they could not provide any information about how or why this occurred, who made the change, or any steps to prevent this from happening again. Additionally, while chatting with online support simultaneously, I received the same lack of clarity. 
 
 I asked for basic information, such as the username responsible for the change, but was told they could not provide it. This is fundamental information that should be accessible in any secure system.
 
 NewRezs lack of transparency and inability to address a critical security issue is unacceptable. I need assurance that my personal information, including my bank account details, has not been compromised. Additionally, I expect a clear explanation of how this unauthorized change occurred and the steps NewRez is taking to secure my account and prevent future issues.",Mortgage,High,
10129,"On XX/XX/year> I received an email that my "" Chime Credit Builder Secured Visa Credit Card '' application was almost complete and, around the same time, a text message that my Chime account was ready. 
 
 I immediately called the Chime customer service number to request that the account be closed and marked fraudulently opened, since I didn't open the account myself. They complied and sent me confirmation that it had been closed and that I wouldn't be liable for any fraudulent charges incurred. So, no financial damages occurred since I was able to act quickly. 
 
 However, what is especially concerning to me is that I have a credit freeze with all three credit bureaus ( as I know my information was stolen in the XXXX breach and I've had issues like this in the past before freezing my credit ). I learned that Chime doesn't do a credit check/pull before approving this type of credit card, so the freeze is useless in this case. Ironically, when I received the confirmation of account closure, it had several tips for avoiding fraud such as instating a fraud alert or a credit freeze. 
 
 If they wish to not hold someone's poor credit against them ( as seems to be the case with this kind of card ), they should still do a credit pull to ensure verification and security/enable people to see an alert if someone is trying to fraudulently use their info to open an account!",Credit card,Medium,
10134,"Mortgage through LOANCARE We were in forbearance due to COVID, and approved for a modification as per the paperwork that was sent to us dated XX/XX/XXXX. Our new payment was to begin on XX/XX/XXXX with a modified loan amount which included the missed payments and new lower interest rate. Mailed back 2 signed and notarized copies as requested, and they were received by LOANCARE on XX/XX/XXXX. On XX/XX/XXXX there was an update in our online account that showed they documents were received. On XX/XX/XXXX there was an update to our account that stated our Mod changes were completed. THEY WERE NOT. Spoke with LOANCARE on XX/XX/XXXX to state that our account has not yet been updated even though it says our modification paperwork has been received and updated. XXXX stated to give it more time and to make my payment for XX/XX/XXXX as agreed {$1600.00}. Emails that have gone unanswered were sent XXXX, XXXX, XXXX and XX/XX/XXXX. Spoke with LOANCARE, XXXX, on XX/XX/XXXX and again was advised to give it more time, that the paperwork was in recording. Now all the information that was in our online account regarding the received documents has been removed, I do have screenshots. Meanwhile, automated calls are received daily from LOANCARE asking for us to call them back, we are being reported to credit bureaus as being late and I am no longer able to make online payments. Its almost impossible to get anyone on the phone. We are getting pre-forclosure letters from FHA and LOANCARE.",Mortgage,High,
10144,"On XXXX XXXX I called American Express to downgrade my credit card to a no annual fee Delta Credit Card. American Express agreed to issue the no fee card to replace my current card and to refund me the annual membership fee just charged to my account. My account balance was {$95.00}, which was the annual fee amount that was to be removed. Several weeks later I checked and the fee rebate had not been processed, so I called on XXXX XXXX. I was asured there was no problem, the refund would be made automatically, and they agreed that I did not have to pay my balance ( which was the refund amount ). On XXXX XXXX, I was charged a {$27.00} late fee. When I called and requested that the late fee be removed from my account and that the bank send me a letter stating the late fee charge was a bank error. They agreed to remove the late fee, but would not provide documentation that the fee was in error, since the balance = the refund due that Amex had yet to process. Two days later I again got an e-mail notifying me that I had not paid my balance. I called again and got the same run around. I was told it could take Amex 45 days to process my refund, and if I received additional late charges I could call and go through the story over and over again with the new customer service person.",Credit card,High,
10167,"In XX/XX/XXXX I received a collections letter ; Paypal sent them the account set up in my name with my information. The fraud occurred in XX/XX/XXXX. I spoke with the collection agency and with payapl reps. Paypal would not comply with my requests, but finally I was told that there would no longer - never be - another account with my name. 
 I filed with the FTC - ID Theft, following all their recommendations. One such document asked for information on the transactions they -Payapal - processed ; no reponse. 
 I spoke with someone in the ID Theft center and followed his instructions. I have seen no charges to me but I would still like some information as to how this happened. This is the SECOND time my ID has been stolen/used with paypal. The first being in XXXX, when I spent much time and effort clearing the issue.",Bank account or service,Medium,
10170,"Ocwen Loan Servicing is planning on selling XXXX XXXX 's property at foreclosure sale on XXXX XXXX, 2017. XXXX XXXX 's loan modification review is presently in the appeal stage. It is a violation of Regulation X, 12 C.F.R. 1024.41 ( g ) for Ocwen to advance foreclosure while the appeal remains pending.",Mortgage,High,
10175,"This debt collection has been going on for many years, at least 10, if not 11 or 12. It was a debt that was incurred by myself, and my ex wife. We did indeed incur this debt together, but the debt collectors have placed 100 % responsibility on me only. I'm not sure why I am solely responsible for this. It also keeps incurring massive interest. I do not know what to do anymore. 
 I am now a retired 100 % XXXX veteran. I am hoping that this can help me.",Debt collection,High,
10178,"I lived at an apartment. When I moved out, the apartment asked for specific things, including the keys, mail keys, key fobs, and pool passes. There was never a move-out inspection. However the apartment listed specifically several things they are charging for. The largest XXXX, though, is a vague term damages. The apartment will not provide what that means and says to talk to the collections company and the collection company is saying I should have scheduled a move out inspection with the apartment that the apartment did not request. Damages is insufficient to understand what was paid for and impossible to dispute. This portion of the debt is over {$220.00}",Debt collection,High,
10179,"I borrowed {$800.00} from XXXX payday loan company Mobiloans. I have paid back {$1100.00} and they say I still owe another {$1100.00} in interest charges. I have defaulted on the loan and been in contact with a supervisor about making some kind of deal with them and he was suppose to call me back and I have called every day XXXX4 times a day and he will not get on phone nor call me back, His name is XXXX he goes by XXXX around the office. I can verify I have been calling him daily. They are threatening to ruin my credit. I have paid back all the principal plus some, so what there saying I owe is all interest! I have offered to pay some of the interest. But they will not return my call instead just random workers call me several times daily demanding payment in full. Please help!",Consumer loan,High,
10181,"I am contacted by email daily by someone claiming to be Starmark Financial asking me to pay {$300.00} and that the original creditor was something called XXXX XXXX XXXX. There is a callback # : XXXX, I tried calling the number but it goes to an answering machine. The emails are coming from : XXXX, I have never done business with either of these and definitely do not owe either of them any money at all. 
 
 This is most certainly some sort of scam -- is there any way to shut down the number and email address before lots of people lose lots of money?",Debt collection,High,
10183,"I opened a new Everyday checking account with Wells Fargo in XX/XX/year> with a {$300.00} new account bonus. I did everything that was asked ( e.g., added {$25.00}, direct deposits totaling > $ XXXX, kept the account open, etc. ) and never received my {$300.00} bonus. 
 
 I called Wells Fargo in XX/XX/year> and they agreed I met the requirements but did not know why I did not receive the offer. They suggested I go to a branch to resolve but I have none around me.",Bank account or service,High,
10191,My name is XXXX XXXX please close me and my account account portal login out so we cant login to it no more at XXXX and email is XXXX and her name is XXXX XXXX please deactivate and fully unenroll it and delete it out the system and delete data etc.,Bank account or service,High,
10194,"Dear PayPal Support Team, I am writing to submit a complaint regarding the permanent limitation that was recently placed on my PayPal account, linked to the email address XXXX. I believe that this limitation has been placed by mistake, and I would like to request that PayPal re-investigate my case and restore my account, if possible. 
 
 Firstly, I would like to clarify that I have not violated any PayPal policies. As a responsible PayPal user, I have always followed the guidelines provided by PayPal and have not engaged in any activities that are deemed inappropriate or illegal. Therefore, I believe that the permanent limitation on my account is unwarranted. 
 
 Secondly, I strongly believe that this limitation is a result of an error on PayPal 's part. I have reviewed my account history and have found no instances that could have warranted such an action. Therefore, I request PayPal to re-examine my account and investigate any possible errors or discrepancies that may have led to this decision. 
 
 Finally, I request that PayPal restore my account to its original status as soon as possible. I have always relied on PayPal for my financial transactions and the sudden limitation has caused significant inconvenience to me. I would be grateful if PayPal could expedite the re-investigation process and restore my account as soon as possible. 
 
 Thank you for taking the time to consider my request. I look forward to hearing back from PayPal soon. 
 
 Sincerely, [ XXXX XXXX ]",Bank account or service,High,
10196,"My last statement from Bank America showed a charge for "" check imaging ''. I never ordered it. I called customer service and although they removed the charge, they could not tell me how this happened. My feeling is that it is a new deceptive practice to get extra fees hoping that the customer will not notice it.",Bank account or service,High,
10210,"Account XXXX XXXX XXXX I am unaware of the state and did not have the opportunity to dispute this account. If you believe you sent proper notification, please provide certified mail with the receipt displaying my signature. If not, please delete account XXXX as soon as possible from my report or I will have to take legal action",Credit reporting,Medium,
10214,"Not only did they fail to file my disputes when I submitted them they have been extremely rude and volatile towards me. I called back to check them and that's when I had to resubmit them and they denied them. These charges were blatantly fraudulent. Ordering pizzas in other states and using XXXX pay to someone I don't know. I've spent hours upon hours on hold and speaking with incompetent employees that all give me different answers. I've escalated these charges 3 or 4 times without any investigator calling me to make a determination. Today I found out they closed my escalations because I have failed to provide any more information regarding these charges. Unbelievable ... .How can a company exist with such unethical practices. Not only exist but represents our government assistance. I've never been treated so terribly by a company that is supposed to represent me and my interests. I was the one stolen from and now they've turned their backs on me without my voice being heard. I don't have the exact information in front of me of the dates and amounts but I know 3 pizza deliveries in other states at the end of XXXX I think, a XXXX pay to someone I don't know, and others which I would be happy to gather the information necessary to complete this.",Bank account or service,Low,
10216,"Both Experian and XXXX XXXX continues to falsely note a misrepresentation of the requested investigation on my credit file. Each time both companies update the account as "" verified '' without providing proof and or evidence that is timestamped of these alleged late payments in XXXX. This repeated violation has occured over XXXX times in counting and each time I request a validation of the alleged late payments, my request is ignored by both companies as they continue to mislead and failure to remove the inaccurate and unverified information. Both companies have 7 days to respond. The last false report was updated on XXXX by Experian.",Credit reporting,High,
10219,"Please consider this correspondence to be formal notice that our mutual client is hereby submitting a complaint because your company failed to provide the required notice of additiona l required documents within five ( 5 ) business days in violation of Regulation X, 12 C.F.R. 1024.41 ( b ) ( 2 ) ( B ). Therefore this client 's application was entitled to be treated as facially complete pursuant to Regulation X, 12 C.F.R. 1024.41 ( c ) ( iv ). The lender as of XXXX / XXXX / XXXX has stated the file is deemed complete and has been submitted for review with the underwriting team - The lender is in violation of Dual Tracking laws since that are refusing to postpone/hold the sale set for XXXX / XXXX / XXXX -",Mortgage,High,
10225,"/We were approved for a HELOC of {$85000.00} and closed on XX/XX/year>. We signed escrow instructions that indicated to have funds wired. The financial institution we got the HELOC from, SoFi, sent us paper checks without our request. A cover letter was attached to the checks stating to submit the pre-printed checks to the parties the checks were payable to along with a copy of our recent statement and to write the account number on the check to reference. I mailed the checks on XX/XX/year> via USPS. On XX/XX/year> I reviewed the accounts the checks were to be credited to and two of the 10 checks were returned. One to XXXX XXXX for % XXXX was returned for stop payment and the other to XXXX XXXX, I was told to contact the bank that issues the check and have them handle it. 
 
 Today it is XX/XX/year> and I was told the funds of these XXXX checks would be wired to our checking account with XXXX XXXX XXXX XXXX. They have not been credited nor is there any pending credits or wired funds deposits to our account. I have make numerous phone calls and messages to Sofi and XXXX XXXX regarding this. I have been told by numerous individuals at these companies I have to contact the bank that issues the checks and have them remakde and mailed. 
 On XX/XX/year>, I was cntacted by XXXX XXXX who told me he would wire the funds of these XXXX checks to me in a few hours at XXXXXXXX XXXX today XX/XX/year>. He said it would be a few hours. I checked our account and there is not a pending deposit that was wired from home. 
 
 Sofi bank breached the contract by sending XXXX checks when we signed escrow instructions stating to have the funds wired to our account. We have the promised wired funds as of XXXXXXXX XXXX. on XX/XX/year>.",Mortgage,High,
10228,"Disputing a Charge for Bad Service at CareCredit SYNCHRONY BANK. Charge of {$740.00} on the date of XX/XX/XXXX plus fees getting in a total of {$1200.00} on XX/XX/XXXX. 
 I called many times. I disputed the charge and the service many times. 
 I already complained at creditcare many times about what happened. But all I had to deal with were some inappropriate questions, for example, if I tried to return the service? What? That is even a question for who got a service and not a product? Who returns services? I had to ask many times if the attendant remembered we were talking about a dentist service and not about a product. 
 The questions kept on this level, like, did you use the service? 
 I had to use a lot of my patience with these questions. 
 The person was completely ignoring how I was treated at the dentist, how I didn't like what happened, and how the office was anti ethic and unprofessional. 
 I went to this dentist for a {$39.00} service ( now day {$59.00} ). 
 These back and forth calls wasted so much time of my life. 
 Today I did my last call. I was on call for 45 minutes and I still didn't get any solution. All they did was trying to make me uncomfortable, keeping me in long holds, and embaracing me calling me delinquent. I am so tired and frustrated.",Credit card,High,
10231,"I signed up for service with XXXX XXXX. They asked for my social security number. I didn't want to provide it so I told them I was XXXX and didn't have one.
 
 Despite me not giving them my permission or my social security number they accessed my credit report.",Credit reporting,High,
10234,". According to the Fair Credit Reporting Act ( FCRA ), I am entitled to have only accurate and verifiable information reported on my credit file this company is inaccurately reporting information on my report.",Credit reporting,High,
10235,"Good afternoon, On my last statement dated XX/XX/2018, I was charged a late fee of {$20.00} because my last payment was received one day late - according to Citibank. Please note that my entire balance was only {$20.00}, which was paid in full. I paid this through my credit union bill payment service and the payment was supposed to be there on time. I don't know why Citibank did not receive the payment on the correct date. I asked Citibank for a refund and they refused. No wonder people hate big banks in America! 
 
 XXXX XXXX",Credit card,High,
10241,"I had been foreclosed on by Wells Fargo and I had paid PMI. I had to do a short sale on my home even though I was told by Wells Fargo that I could afford the mortgage, but could not get a modification through Wells Fargo. I believe it was because they could collect the PMI. I had lost my job and had to start a small business which provided income for me to afford the mortgage, and that business continues today. I spent {$9000.00} for attorneys to fight this and it was an impossible situation since Wells Fargo would not modify the mortgage.
 
 How can I find out if I was part of the error that is labeled a "" computer glitch '' in the news about Wells Fargo?
 
 Also, something for the CFPB to consider that PMI leads to more foreclosures since the mortgage company gets paid in full, they have no incentive to modify when they can get the insurance claim paid, rather than modify a loan.",Mortgage,High,
10245,"You might want read. Before filing this complaint, I also filed complaints with the Consumer Financial Protection Bureau ( CFPB ), Federal Trade Commission ( FTC ), Attorney General 's Office, and XXXX XXXX XXXX regarding this matter. Spring Oaks Capital continues to claim this account was verified and validated. However, the reporting is inconsistent and raises serious questions regarding accuracy. The same alleged debt is being reported with the same balance of {$2700.00} and account number ending in XXXX, yet it appears under multiple reporting descriptions. XXXX reports SPRINGOAKS as a collection account with a payment status of "" Late 120 Days. '' XXXX and XXXX report SPRINGOAKCAP ( XXXX XXXX : XXXX ) as a collection account with a payment status of "" Collection/Charge-Off. '' XXXX reports SPRINGOAKS and SPRINGOAKCAP separately even though both reflect the same account number, same balance, and same underlying debt. XXXX reports the account opened on XX/XX/year>. XXXX reports the account opened on XX/XX/year>. XXXX reports a different Date Last Active than XXXX. If this account was verified, explain how the same debt can be reported with conflicting account characteristics across the credit bureaus. I am also disputing that I never received an initial written notice for either reporting status. I never received an initial collection notice from Spring Oaks Capital, and I never received documentation explaining why the account is being reported as both a collection account and Collection/Charge-Off. If Spring Oaks Capital claims this debt was validated, I am requesting the records used to validate it, including the documents reviewed and the basis for reporting the account in multiple ways.",Debt collection,Medium,
10251,My prior complaint # XXXX has yielded no results even though billions of homeowners continue ( like myself ) to be victimized by Bank of America. I am requesting information as to who is the legal owner of my mortgage? Also what securitization of trust information is connected to this loan. Complaint # XXXX. Neither I nor my attorney XXXX was offered a loan modification even when we requested one. Also the reason for denying my loan modification request.,Mortgage,High,
10257,"I opened a Robinhood account. Deposited XXXX and I was able to take it out. And then I deposited {$1000.00} the next page and my account got restricted immediately for no reason.. I tried to reach out to this people, I called them submitted everything they needed, all for them to do nothing taking me back to calling them again and submitting my details .. this has been goin on for a month now",Bank account or service,Medium,
10265,"I purchased a Vanilla Visa Gift card in XXXX with {$400.00} of funds on it from a XXXX XXXX grocery store, which was then mailed via USPS to a recipient as a gift. The recipient never received the parcel via mail, and on XX/XX/XXXX, I immediately reported the gift card as missing to Vanilla Visa Gift Card customer services. Per their automated message, website and FAQs, if a gift card is lost or stolen they will void the lost card in order to preserve the funds and provide a replacement to ensure the funds are not stolen. I've had about 7 phone calls with the team, where I've sent my receipts, license and proof of address to the client services email ( and received confirmation of receipt of email ) at least 5 times, however, each time I call Vanilla Visa, their team claims that they haven't received the documents, can not access the email that I send the docs too ( as it is managed by a middle office team that they claim to not have contact with ) and keep closing my case. I was also told that the case would be resolved in no more than 30 days, and it is now over a month since I reported my card missing and the team has not addressed my case, nor have they followed up with me once to provide a status update.",Credit card,Medium,
10271,I had purchased this card almost a week ago I have been on hold out of all this time Ive called 10 hours total. there website does not function correctly so I cant use that. And my emails have done nothing they are basically holding my money hostage. Its a my vanilla card So I have been unable to set it up do to there flawed system,Bank account or service,Low,
10286,"Company : Shellpoint Mortgage Servicing Issue : Mortgage servicing / Loss mitigation / Successor in Interest Complaint Narrative : Shellpoint Mortgage Servicing approved a Partial Claim on XX/XX/year>, stating in writing that no action was required on my part and that documents would be sent within 30 days. The Partial Claim was never applied, and no documentation was sent. 
 
 I am the successor in interest and beneficiary following the death of the borrower, my mother. Despite my legal status, Shellpoint failed to implement the approved loss-mitigation option and failed to properly service the loan. 
 
 This failure constitutes a violation of RESPA and Regulation X, including failure to implement an approved loss-mitigation option and failure to properly recognize a successor in interest. 
 
 I am requesting immediate correction of the loan, application of the approved Partial Claim, recognition as successor in interest, and written confirmation of resolution.",Mortgage,High,
10297,"They reported charges back in XX/XX/2021, but they didn't remove them. I inquired again and asked why but not they are telling me I've passed the terms of reporting fraud so they are making the changes permanent. They have removed charges older than 6 months in the past with no problem and now refuse to take them off. Case XXXX XXXX",Credit card,Medium,
10301,"On XX/XX/XXXX my Bank of America Prepaid EDD account opened with the EDD back up payments. 8 days later, an unauthorized withdrawal of {$5000.00} happened, I filed a claim and approx. 2 weeks later, the {$5000.00} was put back into my account. I requested for them to close that account and reopen a new one since this account has obviously been fraudulently hacked. This was ignored and I was reassured by the bank that there was no need to do this. I was homeless at the time and wasn't able to pick up my mail as frequent as it came. There was continuous problems with unauthorized transactions and I had to continuously change cards. Last year there was a class action lawsuit against B of A due to fraudulent actions in the EDD Prepaid accounts that is still active. I opened up 5 claims on XX/XX/XXXX with a total of {$4100.00} and I should of received a letter just acknowledging the fact of these being opened. Ive received nothing and the status is supposedly still pending. They are responsible to credit me {$4100.00} for numerous reasons, not closing this account in the beginning when {$5000.00} was fraudulently taken and open a new one, and for not performing the actions stated in our contract they would perform to protect my funds.",Bank account or service,Medium,
10305,"Several weeks ago, I received an email from Chase XXXX alerting me that my credit card limit would be reduced and that their actions would be report to XXXX. 
 
 I've Never been late and have always paid balances before due dates with Chase XXXX. 
 
 For many years, my overall credit score with XXXX has averaged at XXXX. 
 
 Chase XXXX XXXX unfair actions have literally XXXX my credit score while showcasing to other financial institutions misleading data specific to my credit history with Chase.
 
 During a conversation with Chase Customer Service on XX/XX/year>, the Chase employee repeatedly mentioned that I failed to make purchases with my Chase XXXX. 
 
 I mentioned to the Chase employee that I receive XXXX XXXX deliveries almost on a weekly basis, spending hundreds of dollars that are always paid back before the due date. 
 
 Chase XXXXXXXX XXXX defaming of my financial character is mean-spirited and dishonest.",Credit card,High,
10314,"To Whom It May Concern, I am writing to formally dispute and request an investigation into certain information currently appearing on my credit report under the provisions of the Fair Credit Reporting Act ( 15 U.S.C. 1681i ). 
 Under the FCRA, you are legally obligated to conduct a reasonable investigation of any disputed information and to delete any data that can not be verified within 30 days of receipt of this letter. This letter serves as my official notice to invoke that right. 
 I am not required to identify which specific items are inaccurate in this dispute ; rather, I am requesting that your agency verify all accounts reported under my file. Any item that can not be verified with competent evidence must be immediately removed from my credit report in accordance with Section 611 of the FCRA.
 
 Please complete your reinvestigation within the legally mandated 30-day window and send me an updated copy of my credit report reflecting the results of your findings.",Credit reporting,High,
10319,"will state the facts as it appear on my credit report, on XX/XX/2019 a collection account from XXXX XXXX for {$1500.00} was removed from my report per the collector without any change to my score which was at XXXX and on XX/XX/XXXX my score dropped 77 to XXXX for no reason. I believe my score was suppose to go up 77 point to XXXX after the account removal by XXXX XXXX, you can check my score trend to validate my contention",Credit reporting,High,
10322,"Dear XXXX, I am writing to dispute the Sezzle tradeline account associated with my name and Social Security number. This account was opened without my knowledge or consent, and I believe it is a result of identity theft. 
 
 On XX/XX/year> discovered the unauthorized Sezzle account while reviewing my credit report. I have never applied for or used Sezzle 's services, and I did not authorize anyone to open an account in my name. 
 
 I request that you immediately remove the Sezzle tradeline account from my credit report and take steps to protect my personal information from future unauthorized access. I would appreciate it if you could also provide me with a confirmation in writing once the account has been removed. 
 
 I have contacted this company multiple times to advised them my inform was published to this bureau without my consent & fraud but their not doing anything to resolve my issue and asking that I speak with you guys. No one is doing their due diligence and prolly send my proof that this is my account and removing this information. 
 
 Thank you for your prompt attention to this matter. I look forward to hearing from you soon.",Credit reporting,High,
10324,"Bank of American changed my checking account from basic to "" XXXX XXXX '' and when I do not meet their fund requirement they started to charge me "" maintenance fee ''. I do not remember I authorized the account type change and asked for proof. They could not provide the proof but do not refund me the maintenance fee.",Bank account or service,High,
10337,"I have {$500000.00} in My Banking Direct ( Flagstar Bank ) in a MBD High Yield Savings Account and have been trying to transfer all of this money back to the account that it came from ( XXXXXXXX XXXX XXXX since XXXX. I was told on XXXX that it would need to be approved because it exceeded the transfer limit and it would take 2 business days to approve. I have called each day and it has not been approved. today is XXXX and it is still not approved. I began depositing in this account in XXXX of XXXX I also mailed a letter on XXXX to Flagstar Bank, XXXX XXXX, XXXX NY XXXX Attn : Bank by Mail as instructed by their rep to close my account.",Money transfer or service,High,
10338,"the following accounts appear on my credit report, without any authorization, they do not belong to me Identity Theft BK OF AMER Account Number : XXXX This is not mine. 
 
 2. Identity Theft XXXX XXXX Account XXXX : XXXX This is not mine.",Credit reporting,High,
10348,"I timely submitted required evidence and was granted a XXXX veteran property tax exemption with the XXXX XXXX Treasurer for this most recent property tax bill due on or about XX/XX/XXXX ( See XXXX XXXX XXXX XXXX XXXX XXXX dated XX/XX/XXXX ). The Transaction information section specified that the property tax adjustment showed no taxes due for my property. NewRez was aware that I qualified for this property tax exemption from my prior email communications directly to the company as well as last years XXXX transaction information, where a pro-rated property tax payment was made by NewRez in the amount of {$2900.00} ( See XXXX XXXX XXXX XXXX XXXX dated XX/XX/XXXX ). I received two separate emails from NewRez communicating that my estimated property tax, due on or about XX/XX/XXXX, was {$2900.00} based upon the prior tax bill, and the subsequent email showing that NewRez paid {$16000.00} property taxes from my escrow account on XX/XX/XXXX to the XXXX XXXX Treasurer ( See NewRez email property taxes XXXX and XXXX ). My current NewRez account dashboard now indicates that my escrow account is in arrears by approximately {$5400.00} ( See NewRez account dashboard summary XXXX and NewRez Escrow Account Dashboard XXXX ).",Mortgage,High,
10350,"Dear CFPB, Im writing to file a complaint about a money transfer I made using Remitly that still hasnt been resolved. 
 
 On XX/XX/year>, I sent money to XXXX XXXX XXXX XXXX in XXXX through Remitly. The transaction was a bank deposit to XXXX XXXX XXXX, and the app shows the transfer as Completed. But the recipient never received the funds. He even went to the bank in person, and they confirmed there was no deposit in his account. 
 
 Here are the details : Reference Number : XXXX Bank Name : XXXX XXXX XXXX XXXX : XXXX Sender : XXXX XXXX Transfer Type : Bank Deposit I contacted Remitly support right away. The agent was polite and said they would escalate the case to their internal team, but asked me to wait three business days for a follow-up. They also claimed the money was credited, but again, the recipients bank says nothing has arrived. 
 
 This transfer was sent for an urgent medical need, and this delay is causing real stress and harm. At this point, Im asking for one of two things Proof from the recipients bank that the money was actually deposited into the account ; or If thats not possible, I want a full refund as soon as possible.
 
 Ive attached the transcript of my conversation with Remitly for reference. Im hoping CFPB can help move this forward and ensure Im not left without a resolution. 
 
 Thank you for your time and support. 
 
 Sincerely, XXXX XXXX XXXX XXXX",Money transfer or service,High,
10354,"Subject : Complaint Regarding Inaccurate Late Payments on Credit Report Complaint Details : I am submitting this complaint regarding inaccurate late payments that are reported on my credit file maintained by Equifax Information Services LLC. I believe these late payments are erroneous and do not accurately reflect my payment history. 
 
 Nature of the Complaint : XXXX. Inaccurate Reporting : The late payments listed in my credit report are inaccurate. I have consistently made my payments on time, as I have been enrolled in auto pay for all my accounts. 
 XXXX. Violation of the Fair Credit Reporting Act ( FCRA ) : The inaccurate reporting of these late payments violates my rights under the FCRA ( 15 USC 1666 ( b ) ), as they misrepresent my creditworthiness. 
 XXXX. Potential Violation of Fair Debt Collections Practices Act ( FDCPA ) : The reporting of false late payments may also constitute a violation of the FDCPA, which protects consumers from misrepresentation regarding their accounts. 
 XXXX. Truth in Lending Act ( TILA ) : I assert that the reporting practices violate the TILA, which mandates accurate reporting of credit information. 
 
 
 Account Number : XXXX Account Number : XXXX Additionally, the Fair Credit Reporting Act ( FCRA ), specifically sections 15 U.S. Code 1681i and 15 U.S. Code 1681s-2, mandates that credit reporting agencies and information furnishes correct any inaccurate or incomplete information in credit reports and ensure the maximum accuracy of information contained in consumer files. 
 Furthermore, under the FCRA, articles XXXX and XXXX ( 15 U.S.C. 1681n and 1681o ) outline the civil liability for willful and negligent noncompliance, respectively. 
 
 These provisions provide for damages, including actual damages, attorney fees, and possible punitive damages, for failure to comply with the XXXXXXXX XXXX requirements",Credit reporting,High,
10358,"XXXX XXXX has a XXXX XXXX option for applying for loans. Applied for loan thinking it was guaranteed and was ultimately denied the loan. This effected my credit score and I lost time dealing with the loan company One Main Financial. If I thought I would be disapproved I never would have applied. Applied for loan XXXX XXXX XXXX XXXXXX/XX/year> Denied for loan XXXX XXXX XXXXXX/XX/year> Also when in process of said lending One Main Financial XXXX XXXX XXXX stated "" they are not affiliated with XXXX XXXX '' I applied through credit karma so therefore One Main Financial has to affiliate with XXXX XXXX in some entity.",Credit reporting,Medium,
10361,"I am writing to formally express my concerns Regarding chimes handling of disputes, particularly in light of the recent CFPB lawsuit, highlighting significant issues with the platform. Despite using Chime numerous times and reporting discrepancies my financial institution and chime failed to investigate my claim adequately. They informed me that recovering lost funds wasnt possible and that tracking these transactions was unfeasible. The CFPBs findings indicate that Chime has not only neglected to protect consumers, but has also allowed repeat offenders to exploit the system, leaving users, vulnerable to scams. This lack of accountability and transparency is unacceptable and raises serious concern about consumers safety.",Bank account or service,Medium,
10362,I recently reviewed my annual credit report and was surprised to see a late payment show history. I have a perfect record of paying on time. I would like to remain a active customer of XXXX XXXX and will be happy to do so as soon as we get this matter cleared up. I refer friends and family to you all the time for your services. I kindly ask for this erroneous late payment to be deleted from my credit report.,Credit reporting,High,
10365,"Im a Vet Whose VA Hospital sent me to another civilian hospital because they couldnt handle the situation in house. Besides being billed for this, I was also billed for the Ambulance ride. The {$1200.00} XXXX mile ambulance charge was paid off but not the Hospital. This has always been covered in similar situations but this XXXX wont go away. My Credit is taking a dive for something that isnt even my responsibility. 
 Ive called them numerous times but have been on hold for over an hour on more than XXXX occasion. Still notta.",Credit card,Medium,
10371,"I have had my mortgage with Wells Fargo Home Mortgage for years. I closed on a short sale today. I had tried for the past several years to save my home to no avail. My home preservation specialist was XXXX XXXX. And I use the term "" home preservation specialist '' very loosely as he was never of any help. Very rarely responded to any of my inquiries. I asked many time to deal with someone else at WFHM and once again. my requests went unanswered. I have called XXXX XXXX every day since last Thursday, XXXX XXXX as I am requesting relocation funds as my home is closing in a short sale today. He HAS NOT responded. I am going to temporarily move in with my daughter but I should be eligible for relocation funds from WFHM. I think it 's disgraceful, immoral and illegal not to provide relocation funds so that I can move. I would like a response and an explanation as to how I will receive relocation funds. Thank you. My loan number is XXXX My name is XXXX XXXX XXXX XXXX Court Cinti Ohio XXXX",Mortgage,High,
10377,"i see on my credit report new collection account from MIDLAND CREDIT MANAGEMENT, AMOUNT OF {$7100.00} AND A CALL THE COMPANY TO GET ANY INFORMATION, THE COMPANY SAY ITS XXXX XXXX XXXX XXXX OPENED IN MY NAME, I TOLD HIM THAT BOT MY ACCOUNT AND SOMEONE USE MY PERSONAL INFORMATION SUCH XXXX XXXX, NAME AND XXXX FOR OPEN FRAUDULENT ACCOUNT, USE IT AND NOT PAY! WITH DIFFERENT ADDRESS PHONE NUMBER AND EMAIL ADDRESS, THAT ACCOUNT NOT MY AND I NOT DISPOSABLE FOR THIS DEBT!",Credit reporting,Medium,
10379,"I received a text from Chase on XX/XX/21, they told me they declined a {$230.00} purchase with my credit card at XXXX XXXX. They asked if that was my purchase, I said no. They canceled that card and sent a new one ; however, I found out after going through my statement on my mobile app that there were over XXXX in XXXX charges on my credit card. Chase flagged one charge but there were at least 50 charges. I called both Chase and XXXX, its been an ongoing issue. I received a letter from Chase saying my case was closed because they said I benefitted from the transactions which I did not. I had to continue to call both Chase and XXXX to try to get them to work together to help me get my money back. XXXX asked me if I knew a XXXX XXXX, I said no. This person is involved in this fraud. Ive also filed a police report naming this person in the case.",Credit card,High,
10381,"On XX/XX/year>, I initiated an outgoing electronic transfer from my Ally Bank Savings Account, to an external bank account that Ally had previously verified. This transfer was for {$50000.00}. The nature of the transfer was a personal loan. The same day, Ally flagged the transfer as possibly fraudulent, and restricted all access that I have to my account. I called Ally XXXX times to resolve the issue before them telling me on XX/XX/year> that their investigators decided to close the account. I was told that I would receive my funds as a check in XXXX days. On XX/XX/year>, I called Ally again and was told that my account closure is pending and that I will receive my funds as a check in XXXX days. Ally has not given me any access to my account of approx. {$85000.00} in over three weeks which is money critical to my livelihood. They've provided no mail indicating my account is closed, only verbally when I call them. The Ally Bank Savings Account number ends in XXXX. Ally is not providing me access to bank statements at this time.",Bank account or service,High,
10396,"I opened a Wise account in XXXX XXXX, immediately after turning XXXX on XX/XX/XXXX. Wise was my first choice for an international financial platform, and I trusted the company to begin building my financial history as an adult. 
 On XX/XX/XXXX, I attempted to receive XXXX from my own XXXX bank account. Wise required identity verification, which I completed correctly. Right after verification, Wise permanently closed my account without giving any factual reason. The XXXX was later returned, but the issue is not the money it is the unjust treatment and a lack of due process. 
 I am a newly-adult consumer with no previous banking violations, no suspicious activity, and no third-party transfers. Wise has refused to provide : - any explanation or evidence, - any meaningful investigation details, - any fair appeal process. 
 Closing my very first global financial account immediately after obtaining my identity documents sends a damaging message to a young consumer who chose to trust Wise. I believe this treatment is unreasonable, disproportionate, and may violate consumer rights and principles of fair access to financial services.",Money transfer or service,High,
10397,"I opened a Netspend checking account on XX/XX/year> with the promotional offer of direct deposit of {$400.00} or more within 60 days of account opening to receive a {$100.00} bonus into the checking account. I work for XXXX XXXX XXXX and has set up direct deposit from my salary to go straight to this bank account on XX/XX/year> ( early paycheck has arrived at NetSpend 2 days early so the deposit posted on XX/XX/year> ). However it has been 5 months and NetSpend still has not followed their promotional term to credit the promised bonus amount into my account. I have reached out to NetSpend multiple times to request a review but still receive "" You are not eligible for the bonus because you did not have direct deposit within 60 days of account opening on your account '', which is not true and I had even sent them my pay stub to prove I did qualify the terms. Please see the attachments for screenshot with timestamp of promotional term, my bank statement, and my paystub. They also ordered my replacement debit card for my original debit card that had never arrived using expedite shipping without my authorization and charged me {$20.00} for it, which I had to call in multiple times over the course of 3 months to get my refund. The practice of this bank is unethical, deceiving, and needs to be noticed by the CFPB as well as the general public. Please help me reach out to them to request correction actions on their party. Thank you very much, XXXX XXXX",Bank account or service,Medium,
10398,"ACCORDING TO 15 USC 1681I - XXXX, XXXX, AND TRANSUNION HAVE XXXX DAYS TO INVESTIGATE AND SEND ME THE RESULTS. 
 
 In accordance with the Fair Credit Reporting act. These accounts violated my federally protected consumer rights to privacy and confidentiality under 15 USC 1681. 
 
 
 
 
 XXXX XXXX # XXXX XXXX # XXXX UNAUTHORIZED INQUIRIES : XXXX XXXX XXXX XX/XX/year> XXXX XXXX XX/XX/year> XXXX XXXX XXXX XXXX XXXX XXXX XXXX XXXX 15 U.S.C 1681 section 602 A. States I have the right to privacy. 
 
 15 U.S.C 1681 section 604 A Section 2 : It also states a consumer reporting agency can not furnish a account without my written instructions 15 U.S.C 1681c. ( a ) ( 5 ) Section States : no consumer reporting agency may make any consumer report containing any of the following items of information Any other adverse item of information, other than records of convictions of crimes which antedates the report by more than XXXX years.
 
 15 U.S.C 1681s-2 ( A ) ( 1 ) A person shall not furnish any information relating to a consumer to any consumer reporting agency of the person knows or has reasonable cause to believe that the information is inaccurate.",Credit reporting,High,
10406,"In accordance with the fair credit reporting act. This creditor has violated my rights, under 15 U.S.C. 1681 section 602. States I have the right to privacy.
 
 15 U.S.C. 1681 section 604a section 2.
 
 It also states in consumer reporting agency Can not furnish an account without my written instructions.
 
 Under 15 U.S.C. 1666b. A creditor may not treat a payment on a credit card account under a open-end consumer credit plan as late for any purpose. 
 
 Please remove these late payments and update the account immediately, As you are in direct violation of the Fair Credit Reporting Act )",Credit reporting,High,
10409,"I have expressed that there were multiple fraud accounts and inquiries placed on my credit file over the past few years and XXXX, XXXX and transition are continuing to report fraudulent information on my credit file.",Credit reporting,High,
10415,"I recently conducted a review of my credit report and found several items that have caused me significant distress. These items appear to be unverifiable, inaccurate, and questionable. Your agency has failed to ensure the accuracy of the information as required under 15 U.S. Code 1681e ( b ) Accuracy of Reports. This statute mandates that consumer reporting agencies must follow reasonable procedures to ensure the maximum possible accuracy of the information they report. 
 
 Furthermore, under 15 U.S. Code 1681i ( 5 ) Treatment of Inaccurate or Unverifiable Information, you are required to promptly delete or modify any information found to be inaccurate, incomplete, or unverifiable during a reinvestigation. If you are unable to provide me with verifiable proof of the accuracy of the disputed items within 15 days of your investigation, these accounts and the related information must be removed from my credit report.
 
 Additionally, under the Fair Debt Collection Practices Act ( FDCPA ), I do not recognize any of the alleged creditors or debt collectors. I have never entered into a valid contract with any of these entities, nor have I engaged in any transactions with them. As such, these accounts are fraudulent and and inaccurate information.",Credit reporting,High,
10418,I was buying a car for XXXX I sent {$2000.00} in one transaction on cash app to the person and I sent {$400.00} in the summer transaction and then they answer the phone one more time and told me they were not going to give me my car or my money back so I found out this view and they're acting like they if he doesn't give me the money back get my money back,Money transfer or service,High,
10424,"I am filing this complaint against Navient for repeatedly contacting my workplace, including my colleagues, managers, and organizational executives, regarding my personal student loan. These actions have caused significant distress, and I view them as harassment. Despite my efforts to handle this matter privately, the company has escalated the situation by involving my professional contacts, which jeopardizes my reputation and employment. I have requested multiple times that all communications be directed to my personal email or phone, but Navient has disregarded these requests. This behavior is unprofessional, invasive, and has created unnecessary tension within my workplace. 
 
 I am seeking a resolution that prevents Navient from contacting my workplace or any professional colleagues regarding my personal matters. Additionally, I would like to formally request a cease-and-desist order to stop this harassment immediately.",Consumer loan,Medium,
10428,"i had an overpayment on a card after i did a return.total was XXXX some changei requested a payout for that amount on XX/XX/XXXX. i have still not received my money. 
 also is there a way to charge them a late fee?",Credit card,High,
10432,"In accordance with the fair credit reporting act XXXX XXXX XXXX XXXX XXXX XXXX HAS VIOLATED MY RIGHTS 15 USC 1681 Section 602 states : I have a right to privacy.
 
 15 USC 1681 SECTION 604A SECTION 2 : IT ALSO STATES A CONSUMER REPORTING AGENCY CAN NOT FURNISH AN ACCOUNT WITHOUT MY WRITTEN INSTRUCTION.
 
 15 USC 1666 B : A CREDITOR MAY NOT TREAT A PAYMENT ON A CREDIT CARD ACCOUNT UNDER AN OPEN-END CONSUMER CREDIT CARD PLAN AS LATE FOR ANY PURPOSE.",Credit reporting,High,
10440,"I have a substantial amount of student debt, upwards of XXXX in Federal loans and another XXXX in Private student loans through wells fargo. I called Wells fargo and explained my situation and the fact I only make XXXX a year.. so essentialy the amount they are asking for me to pay monthly would cause a hardship for me and not allow me to save any money in case of an emergency or move up in life IE. Buy a house, have a family. After Wells Fargo had me submit all of my paperwork for the hardhsip they recently contacted me that I was not approved for the hardship request and that I would have to continue to make the payments they demand. Wells fargo is soo unwilling to help students like myself who feel trapped by the burden of having such large payments due on a month to month basis. I essentially feel enslaved by this. Please help me lower my student payments at least to the levels of federal loans where the payment is more manageable. Also the high interest rates on Wells fargo loans are upwards of 10 percent which only causes a never ending cycle of debt for student like myself. It makes me wish I could return my degree given that I am not currently working in the field I studied. Please help!!!",Consumer loan,Medium,
10442,"I reach out to my Mortgage Company, Royal Pacific, to discuss my options to remain in my home in XX/XX/2022 after they refused to accept my mortgage payment. I was confused as to why my attempt at payment were being rejected. They advised I should complete a loss mitigation application to discuss my options. This package was completed in XX/XX/2022 and uploaded to their loss mitigation portal. I called to follow-up on my application and was informed it was being reviewed or handled by a staff member. .During this time, I have received very little assistance or correspondence from this company ; until I received a final notice of foreclosure action. This is extremely disappointing that instead of accepting my payment attempts and then ignoring my submitted loss application the decision was made to rush through the foreclosure action with no assistance. I know RESPA requires servicers to review loss mitigation applications within a particular time period and assist borrowers with their options. I also have fair lending, moreso fair servicing concerns. It is very problematic if protected borrowers living in certain communities are not receiving the proper assistance and being provided the opportunity to remain in their homes or understand their options. This follows a long line of theft of wealth by mortgage companies who fail to assist minority borrowers with their loss mitigation applications and instead rush to foreclosure. It is shameful! These types of things should not be allowed to continue in XXXX I am asking that the foreclosure sale/ auction and the mortgage provider at least review my loss mitigation application and assist me in keeping the home I worked so hard to obtain. 
 
 I only owe {$18000.00} on a home that is worth well above this amount and this mortgage company is not willing to assist to allow me to remain in this home. Foreclosing when a customer is doing everything to maintain their home should be considered theft!",Mortgage,High,
10444,"I have had multiple issues with XXXX. Now known as Navient. 
 I have been unemployed since XX/XX/2017. My payment on my private loan is due XX/XX/2017. I contacted them and spoke with XXXX agent # XXXX to notify and inquire if I could miss 1 month without derogatory marks on my credit. I have not missed XXXX payment in 5 years and have paid off XXXX of my loans. She proceeded ask inappropriate questions such as as my living arrangements. Why my adult children were in the home. 
 What did they pay to be here IE : utilities & rent. She brought up my credit report and proceeded to scold me for my debt. I did point out that I was being proactive in calling Navient about my employment status to inquire about any possible arrangements. And, if she looked at my payment history, my credit report was at 100 % payments on time. I did not call for financial advice. Nor was my debt ( other than Navient ) and my adult children 's living arrangements any of her business. She seemed to enjoy rubbing salt into the wound of a customer who was trying to do the responsible thing and who DOES take her debt and credit report seriously. If I had wanted financial advice, I would contact an expert. 
 Not XXXX # XXXX who works a call center. They can change their name but it is the old XXXX!",Consumer loan,Medium,
10452,"My husband told Carrington Mortgage that he had my permission to pull my credit for a joint VA mortgage loan. refinance. This was. NOT true, I was totally unaware of what my husband was attempting to do with the mortgage company. He had reached out to them about a refinance in order to qualify for some type of XXXX relief. 
 
 I noticed that I had XXXX hard pulls on my credit from XX/XX/XXXX and XX/XX/XXXX. Once I investigated where it came from, I discovered that it came from XXXX Mortgage. 
 
 On XX/XX/XXXX I reached out to XXXX Mortgage to request that they remove the hard pulls from my credit report because they did not have my permission to pull my credit. They asked me to send the request in writing. On the same day of the call to Carrington, I faxed a written request to them as requested. 
 
 On XX/XX/XXXX, I received a letter from Carrington Mortgage stating that they would not be able to honor my request because they did have permission from my husband XXXX XXXX to pull my report. 
 
 After investigating the law regarding consumer credit monitoring, I found several online references that state that it is illegal to have a spouse or a business to a spouse 's credit without permission. Please assist in the resolution of this complaint. My credit has suffered tremendously due to these unauthorized actions and credit pulls.",Credit reporting,Medium,
10454,"Complaint Against Select Portfolio Servicing Utah Select Portfolio Servicing has repeatedly failed to properly manage my escrow account. Despite multiple attempts to resolve issues through their customer service department, representatives have been unhelpful and unable to provide accurate or timely information. 
 
 The companys processes appear designed to make resolution unnecessarily difficult, and they routinely fail to meet the response timelines they commit to in their own communications. These delays and lack of accountability have caused ongoing frustration and inconvenience. 
 
 I am requesting that Select Portfolio Servicing take immediate corrective action to properly manage my escrow account, honor their stated response timelines, and provide clear, accessible customer service.",Mortgage,High,
10461,"A wire was sent from my bank on XXXX before Coinbase 's cut-off processing time. My bank does confirm the funds are sitting with Coinbase. Coinbase is refusing to put the money into my account and claim no money was ever sent. They said to stop contacting them about "" missing money ''.",Money transfer or service,High,
10463,"A deposit was made to account XXXX on XX/XX/XXXX. The next day I withdrew money. On XX/XX/XXXX TCF decided that this was a fraudulent transaction and started an investigation and closed this accoiunt. About {$1700.00} was in the acciunt before it was closed and they deposited 2 social security checks after account was closed. I was told investigations can be ongoing for 3 months. I have sent 3 letters, one of them was a requested notarized signature and have gotten no response.",Bank account or service,High,
10465,"On XXXX/XXXX/2020, I received an email from XXXX XXXX XXXX XXXX XXXX that stated that they had a data breach, my account was deactivated, please destroy the card, and a new one would be issued. ( see copy of email attached ) In spite of this notice, I made a payment that was posted on XXXX/XXXX/2020 and another on XXXX/XXXX/2020. ( see statements attached XXXX However, XXXX XXXX XXXX NEVER sent me a new card in spite of them receiving payment 13 days after the date of this email. In XXXX 2020, my credit report alerted me that I had a XXXX status on my credit report for this account. ( Note : I had never been late prior to then or thereafter. I still have this account. ) When I contacted the creditor, they stated that my card wasn't issued automatically because I had a late payment. It was confusing since the notice of breach via email and a payment was within 13 days of each other. Finally, on XXXX/XXXX/2020, I received the new card that the email stated that I would receive automatically. 
 I have disputed this information several times through the credit bureau. I have even filed a XXXX XXXX. XXXX see their response attached, which had some discreptancies ) The creditor refused to assume any responsibility for THEIR data breach, lack of communication on current account numbers and reissuance of cards and THEIR ADMINISTRATIVE ERRORS and how this has affected my credit. I am now trying to purchase a home and this ONE LATE PAYMENT is hurting me badly. It has been over a year and I need it off ASAP. 
 All documents proving these statements are attached. 
 I am making this final attempt before pursuing legal matters stating how their errors is damaging my future.",Credit card,High,
10467,These loans are duplicately reported along with XXXX and XXXX XXXX XXXX. This account was on an approved deferment and therefore was never late. The unscrupulous practices of student loan companies make it almost impossible to repay and hinders your credit unnecessarily. Please correct this error immediately to paid as agreed never late!,Credit reporting,Medium,
10469,"During the Rushcard glitch, I was without access to my funds for a week or more. I could not pay my bills on time which lead to me having to pay late fees. I could not withdraw money to eat, put gas in my car, pay a loan off, any many other things I needed to do. This ordeal caused a lot of hardship for me.",Bank account or service,Low,
10471,"On XX/XX/2022 I tried to make a deposit on an ATM machine, and the machine stopped working without returning me the money neither depositing on the account. 
 The machine just printed a receipt saying the ATM stopped working, I called Citibank to open a case and the told me I have to wait 5-10 business days to credit me the money on the account. It wasnt nu fault what happened and Ive been trying to call customer service to accelerate the process. Today I called and they said that they investigated and there wasnt any discrepancies on the ATM machines. So now I have to or lose my money or open a new case and wait 10 more business days. The amount was for {$700.00}. I feel frustrated and discriminated, my rights are been violatef",Bank account or service,High,
10483,"1st complaint XX/XX/2022, numerous requests for help. My accounts were taken over by the same person on XX/XX/2022! 
 BoA FINALLY decided to refund the funds stolen from my checking & savings accounts but cant connect the dots that the XXXX XXXX XXXX XXXX to himself is the SAME perpetrator that stole from my other XXXX accounts. 
 Now they want ME to pay the bill!!",Bank account or service,Medium,
10494,"Years ago while using Zelle, I did not receive a disclaimer to double check who I was sending money to. When I sent money to someone and they stated they didnt receive it, Zelle/XXXX said I could not get my funds back. Later on I realized it was a real estate company committing fraud because they knew there was not way I would get my money back.",Money transfer or service,High,
10496,"I sent {$950.00} to a company called XXXX XXXX XXXX on XX/XX/XXXX to supposedly ship a puppy that I had bought online. They claimed the money was refundable ( 98 % ) but have not sent me any of the money back. This was done through XXXX and they aren't doing anything either. I never got the puppy as the next day they wanted more money to "" transport, quarantine and give shots to puppy ''. This dog was shipped from North Carolina and supposed to go to Texas but for some bizarre reason she was shipped to California. No reason given but then they claimed the dog had to be quarantined.",Money transfer or service,Medium,
10497,XXXX XXXX XXXX XXXX rented out an apartment in my name that did not belong to me. My identification was stolen and I didnt have access to it my social and ID was included. I had no acknowledgements about this and would like it expedited from my credit immediately.,Credit reporting,High,
10507,"I originally contacted FedLoan regarding a change ( DECREASE ) in my number of qualifying PSLF payments made and received a response in XX/XX/XXXX. This is the message I sent : "" On my MONTHLY DIRECT DEBIT BILL dated XX/XX/XXXX it showed 2 loans disbursed XX/XX/XXXX with a TOTAL OF 56 and 55 qualifying PSLF payments made. 
 Now, on my MONTHLY DIRECT DEBIT BILL dated XX/XX/XXXX it shows 3 loans disbursed XX/XX/XXXX and now my TOTAL qualifying payments have been reduced to 2, 2, and 3. "" When I asked for clarification I was told that my loan accounts needed "" extensive review '' to count all the qualifying payments. I waited until XX/XX/XXXX and followed up with another email correspondence and received a very similar message. It is now XX/XX/XXXX and I still do not have an accurate count of my qualifying PSLF payments made. 
 
 Thank you.",Consumer loan,Medium,
10510,"On XX/XX/XXXX I submitted an application to consolidate 3 parent=plus loans into a single loan. In this application, and the conversations I had with the XXXX servicing rep, I made clear I was going to apply for the Public Service Loan Forgiveness program. I was reassured the loan qualified. In Fall XX/XX/XXXX, I ( finally ) submitted the PSLF documentation. On XX/XX/XXXX, I received an e-mail stating that I had been approved for PSLF, but that I should NOT make another payment to the current loan as the current repayment plan was not approved for the PSLF.",Consumer loan,Medium,
10512,"When I obtained a cash advance from Empower ( now known as Tilt Financial ), I was not told that they would be reporting to the credit bureaus. Otherwise, I wouldve never taken a cash advance from them. I missed a payment and they charged off my account and sent it to XXXX and reported it as a charge-off. Prior to the charge-off they werent even reporting my account to the credit bureaus. It seems like they did this to purposefully damage my credit.",Consumer loan,Medium,
10515,"On XX/XX/year> I contacted Navy Federal customer service and spoke with a representative at XXXX. I inquired about depositing a check using mobile deposit and was told I could take a picture of the check with my phone using the Navy Federal app. At XXXX ( same day ) I deposited the check using mobile bank and received an email at XXXX that my deposit could not be processed, I logged into my online account and received the message that check not endorsed ( check was signed ). At XXXX I contacted customer service to inquire why deposit was not accepted, unfortunately I could not receive any assistance since I did not remember the code word. I deposited the check again at XXXX writing for mobile deposit only at NFCU XXXX was not informed I needed to write this when I spoke with a representative in the morning ). I also submitted a message on the Navy Federal app asking what steps I can take to change my code word as the representative was unable to answer any questions even if were generic questions. Navy Federal Credit Union has XXXX my online account and I am unable to check the balance. I wish to transfer my funds in order to close my account but I am unable to do so as I have no way to check when the check clears. According to Navy Federal Credit Union website checks may take XXXX days to clear however I will not be informed when this occurs nor do I have any way to check when this occurs.",Bank account or service,High,
10517,I was never contacted or mailed any fees of the debt owed. I have tried calling and leaving messages with Alco Collections Inc since it was reported on my credit since XXXX of XXXX still no avail as of XX/XX/XXXX. Ive called the company that initiated the debt XX/XX/XXXX and was told theyll contact Alco Collections Inc. and never received a call back.,Debt collection,High,
10520,"We originally got a loan with a company called XXXX. They sold our loan to GreenTree who in 2014 paid the wrong company for our property insurance out of our escrow account. Not wanting that to happen again this year, I called in XXXX to speak to a representative. She eventually transferred me to a rep for XXXX XXXX who supposedly emailed them what was needed. End of XXXX I received a letter from XXXX who has now taken over GreenTree saying my insurance is n't paid and so I call customer service again who assures me it will be paid on time. XXXX rolls around, XXXX XXXX still has n't been paid, and XXXX sends me a FINAL NOTICE regarding the hazard insurance. They were going to force me to buy insurance from them. I called ditech again and requested a supervisor who finally informed me their concern was insurance for the structure which is paid by the HOA. I faxed them what they wanted. Then I received a notice yesterday. Our escrow account is "" short '' and they are raising our payment to make up this shortage. Turns out they not only paid XXXX XXXX the {$540.00} we owed them, but ALSO sent a {$840.00} check to XXXX who we do n't use for insurance on this property. We want our {$840.00} back and this escrow issue resolved so we do n't have to deal with it for a third year.",Mortgage,High,
10524,"On XX/XX/XXXX I logged into my Wells Fargo XXXX and saw that I had an additional deposit of {$1400.00} into my acct. What I now know is that they were transferring $ from my daughter 's minor account to mine, as her account was initially set up as a minor account years ago. I assumed it was possible a tax incentive from the IRS from years ago during XXXX that possibly I didn't receive. Not less than an hour later, a person claiming to be a Wells Fargo representative called me and told me that they suspected suspicious activity. I was asked to verify my acct with address, last XXXX of social, birthday. The person on the line was able to review all of my charges out loud, as obviously now they had hacked into my acct. I did not know this at the time. They knew exactly what I had spent, deposited, etc, so I was convinced it was the real fraud department from Wells Fargo. I was then advised to get a new card and pin number. They asked me to "" discretly '' put in my pin into my keypad so that I could verify the password, so that they could send me a new card and pin #. It was a legit Wells Fargo number XXXX ( XXXX ) XXXX. You can call and even listen to it and it sounds like its the real deal. Turns out this isn't a real Wells Fargo number, it is a spoof number. I made every claim I could, called Wells Fargo many times and patiently waited for XXXX business days until the fraud claim was investigated. I just found out today that they found no evidence of fraud, and they were even unable to tell me how they investigated this. I asked them if they reviewed the ATM videos of where the XXXX, {$2000.00} withdraws, were taken from. They told me that they couldn't give me any information on the investigation over the phone and would send me something via mail within 30 days.",Bank account or service,High,
10526,"We have a mortgage for our property located on XXXX XXXX XXXX in XXXX XXXX CA. with M & T Bank. I send mortgage payments from XXXX XXXX XXXX online payments regularly. The M & T Bank is asking for late chargers, even though XXXX XXXX XXXX processed ( delivered ) payment on XXXX XXXX, 2016. 
 Please see attached report from XXXX XXXX XXXX.",Mortgage,High,
10528,bank of America is still reporting a balance and outstanding account opened and this account was to be closed and reflect a XXXX balance do to fraud and them not properly handling and closing the account and remaining to let it continue they are in violation of the credit regulations and rules and still are reporting this on my credit files which it should not be I would like this fully handled at once I have reached out on this for over a year now,Credit reporting,Medium,
10529,"I am filing a complaint against Cash App regarding an unauthorized transaction and the handling of my dispute. On XX/XX/XXXX at approximately XXXX XXXX, {$85.00} was taken from my Cash App account without my authorization. My account was compromised/hacked, and I did not approve or make this transaction. When I first reported the issue, Cash App treated the situation as a scam-related transaction rather than unauthorized account access. I later Clarified after there finishing that it was not a scam that I did not participated in, but an unauthorized transaction resulting from my account being compromised. Despite explaining the situation, Cash App denied my dispute and incorrectly claimed that I authorized the payment. I believe my dispute was not properly investigated as unauthorized account access.",Money transfer or service,High,
10537,"Credit Collections USA LLC, has placed a collection for {$83.00} on my credit report and according to the State of Florida license search they are not permitted to collect in this state. I am requesting that this debt be removed from all the Credit bureaus such as XXXX, XXXX, and XXXX speedily. 
 The date that this collection was opened was XX/XX/2017 The Balace is {$83.00} The Reporting debt is {$83.00}",Debt collection,High,
10540,"On XX/XX/2022 and XX/XX/2022 Truist charged my account {$36.00} in overdraft fees. I contacted Truist to file a complaint, XX/XX/2022 @ XXXX ( EST ), and was told that a manger would be in-touch with me with in a few hours. I was also told that someone from another department would be in contact with me within 48 hours. Neither has happened. Truist banking system will show a postive balance and during the course of the day the positive balance would change to negative balance, causing accounts to be charged overdraft fees. Truist transition has cost consumer many over draft fees, among other issues, part of the reason for the "" CLASS ACTION LAWSUIT ' against the institution. I was told my debt cards were mailed XX/XX/2022, and did not receive them until XXXX after having to go and reorder several times. Doing that time my business account was charged overdraft fees. This transition has made consumers suffer, while Truist is pocketing money in varies fees. My contact information. XXXX XXXX, XXXX or XXXX.",Bank account or service,High,
10549,"In accordance with the Fair Credit Reporting act. The List of accounts below has violated my federally protected consumer rights to privacy and confidentiality under 15 USC 1681 : Account Name : XXXX XXXX XXXX Account # : XXXX Balance : {$160.00} has violated my rights. 15 U.S.C 1681 section XXXX A. States I have the right to privacy. 15 U.S.C 1681 Section XXXX A Section XXXX : It also states a consumer reporting agency can not furnish an account without my written instructions 15 U.S.C 1681c. ( a ) ( XXXX ) Section States : no consumer reporting agency XXXX make any consumer report containing any of the following items of information Any other adverse item of information, other than records of convictions of crimes which antedates the report by more than XXXX years. 15 U.S.C. 1681s-2 ( A ) ( XXXX ) A person shall not furnish any information relating to a consumer to any consumer reporting agency if the person knows or has reasonable cause to believe that the information is inaccurate. Remove these accounts within 4 days of receiving this",Credit reporting,High,
10551,"I am filing a complaint against Cash App ( Block , Inc ) due to inadequate customer service and unfair practices, which violate the Consumer Financial Protection Act ( CFPA ). Specifically, Cash App failed to prevent and address fraud on their platform, leaving my account vulnerable and unprotected. Furthermore, their dispute resolution process was unfair and deceptive, as they did not comply with error resolution requirements under the Electronic Fund Transfer Act ( EFTA ) and Regulation E. These actions have caused significant inconvenience and financial loss, and I seek appropriate redress for these violations.",Bank account or service,High,
10557,"This is not a duplicate nor is this complaint filed by a third party. I am filing this complaint myself. Please see this complaint is processed to the letter of the law. I have fully researched my rights and found that the Fair Credit Reporting Act does not allow you to victimize innocent credit-worthy people by reporting erroneous false information. I did exactly as the FCRA required me to do and first contacted Transunion about the horrible mistake. They sent me a letter stating that they verified the information. PISH POSH I say. I dont consider sending some computer-generated generic letter verification. Why dont you actually research my account history this time and see the errors yourselves? After doing so you will see that it is false to report I was late on XX/XX/2020. Please update and correct my account right away. 
 
 XXXX XXXX XXXX XXXX XXXX XXXX XXXX XXXX XXXX XXXX",Credit reporting,High,
10560,"Unauthorized XXXX transactions with several of my bank accounts ( XXXXXXXX XXXX, Bank of America checking accounts ). Multiple occurrence for small dollar values ( {$10.00}, {$1.00} ) in XXXX, XXXX, XXXX, XXXX. Called Bank to dispute. No adjustments issued.",Bank account or service,High,
10562,"I changed my name, decreed by the XXXXXXXX XXXX family and probate court XX/XX/2022. 
 \ I have since contacted Wells Fargo on no fewer than four dates from XX/XX/2022 to XX/XX/2022 about updating my name. Ultimately, my name on my credit card has been updated, but my online account and credit report still report to the former name. 
 \ Wells Fargo initially insisted I must go to a branch in person to perform this action. Then they changed their mind and promised a mailed form, which I was to fill out and mail back to them. After a month it hadn't shown up. I called them back and they said wait for it to show up, they had definitely absolutely shipped it for real. It took another phone call to request another copy be mailed before it actually showed up ( still >1 week later ). 
 \ After that it took them about a month to process my credit card file update. I might have had to reach out to them for a new credit card, I can't recall. 
 \ To date they have still failed to update my online profile. I called them today to update this, and they again insisted I go into a branch. There aren't any branches in my state. 
 \ I am calling them once more on Monday, and if they don't present a pathway to actually solving the problem I plan to close my account after balances are settled. 
 \ There is no online contact for customer support on their website. There is no email address. This could have been an email process, and everyone would have spent far less time and resources on this.",Credit card,Medium,
10563,"I called Valley Bank requesting a rewards redemption check. Their representative said the points had expired and that an e -statement had been sent to me notifying me to use them prior to expiration.
 
 I have never opted into e - statements and did not receive one. I told them i always get paper statements and had never received any such written information about using or losing them. 
 The bank rep said the account was switched to e - statements a few months prior but could not tell me who switched the account and could not rectify the problem.",Bank account or service,Medium,
10567,"Money from a Navy federal checking account was withdrawn/transferred out of account by Navy Federal as a collection of debt without authorization from of primary account holder. 
 
 The money collected ( XXXX ) benefits is under a protected class by Federal, State, and Social Security Act to not be used for debt collection. The primary account holder is not beneficiary of the XXXX benefits. The funds ( XXXX ) benefits belong to the child of the account holder. The funds are deposited as a check in the name of the child, and the account holder as the payee. Therefore the child is not responsible for the parents debt. 
 
 Navy Federal was contacted, and told that the funds are protected. The Navy federal representative said the money came from XXXX it was {$42.00}. I told the representative that the transaction for ( {$42.00} ) were wronfully taken out the account by XXXX on XX/XX/year> ; and the transaction was reversed by XXXX, and sent back the account on XX/XX/year> ; then Navy Federal took it upon themselves to transfer the reversed payment in the exact amount of {$42.00} out the account ; without my authorization as a collection of debt on a credit card I have never owned. Navy Federal Representative said because the funds came in from XXXX she was not reversing the payment. 
 Please note the transaction is listed as a transfer ; as If I transfered it to a debt collection account. When it should be listed as a payment/collection but it's not. I recorded the conversation for my own personal record. 
 I did not authorize XXXX XXXX to transfer any money.",Money transfer or service,Medium,
10570,"Dear Equifax, I am writing to formally dispute inaccurate information that appears on my credit file with your bureau. This letter is being sent pursuant to my rights under the Fair Credit Reporting Act ( 15 U.S.C. 1681 ) and 15 U.S.C. 1605 ( a ) regarding finance charges.
 
 On my credit report, the account listed below is being reported with late payments. However, under 15 U.S.C. 1605 ( a ), if a finance charge was included in the sum of all payments for this account, there should not be any late payments reported. 
 Account in Question : Creditor Name : XXXXXXXX XXXX XXXX Account Number : XXXXXXXX XXXX XXXX Reported Late Payments : XX/XX/year>",Credit reporting,High,
10571,"I am selling my home because my wife has become ill and can no longer work full time. I've had a buyer in place since XXXX. The buyer is trying to assume my loan. The mortgage company, PHH Mortgage, has repeatedly delayed the closing because they don't want my buyer to have my interest rate. I have repeatedly contacted them, as has my realtor and the buyer 's realtor. We have supplied all paperwork as requested, yet they continue to delay and refuse to set a closing date. This is causing financial and emotional hardship because we can not make the mortgage payment any longer. This purchase should have closed in XXXX. We are in severe financial distress because it hasn't, not to mention the purchase of our new, smaller home has not been able to be completed. I was given the "" direct contact '' information for the person working this case. Despite dozens of calls, that person has never answered their phone or returned voicemails. We are going to be in default even though we've had a buyer in place for months. This is not fair or right, simply because the mortgage company doesn't want the buyer to assume the loan. They are delaying with the hope that our sale will fail because of the delay.",Mortgage,High,
10575,We have been getting robocalls from Naviant every evening at the same time XXXX. Asking us to call XXXX number. Returned call once ..was told we have been listed as reference on a student loan app ..told them we knew of no such app. For a while got message threatening vague legal action in reference to a person we have never heard of. Would like calls to stop and Naviant to be sanctioned.,Debt collection,Medium,
10577,"On the XXXX of the month, I was urged by the represenative to scan my ID via my mobile phone. The process would not continue. I was advised to show my ID at a branch bank to verify my identity and complete the process ( I did this on the XXXX after suffering from a leg injury leaving church on Sunday. )",Bank account or service,Low,
10602,My payments keep going up with Wells Fargo. I am now at 14 % and I cant afford to pay this and I only owe XXXX on my home. I paid XXXX on XX/XX/XXXX and paid XXXX on XX/XX/XXXX receive a letter stating that I owe XXXX due by XX/XX/year> this doesnt add up.,Mortgage,Medium,
10604,I did reach out to XXXX XXXX for the mis-reporting and expressed to them that the late payment was due to their system being down and that that's caused the payment being submitted on the XXXX XXXX XXXX ; they denied the request.,Credit reporting,Medium,
10609,I had a cash app account that was closed on me and I was told that I would be able to get the remaining funds off of my account and my account disappeared and I was never able to get my money when they told me I would be able to.,Money transfer or service,High,
10622,"I paid the XXXX XXXX XXXX off in XXXX . They sent my title. I do n't owe them anything, but the way Santander rep orted it on my credit looks like I still owe. They reported it as a "" XXXX balance '' which looks negative on my part. I feel it should say "" paid in full. ''",Credit reporting,Medium,
10638,"Complaint Details : Issue : Discover is reporting a debt on my credit report despite no longer owning the debt, in violation of the Fair Credit Reporting Act ( FCRA ) and Fair Debt Collection Practices Act ( FDCPA ).
 
 Description of the Problem : I am filing this complaint against Discover Financial Services for unfair and deceptive credit reporting practices. The company is reporting a debt on my credit file, even though they no longer own the account.
 
 Under FCRA ( 15 U.S.C. 1681s-2 ( a ) ), furnishers of credit information must report only accurate and complete information. If Discover has sold, transferred, or assigned the debt, they no longer have the legal right to report it as an outstanding obligation under their name. 
 
 Additionally, under FDCPA ( 15 U.S.C. 1692e ( 8 ) ), misrepresenting the legal status of a debt is a deceptive practice and a clear violation of federal law. 
 
 Since XXXX, I sent a formal dispute letter to Discover requesting debt validation and proof of ownership. However, they have failed to provide sufficient documentation proving that they own the debt or have the authority to report it. 
 I have proof they received payment and the balance was zeroed out and requested a payoff letter. 
 Despite my dispute, Discover continues to furnish inaccurate and misleading information to credit reporting agencies, which is damaging my credit and causing financial harm. 
 
 Resolution Requested : 1. Immediate removal of the inaccurate debt from all credit bureaus ( XXXX, XXXX, and XXXX ) if Discover can not provide verifiable proof of ownership.
 
 2. Correction of all misreported account information per FCRA and FDCPA guidelines. 
 
 
 3. Monetary compensation for damages caused by Discovers false reporting, including loss of credit opportunities. 
 
 
 4. CFPB investigation into Discovers reporting practices to determine if this is a pattern of misconduct affecting other consumers.",Credit reporting,Medium,
10643,"My husband and I are the successor trustees for the XXXX XXXX XXXX "" XXXX ''. XXXX passed away on XX/XX/2022. We have been trying to obtain a closing balance for the reverse mortgage XXXX had and we have hit roadblocks every step of the way. We have done everything and provided all pertinent information that Champion Mortgage has asked for only to be told that we are denied finding out the balance. To say that we are a bit angry and certainly frustrated is an understatement. We have spoken to Champion Mortgage at least 8 times and have faxed documents to them 3 times upon their request. This information has our personal information on it such as our Social Security numbers. Upon attempting to contact them again this morning, we learned that Champion Mortgage has been sold.",Mortgage,High,
10647,"This is about my CNB XXXX XXXX XXXX Credit Card. I was charged the annual fee in XX/XX/2019, then CNB sent notice to me announcing that they are cutting the card benefit significantly. I called customer service to close the card and asked for a refund for the annual fee. The credit card is closed however there is no response to my request for the refund.",Credit card,High,
10652,"I sent money to a fraudulent company that I thought were legit. I made 2 payments to a guy from the app called Cash app. They didn't come through with their promise, so I asked for a refund. I forgot how long they said the refund process is, but ita way overdue by now.",Money transfer or service,High,
10653,"XX/XX/2020 I ordered a wireless adapter from XXXX The vendor for the adapter was shady about shipping notifications and I have a huge email chain with them trying to cancel my order or locate the device they claim to have shipped to me. I never received the device I ordered. After several months of trying to work with the vendor I opened a dispute with Goldman Sachs for my Apple Card which I used to make the purchase. 
 
 I have opened multiple disputes with GS citing never receiving my item and the company claiming I DID receive it. I did not. 
 
 The last dispute that I can find record of was on XX/XX/2020. This dispute was also denied. I have disputed multiple times and gotten nowhere with GS. 
 
 The vendors name on my transaction history is XXXX My transaction : XXXX XXXX XX/XX/2020 2020",Credit card,High,
10655,"On XX/XX/XXXX and XX/XX/XXXX of XXXX I filed a dispute with Equifax, XXXX, and XXXX addressing incorrect information in my credit report, specifically regarding the following items : I'm reaching out because Equifax, XXXX, and XXXX are messing up my credit report. They're breaking the rules of both the Fair Credit Reporting Act ( FCRA ) and the CARES Act, and I urgently need your help. 
 
 When COVID-19 made things tough for me, I got an accommodation agreement to ease my student loan with DEPTEDXXXX & XXXX XXXX XXXX The CARES Act and 15 US Code 1681s2 ( F ) state that during this period, my loan should be reported as current, but Equifax, XXXX, and XXXX is wrongly labeling it as late. 
 
 Plus, they're not handling my complaints about negative accounts correctly. The law, specifically 15 U.S.C. 1681i ( a ) ( 5 ) ( A ) ( i ) and 15 U.S.C. 1681i ( c ), says that they need to fix or remove any wrong or unverified details after a dispute and clearly mark any disputed information in future reports. But they're not doing this. 
 
 Even more, Equifax, XXXX, and XXXX isn't following the rule of 15 U.S.Code 1681e ( b ), which says they should take reasonable steps to make sure my credit report is as accurate as possible. This is not happening. 
 
 Because of Equifax, XXXX, and XXXX 's wrong actions, my credit score is taking a hit and it's getting in the way of my future financial plans.",Credit reporting,High,
10657,"I won a small giveaway ( {$20.00} ) from a vape company. They sent the funds through PayPal and I did not have an account. I created one to accept the funds, and PayPal limited my account immediately and required me to provide information on my identity and the transaction. PayPal was acting as though I was a business accepting payment for services or products despite the transaction noting that it was a giveaway prize. 
 
 I did everything they requested, and my account was immediately permanently blocked. PayPal has decided to hold my funds for 120 days and not allow me to access my winnings. I contacted support to ask for an explanation or how to access my funds since that was the only reason I created an account in the first place. 
 
 Support was entirely unhelpful. They refused to provide any information on why my account was blocked, offered no recourse to appeal the block, did not offer to pass my case up the chain to a supervisor or anything. They responded only with repetitive, canned responses and just informed me over and over again that my account was blocked and I had no way to access my funds. 
 
 Overall my experience with PayPal was terrible. The app keeps sending me emails in XXXX or XXXX for some reason, they're holding my funds hostage with zero explanation despite my every attempt to provide them with any necessary information, and support was entirely unhelpful. 
 
 It seems entirely ridiculous and unprofessional to block someone's access to money that is rightfully theirs with zero explanation and no recourse to resolve the problem. PayPal acts as though they own the money sent through their application. It would be nice to receive an explanation or a way to access my funds but support has refused to help me with this in any way.",Money transfer or service,High,
10658,"On XX/XX/23, I deposited a check from my childs school to reimburse us for things we purchased for the school into my CapitalOne360 account. On XX/XX/23, the deposit was reversed from XXXX ( their bank ) because ( as I later found out from the school, it was flagged as possibly fraudulent. ) On XX/XX/23 I realized both my CapitalOne savings and checking accounts were frozen. I called and the person I spoke to told me that security would have to contact me, and that they couldnt connect me to them. I called the number which went to voicemail. I left all requested info but never received a call back. I called and left another message each day. I finally called the credit card side and explained my situation. They told me Id have to speak to security and that it showed they called me that day. They did not. I verified the number they had and had XXXX missed calls. I used XXXX XXXX XXXX to try to get something done and everyone said the same. My childrens school took care of it on their side immediately and said they contacted my bank, but I never could speak to anyone who could verify this. I literally tried everything I could to get some kind of information, bit could not. I did receive a letter in the mail saying security would contact me if necessary. I had XXXX access to my checking or savings accounts from XX/XX/XXXX through XX/XX/XXXX, right before XXXX with no help from the company. No returned calls. No cooperation whatsoever. I couldnt even close my accounts so at least I could get my money. I said I wanted to file a formal complaint and they said they could file that for me. I asked to be copied on any complaint, but again, nothing. The lack of communication caused a lot of XXXX and I could not get to my money. They treated me so poorly and I felt helpless. We have no local branches so I could not go speak to anyone about it.",Bank account or service,High,
10662,"My account was overdrawn by {$10.00}. My limit. I was told if I bring the balance to {$0.00} by XX/XX/XXXX that I would not be charged an Overdraft Fee. I was sent a {$500.00} XXXX payment on the XXXX before cut off time. I was then charged two overdraft fees on XX/XX/XXXX though they have a policy that you can only be charged one over draft fee per day. One of the overdraft fees posted on XX/XX/XXXX was dated for XX/XX/XXXX. That is illegal. They refuse to take my evidence that the XXXX payment was received in time and that I had 4 hours of extra time left and also refuse the evidence that they post dated an overdraft fee. My account was brought positive on XX/XX/XXXX so I should not have an overdraft fee post dated for XX/XX/XXXX but charged on XX/XX/XXXX. I demand that these two overdraft fees {$36.00} each, {$72.00} total be refunded back to my account and that PNC be investigated for engaging in unfair practices, such as manipulating the order of transactions to maximize fees. Thank you. 
 
 P.s they have a rule in the terms and conditions that states if you are less than {$5.00} overdraft, they will not charge a fee regardless.",Bank account or service,High,
10666,Sunrise credit Service - XXXX - is reporting on my credit and attempting to collect a debt that I had already paid and settled with XXXX XXXX XXXX.. They threatened and forced me to pay again so I have contacted my attorney regarding their tactics.,Debt collection,High,
10667,"I applied for a payday loan online. I was approved for {$470.00} dollars and never recieved the funds in my account. After weeks with customer service nothing has been done, and they even tried to charge my card for the loan. I discovered they had sent it to the correct account number but had messed up the routing number. I have provided them all the documentation they have requested from me, in order to prove they had made the mistake and I have called upwards of 30 times to the response "" it is being looked at, but you are still responsible for this loan. '' Which seems illegal and is why I am having to reach out to CFPB for help on the matter. This was my first time applying for a payday loan and speedycash is in my opinion allowing people like me to pay for their mistakes, with no actual service from customer service.",Consumer loan,High,
10669,"Hi - I would like to add a person to my deed for the condo I own. I called Roundpoint mortgage XXXX times, wrote them XXXX letters, and they refuse to tell me. I would like to know if I add a person to deed, how does that effect the terms of my mortgage. After XXXX calls, they said XXXX owned the loan. After calling XXXX XXXX times, they said they are only the guarantor of the loan, not the owner. They said Roundpoint mortgage has a responsibility to tell me.",Mortgage,High,
10673,"This account has already identified as fraudulent. The credit bureaus have deleted this account after I submitted a ftc report with other supporting documents. On XX/XX/XXXX the company XXXX comenity bank obtain a copy of my credit report without my permission, only to re report this fraudulent account causing my credit to crash! Speaking directly with XXXX comenity bank has gotten my no where! The account in question was open XX/XX/XXXX. The partial account number is XXXX",Credit reporting,Medium,
10678,"We are a newly formed XXXX XXXX XXXX business. My husband is a retired XXXX from california who used his savings to start up this business. On Sat XX/XX/XXXX we participated in a huge event in our town called XXXX XXXX XXXX XXXX. We had a total of {$2500.00} in sales. Of course each of those were individual transactions using our XXXX XXXX XXXX too swipe the sale transactions. Come Thursday we realized the money still wasnt in our bank account. Thursday XX/XX/XXXX I spoke to an agent at Clover ( a merchant services company ) about why my money isnt being put in to my bank account. The agent was unable to tell me anything other than there is a security problem and they would have to schedule a call for Friday XX/XX/XXXX. Friday came around and I did not receive a phone call. I called the company back in the evening on XX/XX/XXXX and was told they had to schedule another appointment. The agent is unable to get ahold of the security department. I escalated and spoke to a supervisor in the escalations department who gave me the same information. The only thing she could do was send an escalated email and schedule a call for someone to get back to us on Monday, meanwhile our bank account is overdrawn now, we have an event Saturday XX/XX/XXXX and no idea why our money is being held from us. I am escalating because I think it is illegal to hold every single transaction from the consumer. If there is a security problem with a transaction then that is the transaction that should be held. I am not understanding why every single sale is being held from us. The company is unable to tell me what the problem is and I have to wait for someone from security to contact me when its convenient for them.",Money transfer or service,Low,
10688,"In XX/XX/2023 I proceeded to log into my new Coinbase account and found that my assets were absconded. The account shows several transactions on XX/XX/2023 at XXXX through XXXX that I did not perform nor authorize. See attached supported documents, Coinbase states my assets were successfully and securely transferred into my Coinbase account by them. 
 I contacted Coinbase on XX/XX/2023 and filed a complaint. Their case # XXXX. Following up with Coinbase, I was told by Coinbase the following "" I recommend attempting to recover the funds from the recipient by reaching out to them and requesting their help. '' I completed all procedures that they requested including a filing a police report in XXXX Georgia # XXXX. Scanning my devices with antivirus software did not show any hacking. I was then able to finally log back into my account to continue my reporting to Coinbase that my assets were still missing. To this day, Coinbase continues to state that transfers are irreversible. Coinbase was the guardian of my assets and they are not as safe and secure as they state. I respectfully request support in retrieving the assets from Coinbase as I feel they are fully responsible. They have the knowledge and where with all to track and see where my assets went. Please advise, your help in this matter is greatly appreciated. 
 Sincerely, XXXX XXXX XXXX",Money transfer or service,Medium,
10703,"I previously closed Chase account in XX/XX/XXXX but it had to be re-opened due to Chase 's error and needed to deposit Cashier 's Check and wait for it to clear per XXXX, Chase XXXX, IL Banker. 
 
 I AM BEING IGNORED AND CHASE DOES NOT CARE. 
 On XX/XX/XXXX I called Fraud re : below and XXXX in Chase Fraud Dept. refused to place Frauds but transferred me to disputes and I held over an hour with no answer. 
 
 On XX/XX/XXXX I called and tried to place Disputes and the Chase Customer Service agent kept clicking loudly and refused to allow me to place disputes. 
 
 On XX/XX/XXXX I emailed XXXX XXXX, Chase XXXX XXXX Banker the below : Also received Letter that Cath match {$23.00} IS PERMANENT ( Chase letter attached ) and there is a withdrawal when I DO NOT HAVE OVERDRAFT PROTECTION And I only at at XXXX twice but there are 7 charges for {$6.00} some more than once a day. {$6.00} X 5 is {$32.00}. 
 {$23.00} {$32.00}. 
 is {$56.00} {$280.00} XXXX XXXX {$49.00} XXXX {$12.00} Bank Fee Increased ALTHOUGH NO OVERDRAFT PROTECTION {$5.00} Lot XXXX XX/XX/XXXX {$37.00} is Not mine-There is a Withdrawal slip Not in my writing. 
 Total : {$400.00} Credit due Me. 
 Please credit my account and advise.",Bank account or service,High,
10707,"This is a continuing problem with XXXX XXXX since XXXX. I had XXXX cell phones with them. XXXX of them I used myself and the other was shut off by me and my granddaughter played with it. The contract with XXXX expired In XXXX, XXXX so I contracted with XXXX XXXX XXXX for a new cell phone service. Ever since this I have been CONSTANTLY harassed by XXXX and various collection agencies and the amount has increased to over {$610.00} supposedly owed them from an original {$150.00} charge. I have all the appropriate paperwork to back this. Today ( XXXX/XXXX/XXXX ) I received a very nasty phone call from Diversified Adjustment Company by a man who called himself XXXX. He was very rude from the start demanding to know where I lived, what my previous address was. I demanded to know who he was and what he wanted. He finally admitted it was a collection agency and was collecting on a debt to XXXX XXXX. I told him that i will not pay any XXXX bill that it is not due for any reason after all this time. I told him that I had talked to my attorney and he demanded to call my attorney and I refused to give him the attorney 's name or phone number. The phone number he called from was XXXX. 
 I am more than fed up with these collecting agencies calling me and I want the FTC to do something to protect my rights under the Federal Fair Debt Collection Act. I think that collection agencies such as Diversified Adjustments should not only be fined but put out of business. It is harassment to the first degree to be constantly contacting me by phone or mail. I told this XXXX NEVER to call me again. I would appreciate you filing a formal complaint on this as soon as possible.",Debt collection,High,
10710,"My aunt asked me to send her money on Cash App. I accidentally sent it to her old Cash App XXXX she no longer has access to. She reached out out to Cash App on her end and I also reached out on my end. They could not help her get back into the old Cash App and denied my request for a refund. They told me to send a refund request to the recipient, which I did, however my aunt could not get into the old Cash App to accept or reverse the funds. I then submitted a scam report because maybe someone else has the old number she used for that Cash App and denied my refund request. Cash App customer service hasnt been supportive during this process. Cant call and speak to someone.",Money transfer or service,High,
10711,"I opened my account with Bank of America, the account was approved and I received the account number in the email. When I received the debit card in the mail and tried to activate my card with the company, they company then told me that my account was closed and refused to do business with me. They did not tell me the reason, and I have appealed this to the closure department, as well as to their social media team, but I did not get any answer. I have a great credit report and I think Bank of America is discriminating me. They even say that I would never be able to open an account with the company ever again without giving me a chance to resolve.",Bank account or service,High,
10714,Creditor reported deragatory history on a debt that was discharged in CHXXXX bankruptcy 6 months after debt was discharged. CRA 's will not remove negative history they only updated it to show Bk. Any debt collection AFTER CHXXXX Bankruptcy and or negative collection comments must be removed. These actions are in direct Violation of the Automatic Stay per US Bankruptcy code.,Credit reporting,High,
10718,Account was assigned to repo. I called to set up payment plan. Been making payments for months. And they took my car this morning XX/XX/. Ran my credit and it says the car account was repossessed and closed in XXXX.,Consumer loan,High,
10722,"When I reviewed my credit report, I discovered that some of the information was erroneous. The XXXX and Transunion credit bureaus must validate these accounts in line with Sections 609 ( a ) ( 1 ) ( A ) and 611 ( a ) ( 1 ) ( A ). It is not authorized to fail to validate these reporting accounts as unverified information without providing any proof within the period allowed by law. The following accounts need to investigate and corrected for erroneous reporting in my file are listed on my credit report XXXX XXXX Balance : {$580.00} XXXX XXXX Balance : {$0.00} XXXX XXXX XXXX Balance : {$0.00}",Credit reporting,High,
10724,Tried to apply for a bank account with chase and was turned down because of an old paid balance of 50 something dollars find this action has affected my personal well being and want this issue resolved and an account open not just an access account but a regular checking account which i am entitled to.,Bank account or service,High,
10746,"For the past several weeks, I have repeatedly attempted to contact Security Credit Services regarding a disputed debt. The company does not answer the phone consistently, and when calls are answered, representatives often hang up on me before assisting. XXXX clerk in particular has been extremely unprofessional, and no manager has been able or willing to answer very basic questions. Communication with this company is almost impossible.
 
 After weeks of trying, I finally reached a manager who stated that the debt would be removed once I provided my FTC identity theft report, police report, and identification. I sent all required documents as instructed. Despite this, more than XXXX months have passed with no update, no resolution, and no returned phone calls. The manager also promised to call me back the same day or the following day, and that never happened.
 
 Security Credit Services has failed to follow through on their written statements, has not communicated in good faith, and has caused significant and unnecessary delays in resolving this matter. I am requesting CFPB assistance to get a proper response, verification, and resolution.",Debt collection,High,
10747,"We are unable to set up online payments as the account is 1 month behind. Talked to Wells Fargo on phone and set up payment, XX/XX/2023. On XX/XX/2023 they took out {$500.00} more than the agreed upon amount.",Money transfer or service,Medium,
10749,"SPS representatives told me I could make XXXX XXXX monthly payment while I was between jobs to keep our loan in good standing. in XX/XX/2025, SPS then provided a reinstatement quote for a specific amount to bring the loan current. 
 After I secured those funds, SPS refused to accept the payment and/or raised the amount due, making it impossible for me to bring the mortgage current as promised. SPS 's actions have caused severe financial harm and appear to violate RESPA servicing standards by failing to honor payment arrangements by not accepting proper tendered payments. 
 
 I want SPS to : reinstate my mortgage based on the original XX/XX/2025 quoted amount remove any fees or penalties added after that quote honor the prior {$500.00} payment arrangement that SPS offered and suspend all for foreclose activities while this issue is reviewed",Mortgage,High,
10750,"I discovered inaccurate personal information being reported on my credit file, including an incorrect address that does not accurately reflect my current information. I disputed the inaccurate address with the credit bureau, but the information continues to appear without proper verification. Reporting incorrect personal information may lead to mixed files, inaccurate reporting, and potential harm to my credit profile.",Credit reporting,High,
10754,"Summary : Wells Fargo XXXX branch in XXXX XXXX XXXX. XXXX, XXXX, canceled my account opening twice without explanation, but I decided to show up since I need checking account to get by. I arrive at XXXX appointment that they cancelled without explanation. I get in and I hear "" cancel it '' by manager talking to XXXX XXXX, a teller who I made appointment with. I sit down and provide XXXX XXXX with XXXX forms of ID ( driver license, passport ) and proof of address and portion of salary to deposit in cash. She checked two forms of ID & proof of address as required by Wells Fargo appointment service desk, then said I can not make an account. I asked for information about denial but she kept repeating how there's discrepancy in my records and that she needs to see my social security card as well. I provided social security number to punch pad in front of her as she requested a minute earlier, but she insisted that I bring the actual social security card to which I said I don't have it and it's not what you required for me for account opening. XXXX XXXX, banker, said lied to me that she called about account cancellation which she acknowledged on the spot because she called my number and my phone rang, and she confirmed that's not the number she called. Also, she didn't explain what information discrepancy is blocking her opening account for me and that she just have to see the social security card and nothing else. I find everything happened today Wells Fargo 's yet another abuse of power being too-big-to-fail financial institution, just doing whatever they want to do the business whatever way they want. During this visit, no documentation is provided to me explaining reasons for denial, nor conversation without substantiative information other than basically bring the social security card.",Bank account or service,High,
10762,"In XX/XX/2022, I reported scam/fraud to my bank ( USAA ) for someone getting my login information who then deposited fake checks and wired money out of my account and resulted in the bank ( USAA ) making me reliable for the {$10000.00} that was stolen. As of XXXX XXXX, they have frozen my bank accounts and stated that I am no longer eligible to bank with them ( USAA ). They also will be sending the case to collections if I do not pay them back within 60 days which will severely impact my credit. I have been a long time customer ( over 10 years ) with no issues and the bank ( USAA ) is unwilling to help me with the scam/fraud and has created a huge problem for me and my family. I can not pay my bills since they are withholding my money, bills that were paid are bouncing and resulting in even more fees, and the bank ( USAA ) has turned me into the bad guy since my login information was compromised. I thought I was a member of a customer loyal company but they ( USAA ) have completely turned their back on me. It is hurtful and has caused extreme stress and pressure on my family. This is shameful coming from a company that states they are there for their customers who are part of the military family and community.",Bank account or service,High,
10763,"In XX/XX/year>, I discovered that Klarna allowed someone to open a line of credit using my full name, date of birth, and home address. The account was linked to an unfamiliar email address ( XXXX ) and phone number ( XXXX ) neither of which are mine. Despite this mismatch in contact information, Klarna approved the account and allowed purchases to be made under my identity without ever notifying me. 
 
 When I contacted Klarna support, they confirmed the account was tied to my personal information but refused to disclose whether my Social Security number had also been used. They have not taken appropriate steps to verify the fraudulent nature of the account, and have actively limited the information I can accessmaking it difficult for me to assess the extent of the identity theft or to properly dispute the charges with debt collectors.",Consumer loan,Medium,
10765,"I am writing to formally express my concerns regarding Zelles handling disputes, particularly on light of the recent CFPB lawsuit highlighting significant issues with the platform. Dispite using Zelles numerous times and reporting discrepancies, my financial institution and Zelle failed to investigate my claims adequately. They informed me that recovering lost funds was impossible and that tracking these transactions was unfeasible. The CFPBs findings indicate that Zelle has not only neglected to protect consumers but has also allow repeat offenders to exploit the system, leaving users vulnerable to scams. The lack of accountability and transparency is unacceptable and raise serious concerns about consumer safety.",Money transfer or service,High,
10770,"I am XXXX XXXX and I'm submitting this complaint myself and there is no third party involved. 
 
 I, XXXX XXXX, consumer, natural person, and original creditor of an open-end credit plan, have a closed account reporting on my credit report from SELF FINANCIAL , INC . d/b/a SELF through XXXX XXXX due to late payments. I am writing this in regards to Account # XXXX and transactions. At the time of the occured late payments, I was having financial issues due to me not getting enough hours at work to pay all of my bills. While I make every effort to pay off my debts and fulfill my financial responsibilities, in this instance, I was in this circumstance, unfortunately, unable do so. I have since, been put in a much better position and was able to fulfill my duty to pay off my balance before the account closed. Due to this closed account reporting on my credit report, it is greatly impacting my credit score. I take full responsibility for these late payments and would like to sincerly apologize for my inconvinence and frustration this has caused you.",Credit reporting,High,
10774,"LVNV LLC have reported to the 3 credit bureaus inaccurate information payment statuses, past due amount, and balance owed on three different accounts. Once I notified the credit bureaus that I needed proof that I owed this debt I waited 45 days 2bureaus deleted them however XXXX did not respond back or do an investigation. After all this LVNV reported this info again using the copany name LVNV Funding they also gave my information to another company called XXXX XXXX to collect for them during this same time.",Debt collection,Medium,
10785,"I linked my bank account to my Robinhood account in XXXX of this year. I sent in XXXX dollars but my account was immediately locked. I was not told why, only that it was under investigation and asked me to send bank statements, social security card photos ( front and back, all XXXX corners showing ), and a selfie of me with my drivers license. 
 
 Long story short : it has been over XXXX weeks and every time I speak to agents at robinhood they say they did not get the documents, and/or they are not in the right format and/or ask me to send more documents like my passport ( front and back ). Every time I call they ask for more documents that were not requested before, and yet they gaslight me and put the blame on me for supposedly not following directions or not getting back at them. 
 
 During many of my calls they claim they can't find my records and say there have been numerous different case numbers created and hold me responsible for keeping track of all of them. They even had me take selfies with the computer camera after I had sent XXXX other selfies holding XXXX documents the first which they couldn't find and the second which they said was not sufficient but with no context. When I told them I just want my money back they told me they can not give it back because the account is under investigation, however they refuse to tell me why. 
 
 Their customer service is rude, pathetically useless, and every time I call I feel like each agent handles the process in a completely new and different manner. They cut me off while I speak, and blame me for all the documents not being good enough. 
 
 I am afraid for my Identity being stolen by these people, since they basically have everything about me. 
 
 This feels like a scam and like my money is being held XXXX for them to do with it what they please. I have recently read tons of horror stories similar to mine and I really hope I do not become another statistic. I just want my money back.",Bank account or service,Medium,
10789,I opened a new access checking account at Citibank around XX/XX/XXXX. I deposited {$25.00} as instructed and set up direct deposit with my employer. Here is the account number. XXXX. On XX/XX/XXXX when my direct deposit is sent out my account was suddenly blocked by Citibank. I spend 3 whole days calling every possible department trying to get the account unblocked. I was told my phone is unverifiable and the only way is to wait 2 weeks for a letter from Citibank. By Friday I had bounced two payments one of which read to the IRS. I CALLED 3 more times that day and was told my deposit was returned to my company payroll. Today I called citibanks executive response unit again to speak to my account manager. She now told me my deposit is in my blocked account and there is nothing they can do til I get their letter. Here is my case number XXXX. Please help. I will have my cell XXXX and WiFi turned off by the end of the week,Bank account or service,High,
10790,"I've been waiting on the dept of ed since XX/XX/XXXX to ask for any debt forgiveness after my husband 's leg was amputated XX/XX/XXXX. I can not afford my loans. Furthermore the school i attended was closed by the dept of ed for selling phony loans and over charging interest and lying about their accreditation policies. Selling worthless degrees. I've been directed by the dept of ed to work with great lakes but am going in circles. How long does it take for file to be reviewed? I think 3 and half years is absurd. I can not get a mortgage loan since there's no actual student loan payment reporting on credit and the mortgage lenders want to use 1 % of the payment against me. On XXXX that's over XXXX a month causing me further financial harm since i shouldn't be wasting my money on rent. The school i attended ( MN XXXX XXXX XXXX XXXX XXXX XXXX XXXX was sued by the state of mn in a class action lawsuit. I incurred financial harm from misappropriated account ledgers ( The school was cooking their books ) misappropriating grant money, etc. I provided my student ledgers, a hardship letter and a request form. 
 
 I've wrote letters to the secretary of ed XXXX XXXX but she too will not respond to any correspondence.",Consumer loan,Medium,
10792,"A collection agency I never heard of or talked to or got a notice from reported me to the credit bureau on XX/XX/XXXX over an amount of {$260.00}. The only way I found out about them is when I was looking at my credit report on XX/XX/XXXX. 
 
 I called them and their costumer service were basically rude and misleading. They admitted that they never contacted me before and that reporting a collection on me was a way to get my attention. When I asked them to remove it from credit bureau because what they did does not even comply with the fair credit act that protects consumers, their response was the only way they can do that if I pay first and that they are doing thing legally based on the time they been on business. I am not even sure why I should pay an amount of {$260.00} and all my bills are current. I told them I can't pay for something I don't own. 
 
 I checked review on XXXX and other customers have the same issue with that company. 
 
 This collection agency basically is hurting me because I was getting ready to get a home equity loan to renovate my house that is in a bad situation because of contractor fraud.",Debt collection,Medium,
10796,"My student loan payments were being applied to a loan that did n't exist during a period of time in the beginning of my loan payments. The loan company thanked me for catching this error but did n't move the payments back over. I 'm not sure where the money went but I was then told I was well behind on my monthly payments. Again, payments were being drawn out and applied to a loan that does n't exist. On numerous occasions through XXXX they 've pushed forbearance as an only option for me with my student loans. I 've tried income based payments but whenever I gave my amount ( XXXX ) they 'd always tell me that I made too much to help lower my payments which then put me into forbearance. Currently there is a loan out there for "" {$2500.00} '' that now is going up at 24 % a year in interest but I was only made aware of this loan in the past 6 months but it 's apparently from 2009 and the creditor is the XXXX. I ca n't get proof of the loan paperwork nor do I recall ever taking a loan out through my own University ; plus I 'd of never applied for a {$2500.00} loan due to not needing those funds. Now this loan has gone up to {$5000.00} and increasing each year until it 's paid off. I 've tried to work with the XXXX but have gotten nothing but payment requests back. The Agency used my resume from a job application in Michigan to track down my employers and ask them if I was still employed. Consistently harassed by phone calls for payments I 've stated I ca n't make, documentation sent out for wage garnishment. The Agency harassing my parents for payments or work information. After looking at all my Federal Loans Online the amounts listed are much more than would be required for schooling and no matter the amounts paid there is no relief in sight to get help moving the balances down.",Consumer loan,High,
10799,"To, XXXX XXXX, Vice President, XXXX XXXX XXXX Department, Comerica Incorporated.
 
 I am still waiting for a reimbursement for the fraud committed against my Direct Express account. I never authorized any of the disputed transactions, YOU DID. You never afforded the proper card security, or afforded all available security measures too guarantee against card fraud. This security should have included biometric measures, including fingerprint scanning and facial recognition, to be used at ATMs. This would ensure 100 % security. Also, if you provided your customers a secure ATM booth/environment with machine, this could also prevent someone from stealing your PIN while entering it on the keypad. 
 It's just too easy too walk up and observe a person entering their PIN number while entering it on the ATM keypad without their knowledge.Which obviously was done to me. Recently my D.E. card number was used without my authorization, even though it was electronically locked using the XXXXXXXX XXXX The un-authorized debits have been reported to the XXXX. XXXX XXXX. Bottom line is your XXXX XXXX XXXX, and method of using the card is not safe as you advertise. Also, have you EVER ( Past or Present ) used XXXX. account holders money, including mine, and invested that money to collect interest. 
 If yes, how much money did you collect in total interest, and during what time frame ( months & years )?",Bank account or service,Low,
10803,Our Mortgage was sold to Green Tree Servicing in XX/XX/XXXX in the process at the time we was in chapter XXXX and I talk to someone at Green Tree and I ask them once we become discharged can they refinance my home because our APR is 10.50 and she said they will see well we was discharged in XX/XX/XXXX so we had some hardship my husband lost his job XX/XX/XXXX they gave me a deferment but the problem with that was my husband is a truck driver and the weather was bad last winter when he found another job so I had pay things by myself so I get tired of Green Tree sending people to the house trying collect a house payment so XXXX XXXX I talk to XXXX XXXX at XXXX XXXX XXXX and she talk to Green Tree trying get our house payment modified but they said they could n't do it because our home is XXXX XXXX XXXX and they do n't do government loans and we had to do in house get our home modified and the lady we need talk too is XXXX at XXXX EXT XXXX for modification and she the only person that can handle I call this lady about XXXX times a week and leave message but she do n't return no calls so I spoke to someone at green tree and the answer they gave me is keep trying because she the only person that can handle my loan please look into this for me because it do n't showed on my credit that I do own a house my account representative is XXXX XXXX at XXXX ext. XXXX account number is XXXX and I be talking to her so I ask for another deferment to catch our payments up and her manager did n't approved it they tried place me on payment plan to pay XXXX for XXXX months I ca n't afford that my payment a month now is XXXX the reason why they did n't approved it because we not facing any hardship and they hate waste a deferment when we do n't need it,Mortgage,High,
10805,I just got out of the hospital and found money to pay my bills. I paid part of them and went the next day to do the rest. the XXXX dollars was missing. I contacted Chase and found them not willing to help. I need the money to pay bills. They had no right to take it from me. I have the printout from them showing XXXX amount. I would like them to work it out. But they will not take my calls. dates : XX/XX/2022 XXXX amount. was XXXX on XX/XX/2022. no money in there now.,Bank account or service,Medium,
10818,"XXXX XXXX XXXX placed a collection account on my credit report. The alleged debt is for the amount of {$3600.00} and the account number is listed as XXXX. 
 
 I have disputed this alleged debt in the past, and the collection agency has not provided me with competent evidence that I am legally obligated to pay.",Debt collection,High,
10822,"I initially expected to pay the loan down with increased payments to lessen the interest charges. As I did this and made those earlier and higher payments, they in turn began to change their payment plans thereby increasing the interest monthly charges. This process to me violated my already contracted loan and my attempts to pay it down to regain my title. 
 At XXXX time I believed they were working with me giving me a new XXXX months payment allotment to pay off the loan. The payments were higher than the monthly interest rates so I assumed and believed I read I the provided terms page that paying the higher amount each month would be sufficient to pay off the loan. The local store indicated no and were unable to access the agreement term ending XX/XX/XXXX. 
 I am asking that this method be done again as the original loan take XX/XX/XXXX, at {$2300.00} has now bloomed to $ XXXX though I again attempt to pay {$50.00} + overage on any payment made per month an yes sometimes in installments throughout the month since I am paid biweekly. 
 
 They aren't willing to work with me at the local store. I believe due to my racial ethnicity.",Consumer loan,High,
10827,"Dear CFPB, I am writing to you because its a nightmare dealing with Fay Servicing XXXX representatives from the Loss Mitigation Dept. At the beginning of this year i applied for a loan modification which it took 3 months for someone to return my call, i finally i was able to speak to a representative by the name of XXXX XXXX phone # XXXX XXXX who told me that my application was lost by and i needed to re submit all my documents all over again. 
 Which i did i faxed and mailed all my documents lettting them i needed help since my mortgage its adjustable and my payment had increased substantially and we weren't able to afford it. 
 
 The pandemic came and hit us very hard with our financials, as well as our health. XXXX XXXX finally confirmed that she received my documents and to wait a few months for a decision. 
 
 Now after so many months under review, Fay Servicing and XXXX XXXX who is the representative assigned finally answered my messages and told me that because of my Bankruptcy that i filed before the investor of the loan feel that i didn't deserved to keep my home. 
 
 I was shocked and concerned since this is clearly discrimination, i requested for her manager and since almost 1 month ago XXXX XXXX refuses to have her manager return my call. 
 
 Now every time that i call they keep telling me i need authorization in writing my self to speak to my self. which it doesn't make any sense since im the one on the loan. 
 
 Every time i called its a different story and when i request for a manager they hang up on me. 
 
 i don't know what to do to stop this discrimination against me and my family. i do appreciate some help with this matter. thank you.",Mortgage,High,
10829,"I was the victim of a scam through my PayPal account. Scammers gained access to my account fraudulently and requested a payment for {$500.00}. As I researched the request a pop-up box came up in the PayPal application telling me to call a phone number to fix the issue. When I called the number, the individual stated that he was a paypal representative. He had access to my information and told me that they needed to secure my account and took me to several protocols, resulting in forcing me to perform a "" dummy '' funds transfer from my checking account in order to fix the issue in my PayPal account. I believed that the person was an employee of PayPal because all correspondence came through the PayPal application and not a secondary entity or application, like email. I later found out that it was the scammer I was communicating with and the "" prorocols '' he took mt through caused me to lose {$720.00}. When I later contacted PayPal, I was informed by a representative that they were aware that accounts had been compromised, yet I never received a notification to that effect. If a company knows that their customers ' accounts have been compromised they should do their due diligence and let the customers know. PayPal has informed me that since the funds did not come from my account with them that there is nothing they can do to make me whole. However, this scam is directly linked to their inability to secure their platform and they should be assisting affected customers in obtaining the funds that were lost.",Money transfer or service,High,
10840,"Previously filed a complaint with you regarding Capital One fraud attenmpt to collect {$7600.00} in fraudulent cash transfer claim. Referfernce CFPB # XXXX. 
 
 I thought you had resolved this attempted action to tap my checking account for over {$7600.00}. Capital One issue me a new credit card in responds to my filing a complaint with you. I thought this card was cleared of the fraudulent transactions, only to find they flipped all the fraudulent transactions on to this card. they used this cards number to access my XXXX XXXX checking account for a payment in XX/XX/2023. XXXX XXXX took this payment back. They again went into my checking account in XX/XX/2023 using a Walmart "" Merchant '' number and took out more money, which XXXX XXXX took back. 
 XXXX XXXX advised me to close the checking account I've had for over 20 years as they can not stop Capital One from using the "" Walmart Merchant '' numbers to access my account, as they have thousands of them. 
 
 XXXX XXXX continued to harass me by posting false claims regarding this issue on every Credit Bureau service. Destroying my credit rating, that before Capital One attempts at Bank Robbery was over XXXX, and now in in the low XXXX. 
 
 To add further harassment, they have turned over this fraudulent claim to a collection bureau, XXXX XXXX XXXX XXXX XXXX, XXXX XXXX XXXX, XXXX XXXX, MN XXXX. 
 
 I am XXXX, sick and need your help!!! Please Stop Capital One NOW! They shouldn't even be allowed in this country! They obviously are breaking the law in attacking my bank account and credit report repeatedly. XXXX XXXX has never received a cash transfer from Capital One to my checking account. For ANY amount. Not {$5200.00}, Nor {$2400.00}. These amounts were NEVER posted to my XXXX XXXX accounts!!!!!! AS I reported to you previously. 
 
 Also do something about them ruining my credit. Is this against the law? It should be.",Credit card,Medium,
10846,"XXXX XXXX XXXX XXXX XXXXXXXX XXXX XXXX XXXX XXXX XXXX Collection Agencys Name and Address LVNV FUNDING LLC Dear Sir/Madam : I am writing in regards to the above-referenced debt to inform you that I am disputing this debt. Please verify the debt as required by the Fair Debt Collection Practices Act. 
 I am disputing this debt because I do not owe it. 
 Because I am disputing this debt, you should not report it to the credit reporting agencies. If you have already reported it, please contact the credit reporting agencies, inform them that the debt is disputed, and ask them to delete it from my credit report. Reporting information that you know to be inaccurate, or failing to report infor- mation correctly, violates the Fair Credit Reporting Act. 
 Finally, please note that I do not wish to receive further telephone calls or letters concerning this debt that I do not owe to your client. The Fair Debt Collection Practices Act requires you to respect this request. See 15 U.S.C.
 
 1692 ( c ). 
 Thank you for your attention to this matter. 
 Sincerely,",Debt collection,High,
10858,"On XX/XX/XXXX, I was informed a dispute was resolved in my favor. The balance has gone back to XXXX. The representative confirmed no payment will be drawn from my account. 
 
 However, on XX/XX/XXXX, I saw autopay drew {$48.00} from my checking account despite the XXXX balance. My BoA credit balance now has gone to XXXX. 
 
 I called to get the XXXX out and corrected. I was told to wait XXXX to XXXX business days for the XXXX dollars to be send back to my checking account. 
 
 XXXX days have passed. Balance stayed XXXX. 
 
 On XX/XX/XXXX, I called again because balance was still- {$48.00}. A representative named XXXX picked up the phone, reassured me the balance will be refunded by XX/XX/XXXX. 
 
 XX/XX/XXXX. No refund was processed still. I called again. The call took XXXX minutes. A representative now says it will take XXXX billing cycles to get the negative balance back. I was transferred to a XXXX, who now says the request was submitted as a "" payment error inquiry '', not a "" regular refund request ''. She will have to restart the process all over again and I will not see my refund arrive by at least XXXX or later.",Credit card,High,
10866,"I signed up for income-based repayment and have provided all the necessary information. I have been on a salary for 5 plus years and nothing has changed, yet they increase my payment every three months. Navient will not work with me and will not listen to when I tell them just because I am a business owner, my K1 form for taxable income for a business profit IS NOT income that I actually receive I just have to pay the taxes on it. Then one loan with the co-signer ( XXXX XXXX ) filed bankruptcy and in her bankruptcy paperwork, it had navient in there as one of the loans that would be paid off through payments received from bankruptcy. Navient repeatedly incorrectly applied those payments to my other loan that she was not the cosigner on. The bankruptcy paperwork indicated that it would pay that loan off in full and it did not. I can not seem to make them understand that I have no change in income and that what the business makes DOES NOT change what I bring home monthly. I feel like going to college was the biggest mistake of my life.",Consumer loan,Medium,
10873,"On XX/XX/XXXX, I was issued a loan from XXXX for {$600.00}. To date, I have paid {$390.00} which has cleared and posted plus another {$130.00} which is in process for a total of {$520.00} ( 4 payments of {$130.00} ). Per South Carolina law ( where I reside ), payday loan lenders can only charge up to {$15.00} per {$100.00}. On {$600.00} loan, the fees collected should be {$90.00}. Once I make my fifth payment of {$130.00} on XX/XX/XXXX, I will have paid {$650.00}. To pay the {$90.00} fee, I would owe a remaining amount of {$32.00}. I will pay that amount on XX/XX/XXXX. 
 
 The XXXX website states I still owe {$670.00}. For a {$600.00} loan with a {$90.00} fee, my amount to pay would be {$690.00}. With the {$390.00} which has already cleared, to collect another {$670.00} from me would mean XXXX will receive {$1000.00} on a {$600.00} loan. 
 This is PREDATORY, OBSCENE and APPALLING!!! XXXX preys on individuals in dire financial situations and profits astronomically and excessively on those situations. It is DISGUSTING and CRIMINAL. 
 
 Once my fourth payment ( XX/XX/XXXX ) and fifth payment ( XX/XX/XXXX ) of {$130.00} each are posted to my account, I will only owe {$32.00} to pay back {$690.00}. I will pay that on XX/XX/XXXX. At that time, I want my account marked "" Current/Paid in Full/Closed ''.",Consumer loan,High,
10877,"This is XXXX XXXX and I am submitting this complaint about recent disputes sent to the 3 Credit Bureaus about erroneous information on my credit report. Regardless of the multiple written requests, the inaccurate accounts listed below are still reported on my credit report in violation of federal law. Please remove or update the following accounts completely from my Credit Reports : XXXX XXXX XXXX Balance : {$9700.00} XXXXXXXX XXXX Balance : {$0.00} XXXX XXXX Balance : {$8800.00} XXXX XXXX XXXX Balance : {$0.00} XXXX XXXXBalance : {$3200.00} XXXX, XXXX & XXXX ( Original Creditor XXXX XXXX XXXX XXXX XXXX Balance : {$6800.00} XXXX XXXX XXXX ( Original Creditor : XXXX XXXX ) XXXX Balance : {$0.00} XXXX XXXX XXXX XXXXBalance : {$0.00} XXXX XXXX XXXX Balance : {$0.00} XXXX XXXXBalance : {$20000.00} XXXX XXXXBalance : {$0.00}",Credit reporting,High,
10887,"In accordance with the Fair Credit Reporting act XXXX Account, has violated my rights. 
 15 U.S.C 1681 section 602 A. States I have the right to privacy.
 
 15 U.S.C 1681 Section 604 A Section 2 : It also states a consumer reporting agency can not furnish a account without my written instructions",Credit reporting,High,
10889,"on XX/XX/XXXX at XXXX i received {$2500.00} by cashapp, i did not expect these funds and sent them back to the sender at XXXX. these funds were never deposited into my personal bank account but only came in to my cashapp wallet and left XXXX minutes later. a month later, cash app debited {$2500.00} from my personal chase account claiming there was a dispute with this payment. i have not be able to resolve this issue and cashapp customer support is poor to say the least",Money transfer or service,High,
10900,"I am livid how Wells Fargo has handle my loan. I have tried to re-apply for a modification numerals times and Wells Fargo refuses to review my loan for a modification. I have tried to work directly with them but they have hang up my call many times when I start questioning them in regards to my loan. I do not want to lose my house I have an active sale date for XXXX/XXXX/16. Wells Fargo refused to withdraw the mortgage payment out of the automatic system, my cousin XXXX had activated before he pass. It has been really stressful to keep up with the mortgage payment because I was paying half of the mortgage when my cousin was alive.",Mortgage,High,
10901,"i got behind on my mortgage payments during covid 19 but was lucky enought to come up with the money need ed to get my mortgage current in XXXX of this year and made two payments totally over XXXX dollars to freedom mortgage in two separate payments, i have been talking with the company about the missing payments and sent proof of payment to them two separate times and yet my mortgage still shows delinquent and i can not seem to get any traction to get the problem fixed. just seem to get the run around and they have promised to get it taken care of for weeks, but after countless phone conversations i have decided to up the ante.",Mortgage,High,
10904,"Complaint Title : Missing Down Payment Credit / Incorrect Auto Loan Balance Dealer Fraud Investigation I am filing a formal complaint regarding an auto loan account that appears to reflect an incorrect principal balance due to a missing down payment credit of {$6000.00} made at the time of vehicle purchase. On or about XX/XX/year> I purchased a XXXX vehicle in XXXX through a licensed dealership. At the time of purchase, I made a {$6000.00} down payment, which was part of the agreed sales transaction. However, I have recently discovered that the lenders payoff statement and loan records do not reflect this down payment being applied to the loan. I contacted the loan servicer/lender to request clarification of my payoff amount after the vehicle was declared a total loss through a XXXX rental claim. The lender advised me that the current payoff balance is approximately {$17000.00} and stated they have no record of receiving or applying the {$6000.00} down payment. The dealership that facilitated this transaction has reportedly been shut down due to fraudulent activity, which raises serious concerns that my down payment was either not properly transmitted to the lender or was misrepresented in the financing documents. I am requesting the following : XXXX.A full investigation into the loan funding file, including all dealer remittance records XXXXWritten documentation showing how the {$6000.00} down payment was applied XXXXA corrected loan balance and payoff statement reflecting the accurate financed amount XXXXIdentification of any discrepancies between the retail sales contract and lender funding documents XXXXIf fraud or misapplication occurred, appropriate correction of the loan and/or restitution This issue is time-sensitive due to an active insurance/Turo total loss claim, and failure to resolve the accurate payoff amount may result in financial harm. I am requesting a formal response and resolution.",Consumer loan,High,
10914,"I have had an ongoing dispute with my Discover credit card concerning services that were allegedly rendered on XX/XX/XXXX by a local veterinarian office. I was able to obtain electronic medical records from the office after the attorney general of Kansas subpoenaed them from the vet office. The records had a date of XX/XX/XXXX however the electronic medical records time stamp was XX/XX/XXXX, showing they were generated a month after the tests were allegedly done. I called the vet office to inquire why this was and was interrogated as to how I received these records. I informed them that the attorney general sent them to me. They then threatened legal action if I contacted their office again. I presented these records to Discover and fully believed I would receive a refund since I proved the medical records were fabricated a month after they should have been. Discover, however, keeps siding with the merchant, even though I have proven the merchant has fabricated and generated these records a month after the death of the animal. I want the money refunded immediately.",Credit card,High,
10933,"Purchased car insurance using PayPal Credit Card in the amount of {$760.00}. Prior to purchase, received and screenshot from website, information about using the card to make purchases and how all credit card purchases online or off would be covered under the 6 month no interest if the amount is over {$140.00}. Company refused to stand by its advertising.",Credit card,High,
10945,"Hi, I signed up for an online business training program for {$2000.00} onetime payment or a {$2400.00} XXXX time payment with a guaranteed result to either earning our investment back within XXXX weeks or receive a refund. The only condition for such a guarantee was participation in the program. 
 Many impressive stats and testimonials were presented to convince the would be participants of the the workability of the program through a big promotional push toward a once a year opportunity that was about to expire. 
 Proximately XXXX people signed up starting in the XXXX of 2021 consisting of many seniors and low-income people who were lured into paying for a big pie in the sky that were not delivered. 
 After the presale push and the start of the program many hoops and conditions were gradually introduced into their well-oiled deceptive psychology of marketing that we were not aware of before signing up ; conditions and requirements that if they were openly revealed to us before signing up we would have never participated. 
 Currently many of the "" helpless participant '' are left with an empty bag full of nothing but lots of hype filled with a bombardment of hallow ideas of online money-marketing ideas. 
 I have prepared a document regarding this case and have submitted to PayPal Credit, which is managed by Synchrony Bank. I have followed up with MANY phone calls and they have badly handled my claim, through a series of employees ' errors, but also reversing their decision after resolving it in my favor giving me no logical answers for doing so. 
 It appears that my XXXX GB attached document to Synchrony Bank has not been carefully reviewed to detect the fraudulent practice of "" Live Your Massage '' as a company and return my funds back to my account. 
 My complaint is about "" Live Your Message '' as well as the Synchrony Bank known more as PayPal Credit. My attached file- if reviewed properly- is a document that will win with hands down in a court of law.",Credit card,Medium,
10950,"I first received a bill for I believe over {$3000.00} worth of damages from XXXX XXXX XXXX XXXX that were mine. I told XXXX that I was shocked to hear this as I did not damage the vehicle at all. After contacting my former insurance company ( XXXX ), they investigated the matter and found that XXXX failed to conduct a final walk-thru with me, therefore I was not liable to pay anything because there was no proof that the damages were done by me. 
 
 One XXXX was made aware of this, they sent me a bill for the {$750.00} stating that this was the amount I owed for the damages done to the vehicle. I explained to XXXX that XXXX XXXX notified them and myself already, stating that I did not owe any money due to there not being any proof that the vehicles damage came from me. XXXX continued to send me bills for {$750.00} for which I was told I do not owe and will not pay. Currently, the bill is with Transworld Systems Inc., a debt collect agency.",Debt collection,High,
10951,"I purchased a corporate kit on XX/XX/2021, from XXXX, the total amount of {$85.00} was charged to my XXXX account ( See doc 1 original receipt ). On XX/XX/2021, I mailed a money order in the amount of {$85.00} to cover the entire balance of the purchase ( See doc 3 XXXX XXXX. I received an email statement dated XX/XX/2021, for the same amount, with payment due on XX/XX/XXXX ( See doc 2, first statement ). In communicating with the company ( PayPal Credit/Synchrony Bank ), I sent two faxes outlining the payment and where it was sent ( See docs 3 & 4 fax confirmations ). Both faxes included the money order and address, to where it was sent. On Monday XX/XX/2021, I received another email reminding me of my minimum payment ( See doc 5 XXXX XXXX.",Credit card,High,
10957,"I have a loan through Mohela. I was on the XXXX, and I was on XXXX too. I do have a parent plus loan and no one told me that didn't qualify for XXXX because I'm unable to reach a live person. So I decide, I'll just start the standard repayment of XXXX for 15 years, but I can't do it online. I have to speak with someone. Hence this XXXX hour long wait. Right now I'm at XXXX hours and XXXX minutes. I want to do the right thing but in this day and age, I should be able to do everything online. They keep telling me I can choose online, but that is not an option.",Consumer loan,High,
10962,"I've been having trouble adding my other bank information onto my Ally bank account. It would tell me that they were not able to process my transaction at this time. I called Ally Bank on XX/XX/year>, spoke with a gentleman who said they needed to submit the issue to XXXX Department to see what was going on with my account, which made no sense to me. It's just a basic money market savings account. Now it's going on two weeks -- It doesn't take that long. I think they're just trying to buy time.",Bank account or service,High,
10967,"My attorneys and I have been trying to complete the sale of my home. We have been unable since 2015 due to the fact Specialized Loan Service refused and stated to us that Intervening/Mortgage assignment documents does n't exist leaving us with no option but to sit and continue to accumulate unfair fees and SLS lawyer and other fees. When my attorney asked XXXX and her supervisor for SLS attorney information they stated that they could not provide that to him. I have spoken to XXXX, XXXX, XXXX, XXXX, XXXX, XXXX and several other agents. My information continues to be passed and ignored. Today, instead of the mortgage assignment documents being sent to me. I received the mortgage assistance documents not what I asked for. I am a recently divorced mother of XXXX kids with no income due to a medical illness. I need to sell in order to care for my family, bills and my XXXX.",Mortgage,High,
10970,"I have faxed over documents to Midland Funding on XX/XX/2022 for a debt validation for {$610.00} per the Fair debt collection practices act, 15 usc 1692g. I requested they office provide me with competent evidence that I have any legal obligation to pay them. They have failed to provide me that information, instead they provide what looks like an old bill from an unknown address. They also failed To stop telephone contact after my cease and desist to stop phone call attempts. *Documents are attached of what I sent company and what company to to my response*",Debt collection,High,
10971,"On XX/XX/2018, I called University of XXXX, they gave me the number to the collection agency.. I called and was informed that they put my account with ATG Credit. I called and spoke with a lady nd verifies my address, name, social security number and all. I asked her when did they receive the account and all she said was One day last month I never received a debt validation letter from them. They also had my current phone number and still never called me.",Debt collection,High,
10976,"I was shocked to find inaccurate accounts on my credit report this evening, and Im completely clueless as to how they got there. When I checked it as I normally do, I noticed these discrepancies that seemed to appear out of nowhere. I even refreshed my browser, thinking it could be a glitch, but the errors didnt go away. I need assurance that the documents I've submitted will be thoroughly reviewed, so I can finally stop worrying about this.",Credit reporting,High,
10982,"XXXX XXXX. XXXX ( A ) ( XXXX ) A person shall not furnish any information relating to a consumer to any consumer reporting agency if the person knows or has reasonable cause to believe that the information is inaccurate. 
 The names on my credit report personal information are different people different spellings I have never applied for a card under these aliases or a loan under these aliases and addresses",Credit reporting,High,
10983,I XXXX XXXX made a money transfer through zelle a financial institution recommended by XXXX XXXX XXXX for the amount of XXXX dollars the transfer was made to a XXXX XXXX account belonging to my colleague XXXX XXXX zelle allowed the transfer of XXXX dollars only requiring the phone number no other information and transferred that amount to the wrong financial institution XXXX XXXX XXXX. This transaction was made on XX/XX/2019 I Made a claim with XXXX XXXX XXXX. Bank institution this claim was made on the XX/XX/2019 the claim came back denied on the XX/XX/2019. I was later informed by calling chase about the denied claim that that amount of money is now lost.,Money transfer or service,High,
10989,"I cant repay this I asked for lower payments, when filing for this I was told something by the school which ended up being different I filed Bankruptcy and that was supposed to help but really did not I have tried to work more and XXXX jobs with no luck. Can you help??",Consumer loan,High,
10996,"According to XXXX the Credco is 3rd party mortgage agency ran my credit twice for rehab mortgage, I'm unaware of the signed credit authorization for Credco to run my credit for rehab mortgage are misleading and time wasters.",Credit reporting,High,
